date,precipitation_mean,temperature_mean,fire_area_m2,avg_moisture,drought
2020-01-01,2.1457671550706436e-06,19.607235118126507,0.0,0.3161280012449897,0.0
2020-01-02,3.184156089881729e-06,20.50690063337144,0.0,,
2020-01-03,1.7046927496267017e-06,20.65194249787154,0.0,,
2020-01-04,2.5784656827454455e-06,16.743502245332092,0.0,,
2020-01-05,4.537053222220686e-06,16.40022120927742,0.0,,
2020-01-06,8.52346317969932e-07,23.51370859570987,0.0,,
2020-01-07,0.0,,0.0,,
2020-01-08,1.1939127394493589e-05,20.012980900409303,0.0,,
2020-01-09,0.00010564783786063425,16.826958273238198,0.0,,
2020-01-10,0.0,19.944371587487925,0.0,,
2020-01-11,4.590673649564702e-05,17.169681780117273,0.0,,
2020-01-12,9.504670792437614e-05,19.837372717508078,0.0,,
2020-01-13,1.1715102612063847e-05,19.5008541177755,0.0,,
2020-01-14,1.849836491523905e-05,18.21823992589165,0.0,,
2020-01-15,1.4851067826239544e-05,19.791495784064292,0.0,,
2020-01-16,0.00013353996246199496,,0.0,,
2020-01-17,0.005855471634758022,13.261252131085467,0.0,,
2020-01-18,2.1606576725157246e-06,,0.0,,
2020-01-19,8.52346317969932e-07,,0.0,,
2020-01-20,8.132229410308655e-07,,0.0,,
2020-01-21,0.002080058670956174,15.24150395778366,0.0,,
2020-01-22,1.4415604618989163e-05,20.852561464259242,0.0,,
2020-01-23,1.7150918123893754e-06,14.905634870499096,0.0,,
2020-01-24,1.743562678073315e-06,23.964654174985956,0.0,,
2020-01-25,2.970911086873805e-06,19.493820065944444,0.0,,
2020-01-26,3.289150710088506e-05,,0.0,,
2020-01-27,1.2459082704045864e-05,21.124588309239503,0.0,,
2020-01-28,1.7166138377433526e-06,17.44843159812101,0.0,,
2020-01-29,2.568094714661129e-06,24.06782933619893,0.0,,
2020-01-30,8.553258226129401e-07,,0.0,,
2020-01-31,4.351138045421976e-07,27.023006927928893,0.0,,
2020-02-01,2.5678159545350354e-06,24.321306247269572,0.0,0.3145134563322354,0.0
2020-02-02,4.5031464424027945e-07,24.174592988112078,0.0,,
2020-02-03,7.547558617609846e-05,9.590000000000032,0.0,,
2020-02-04,2.9802436074533034e-09,19.4045216874629,0.0,,
2020-02-05,8.52346317969932e-07,17.836143169807322,0.0,,
2020-02-06,1.3033928780714632e-06,22.152734835355318,0.0,,
2020-02-07,0.0,23.728263451594763,0.0,,
2020-02-08,1.1129265033588957e-05,,0.0,,
2020-02-09,0.00529123195942412,,0.0,,
2020-02-10,0.0010509237330010596,21.932813830865985,0.0,,
2020-02-11,8.52346317969932e-07,25.30212992067058,0.0,,
2020-02-12,1.4863630805480847e-06,23.183978632901407,0.0,,
2020-02-13,0.0,19.876885669943135,0.0,,
2020-02-14,2.664200734854719e-06,23.96273924406919,0.0,,
2020-02-15,1.4708397222065325e-06,22.964792754464018,0.0,,
2020-02-16,9.545237805875156e-06,25.688310965964213,0.0,,
2020-02-17,2.2894523490225418e-06,20.541996271555092,0.0,,
2020-02-18,0.0,25.980064805837667,0.0,,
2020-02-19,3.156687341888368e-05,24.10002176278566,0.0,,
2020-02-20,1.4822533790101396e-06,27.893799931883436,0.0,,
2020-02-21,8.523463748133508e-07,16.734476051035376,0.0,,
2020-02-22,0.0013790190218855968,,0.0,,
2020-02-23,0.00015398872655014007,22.74531433432585,0.0,,
2020-02-24,2.5717307039485604e-06,22.74875671773485,0.0,,
2020-02-25,8.553265615773853e-07,30.931171481315207,0.0,,
2020-02-26,8.553266184208042e-07,25.512629565882616,0.0,,
2020-02-27,0.0,21.468531073446364,0.0,,
2020-02-28,8.52346317969932e-07,14.900111839568092,0.0,,
2020-02-29,1.7059372794392402e-06,23.232370843509344,0.0,,
2020-03-01,0.000610782935218788,20.261747755272538,0.0,0.3156463101315796,0.0
2020-03-02,0.0013539151941453131,25.778035363457793,0.0,,
2020-03-03,1.7237575775652658e-06,32.00871854915054,0.0,,
2020-03-04,0.0,23.786083057020186,0.0,,
2020-03-05,0.0,26.942228623408166,0.0,,
2020-03-06,2.1480499380167676e-06,24.521562816901433,0.0,,
2020-03-07,0.00042158542791973576,22.586171814458133,0.0,,
2020-03-08,6.851615934987847e-05,25.214433655338123,0.0,,
2020-03-09,1.8946033388272825e-06,,0.0,,
2020-03-10,0.009893881957581702,,0.0,,
2020-03-11,0.008669639838480025,,0.0,,
2020-03-12,0.01361410262738005,,0.0,,
2020-03-13,0.034174205077455395,,0.0,,
2020-03-14,0.004396080083001301,,0.0,,
2020-03-15,0.0013893384882744321,,0.0,,
2020-03-16,0.0044617057480710615,-1.329999999999984,0.0,,
2020-03-17,0.011199987632161606,20.313194180898197,0.0,,
2020-03-18,0.0007449764685363933,,0.0,,
2020-03-19,0.0011375069617997724,20.795428472302568,0.0,,
2020-03-20,0.0022388491971544176,,0.0,,
2020-03-21,0.002657173402135558,28.888385992928047,0.0,,
2020-03-22,0.0008103005429531665,23.490054364240443,0.0,,
2020-03-23,0.01473649765572563,28.109664752444534,0.0,,
2020-03-24,0.0002715585079598934,19.930608348135024,0.0,,
2020-03-25,0.0005501766788198592,27.53524283935246,0.0,,
2020-03-26,0.0005940845038028474,27.46805247174792,0.0,,
2020-03-27,7.1312962694371e-05,26.635047401774415,0.0,,
2020-03-28,1.0723128890818538e-06,24.64357008202989,0.0,,
2020-03-29,0.00023179352273245966,24.775118102518896,0.0,,
2020-03-30,2.7467595770003946e-06,33.51348176506149,0.0,,
2020-03-31,1.3004656125303882e-06,,0.0,,
2020-04-01,8.92801487699468e-08,32.83373402576249,0.0,0.31701641098829575,0.0
2020-04-02,0.0001350847329476021,28.81723949178931,0.0,,
2020-04-03,2.186097949537183e-05,29.55460632199024,0.0,,
2020-04-04,6.436118001897255e-05,28.621150051306362,0.0,,
2020-04-05,0.0017034009415029454,21.074847775175662,0.0,,
2020-04-06,0.021341971133617643,,0.0,,
2020-04-07,0.002542935216578168,,0.0,,
2020-04-08,0.008228256157001687,26.272799019607877,0.0,,
2020-04-09,0.011785430096565408,,0.0,,
2020-04-10,0.01721694621031847,,0.0,,
2020-04-11,0.0006262254207692248,30.45794041647671,0.0,,
2020-04-12,0.0009273811595100616,5.07000000000005,0.0,,
2020-04-13,0.0004623487908221017,29.14007960808331,0.0,,
2020-04-14,6.130908397918051e-06,26.69378860867103,0.0,,
2020-04-15,8.583068797918258e-07,36.65937686990614,0.0,,
2020-04-16,8.583068833445395e-07,31.455649295704557,0.0,,
2020-04-17,0.0009476162090523524,,0.0,,
2020-04-18,0.0002780355939849637,27.837657754010728,0.0,,
2020-04-19,2.3485498225435293e-06,30.024906898575505,0.0,,
2020-04-20,0.00028192902345299355,31.51634127294028,0.0,,
2020-04-21,4.956208634797455e-05,29.4817493343852,0.0,,
2020-04-22,0.0,36.65539289078384,0.0,,
2020-04-23,0.0,33.97326429645441,0.0,,
2020-04-24,8.583068797918258e-07,40.83158036759841,0.0,,
2020-04-25,8.523463215226457e-07,38.29505499807027,0.0,,
2020-04-26,8.92801487699468e-08,34.35600652638689,0.0,,
2020-04-27,0.0,34.91992621790989,0.0,,
2020-04-28,0.0,35.22921543722525,0.0,,
2020-04-29,1.7046927496267017e-06,,0.0,,
2020-04-30,1.3821936732182515e-06,25.170000000000016,0.0,,
2020-05-01,3.947856573447286e-06,37.95923735643767,0.0,0.31434641250311657,0.0
2020-05-02,8.583068797918258e-07,34.18369724860472,0.0,,
2020-05-03,8.52346317969932e-07,37.20078481763371,0.0,,
2020-05-04,3.868341423185484e-06,37.40304719749343,0.0,,
2020-05-05,-2.401736765023088e-08,38.41686775172963,0.0,,
2020-05-06,0.0,40.404635301229135,0.0,,
2020-05-07,0.0,37.17580815898538,0.0,,
2020-05-08,8.285045574041305e-07,39.707470438557145,0.0,,
2020-05-09,0.0,33.286596816441715,0.0,,
2020-05-10,9.083557634758738e-06,,0.0,,
2020-05-11,1.5758580349861308e-05,34.067745573251585,0.0,,
2020-05-12,0.0006675040467233343,,0.0,,
2020-05-13,0.0,35.96852916230107,0.0,,
2020-05-14,0.0,31.418392484342426,0.0,,
2020-05-15,8.52346317969932e-07,37.84394001764189,0.0,,
2020-05-16,0.0,32.755433448408155,0.0,,
2020-05-17,8.583068797918258e-07,39.946168073984744,0.0,,
2020-05-18,0.0016669540329182402,,0.0,,
2020-05-19,8.899461715779405e-05,35.241472144413336,0.0,,
2020-05-20,1.7225741544280027e-06,35.202179098443544,0.0,,
2020-05-21,0.0,37.077016524596445,0.0,,
2020-05-22,0.0,38.97291929623258,0.0,,
2020-05-23,2.403531936888999e-05,31.12909610925022,0.0,,
2020-05-24,8.622910812050577e-07,38.754164656212346,0.0,,
2020-05-25,0.0,33.44154462417719,0.0,,
2020-05-26,1.7267087741856812e-06,36.778950867703415,0.0,,
2020-05-27,8.821486972010462e-07,33.56843245539512,0.0,,
2020-05-28,8.151062072580857e-06,,0.0,,
2020-05-29,6.826532647964802e-05,,0.0,,
2020-05-30,6.403580614774678e-05,33.06914272592746,0.0,,
2020-05-31,2.2862819865384183e-06,33.23255575868378,0.0,,
2020-06-01,0.0,,0.0,0.3128345885451719,0.0
2020-06-02,8.388814194404404e-07,33.400305102128044,0.0,,
2020-06-03,5.757047729469165e-06,34.8164063272368,0.0,,
2020-06-04,1.0667963181125538e-06,35.747197431520796,0.0,,
2020-06-05,0.00046626202603603927,,0.0,,
2020-06-06,0.00015327874530230278,31.917975587586064,0.0,,
2020-06-07,6.122792020757148e-06,38.85121230737729,0.0,,
2020-06-08,0.0,36.08506266540173,0.0,,
2020-06-09,8.52346317969932e-07,48.742115950706015,0.0,,
2020-06-10,4.351138045421976e-07,39.459722122348396,0.0,,
2020-06-11,0.0,43.433103465929484,0.0,,
2020-06-12,3.155935668319022e-06,35.81401596440726,0.0,,
2020-06-13,0.0,36.91346937733058,0.0,,
2020-06-14,8.523463748133508e-07,38.63565393167579,0.0,,
2020-06-15,1.7107572034547047e-06,36.08204342894187,0.0,,
2020-06-16,2.7862902108483195e-05,,0.0,,
2020-06-17,2.4398334557809766e-05,,0.0,,
2020-06-18,1.2368011751258311e-05,,0.0,,
2020-06-19,1.02079839197881e-05,29.524269916673177,0.0,,
2020-06-20,7.908104297170444e-05,,0.0,,
2020-06-21,4.405146381665698e-05,35.274289776979536,0.0,,
2020-06-22,1.3350299064149246e-05,31.82568462268631,0.0,,
2020-06-23,2.5255882993657535e-06,34.92582693947148,0.0,,
2020-06-24,9.462110539700123e-06,,0.0,,
2020-06-25,2.797319122203376e-05,,0.0,,
2020-06-26,4.7081328310793086e-07,31.5068766358402,0.0,,
2020-06-27,1.1096609399673786e-06,34.59671312189377,0.0,,
2020-06-28,7.569758502618338e-05,,0.0,,
2020-06-29,0.0006316525460006425,35.48302898234915,0.0,,
2020-06-30,3.2375467584488236e-06,37.51387735486355,0.0,,
2020-07-01,7.613504318815623e-05,,0.0,0.31143829745318174,0.0
2020-07-02,2.2837359585024542e-05,39.142680079864874,0.0,,
2020-07-03,8.583068620282575e-07,33.648326955679366,0.0,,
2020-07-04,4.351138045421976e-07,41.914907784310806,0.0,,
2020-07-05,1.690017882083339e-06,40.006835099575106,0.0,,
2020-07-06,1.7106532936850272e-06,41.65742907540795,0.0,,
2020-07-07,0.0,39.66527281721497,0.0,,
2020-07-08,0.0,37.928321977420815,0.0,,
2020-07-09,4.287450513963468e-06,41.17764604811,0.0,,
2020-07-10,1.9828691678257917e-06,35.30149513417874,0.0,,
2020-07-11,8.52346317969932e-07,41.29495571596788,0.0,,
2020-07-12,8.523463748133508e-07,36.03057558196644,0.0,,
2020-07-13,8.553266184208042e-07,41.71981782925962,0.0,,
2020-07-14,8.120118313449458e-06,38.11328027402781,0.0,,
2020-07-15,3.9938711552167655e-06,38.56089570796243,0.0,,
2020-07-16,1.945774600959857e-06,38.965747078895696,0.0,,
2020-07-17,5.309188517254912e-06,34.44377984281551,0.0,,
2020-07-18,0.0,38.78642655651827,0.0,,
2020-07-19,6.029580501799887e-07,29.819415477843734,0.0,,
2020-07-20,7.554593441619409e-06,39.83062130911621,0.0,,
2020-07-21,1.3643122684169505e-06,35.86257425222105,0.0,,
2020-07-22,6.0615387368709475e-06,,0.0,,
2020-07-23,6.380867450795275e-06,33.52092433697351,0.0,,
2020-07-24,1.4385010284033408e-06,34.14672153325818,0.0,,
2020-07-25,8.633796204911901e-07,39.239231303657405,0.0,,
2020-07-26,1.6005749398089468e-06,34.23113207547173,0.0,,
2020-07-27,4.1350405217206405e-06,35.44541575757579,0.0,,
2020-07-28,1.594108722501721e-06,30.914194890764076,0.0,,
2020-07-29,2.2460789150887223e-06,37.49334329588788,0.0,,
2020-07-30,8.290181655014593e-06,35.61225406935602,0.0,,
2020-07-31,4.7436341751660055e-07,38.14038624495027,0.0,,
2020-08-01,8.702277796146518e-07,40.58448011058214,0.0,0.3103037934083649,0.0
2020-08-02,5.959830385573366e-07,33.84491735537193,0.0,,
2020-08-03,4.221784307601604e-06,36.49076963688628,0.0,,
2020-08-04,1.3727573791874555e-06,30.629175009172442,0.0,,
2020-08-05,2.4732757121958633e-05,,0.0,,
2020-08-06,2.4321796164461744e-05,34.387206387709746,0.0,,
2020-08-07,0.0,38.61406711138067,0.0,,
2020-08-08,2.678404463098404e-07,37.2456991738868,0.0,,
2020-08-09,1.8065187525299985e-06,36.916598207798536,0.0,,
2020-08-10,2.0346970968796782e-07,38.78321841411481,0.0,,
2020-08-11,2.950683548194315e-06,31.97898510394503,0.0,,
2020-08-12,3.0787700279204803e-06,39.59965360355707,0.0,,
2020-08-13,9.392114990547231e-05,,0.0,,
2020-08-14,8.44166486137723e-07,40.317884093585256,0.0,,
2020-08-15,0.0,35.94774838112861,0.0,,
2020-08-16,0.0,40.289532581517626,0.0,,
2020-08-17,8.92801487699468e-08,29.610000000000014,0.0,,
2020-08-18,4.410743663640915e-07,36.06707710363832,0.0,,
2020-08-19,2.983118196908663e-06,41.57789064079242,0.0,,
2020-08-20,2.5858528260869207e-06,35.46153414452448,0.0,,
2020-08-21,8.319931907863065e-07,38.61538429794702,0.0,,
2020-08-22,8.616939020100745e-07,36.68019102486358,0.0,,
2020-08-23,1.7134715655231503e-06,38.645767907413244,0.0,,
2020-08-24,7.740994717212433e-07,,0.0,,
2020-08-25,9.34879830543031e-06,34.189977180114134,0.0,,
2020-08-26,3.1382478543027317e-06,38.21369150431819,0.0,,
2020-08-27,0.0,35.41742951745631,0.0,,
2020-08-28,8.52346317969932e-07,38.865481099656385,0.0,,
2020-08-29,3.702843437902489e-06,34.79841133365906,0.0,,
2020-08-30,1.0600748459318251e-06,38.12342563644487,0.0,,
2020-08-31,5.1188975183496475e-06,35.79503694945317,0.0,,
2020-09-01,9.07512421303607e-06,35.140632574637934,0.0,0.30957324465804237,0.0
2020-09-02,6.029580501799887e-07,35.17569874769247,0.0,,
2020-09-03,3.3424255695748837e-06,34.15507688403962,0.0,,
2020-09-04,1.520428371504943e-06,36.999115625631724,0.0,,
2020-09-05,1.698198502708692e-06,35.37171219699889,0.0,,
2020-09-06,1.2858401419180154e-06,45.33187977482913,0.0,,
2020-09-07,1.773428408236494e-06,34.53702674844101,0.0,,
2020-09-08,0.0001245031330424663,,0.0,,
2020-09-09,1.2984554636437058e-05,32.15618595500817,0.0,,
2020-09-10,1.0428275330962198e-06,22.060041841004224,0.0,,
2020-09-11,0.0,31.846971640955175,0.0,,
2020-09-12,0.0,23.36605228758172,0.0,,
2020-09-13,1.1903174380038648e-06,34.0467729289178,0.0,,
2020-09-14,8.52346317969932e-07,32.32003224230585,0.0,,
2020-09-15,1.4179563513704473e-06,34.777610961018944,0.0,,
2020-09-16,0.0,37.23184057096906,0.0,,
2020-09-17,4.351138045421976e-07,30.20960373936098,0.0,,
2020-09-18,3.0024913826309785e-06,39.12414813646641,0.0,,
2020-09-19,-1.1920917586394353e-08,34.72422288114656,0.0,,
2020-09-20,1.717666123113304e-06,37.025954381141524,0.0,,
2020-09-21,4.2319288695580326e-07,31.25749377990433,0.0,,
2020-09-22,4.410743663640915e-07,37.653285829795855,0.0,,
2020-09-23,1.4683033557648354e-06,34.22470638128025,0.0,,
2020-09-24,2.169862706610497e-07,38.494872053193674,0.0,,
2020-09-25,2.409929822504714e-06,36.04164215192427,0.0,,
2020-09-26,3.8704973586062164e-07,33.76806124518356,0.0,,
2020-09-27,4.351138045421976e-07,36.41987024221456,0.0,,
2020-09-28,8.92801487699468e-08,31.24236842105268,0.0,,
2020-09-29,7.68454078244294e-06,35.34402139968263,0.0,,
2020-09-30,2.148747398678097e-06,34.60576257938451,0.0,,
2020-10-01,0.0,40.11681150852306,0.0,0.3090145002540348,0.0
2020-10-02,0.0,40.12317750037304,0.0,,
2020-10-03,1.2934207802572928e-06,38.7714560940986,0.0,,
2020-10-04,0.0,37.458283191139095,0.0,,
2020-10-05,0.0,33.85261553487897,0.0,,
2020-10-06,2.453808986530853e-06,37.53608200685072,0.0,,
2020-10-07,2.9115600788846925e-06,30.773682092555358,0.0,,
2020-10-08,7.234231662173539e-06,28.472467443454434,0.0,,
2020-10-09,1.720361249637906e-05,,0.0,,
2020-10-10,7.937753454167791e-05,27.591684280052867,0.0,,
2020-10-11,3.3671551548159285e-06,32.99521411338965,0.0,,
2020-10-12,3.0141636671032757e-06,35.33611684877516,0.0,,
2020-10-13,4.3580138253673795e-07,38.14277137659192,0.0,,
2020-10-14,0.0,33.54888571146833,0.0,,
2020-10-15,0.0,37.91022248303317,0.0,,
2020-10-16,8.380974350075121e-07,32.25378729449974,0.0,,
2020-10-17,1.2834256608584838e-06,35.99769658378818,0.0,,
2020-10-18,3.930101662321094e-07,33.097647028609614,0.0,,
2020-10-19,1.2223531023500208e-05,32.60879794105776,0.0,,
2020-10-20,5.2438137379098445e-06,32.21863044454425,0.0,,
2020-10-21,1.9777961478831323e-06,,0.0,,
2020-10-22,2.0568675181814243e-05,,0.0,,
2020-10-23,6.748767518342418e-06,,0.0,,
2020-10-24,2.636478302326608e-05,,0.0,,
2020-10-25,0.00023006395301666647,,0.0,,
2020-10-26,4.625026697775614e-07,25.779137877373213,0.0,,
2020-10-27,-3.1539570954919327e-09,29.971646474967184,0.0,,
2020-10-28,0.0,29.699717108217346,0.0,,
2020-10-29,9.475870285617727e-07,31.825897172236527,0.0,,
2020-10-30,3.4405547921778634e-06,28.172829818538535,0.0,,
2020-10-31,8.52346317969932e-07,31.44699884879127,0.0,,
2020-11-01,0.0,,0.0,0.3959678775441331,0.0
2020-11-02,4.351138613856165e-07,26.967392438070448,0.0,,
2020-11-03,7.063530758745052e-06,27.83873392427119,0.0,,
2020-11-04,4.26566340341564e-06,29.075403307949767,0.0,,
2020-11-05,1.0399062762673488e-08,,0.0,,
2020-11-06,3.6481179740029744e-06,,0.0,,
2020-11-07,0.0012158052083725336,19.144711656441743,0.0,,
2020-11-08,0.00011768239609738612,18.737921193533325,0.0,,
2020-11-09,2.7981843558375253e-06,23.959360297584773,0.0,,
2020-11-10,1.721102592000534e-06,23.66262495194158,0.0,,
2020-11-11,-8.767074177740142e-09,24.652232891698105,0.0,,
2020-11-12,8.52346317969932e-07,24.468903460262315,0.0,,
2020-11-13,8.523463748133508e-07,22.98280738314977,0.0,,
2020-11-14,4.351138613856165e-07,25.043471690509815,0.0,,
2020-11-15,1.3024215945733886e-06,25.58125268507364,0.0,,
2020-11-16,1.708582431092509e-06,31.9640587616998,0.0,,
2020-11-17,3.8575223584302876e-06,24.878093994778112,0.0,,
2020-11-18,5.968327172438952e-06,25.212431494110387,0.0,,
2020-11-19,2.3006568563745373e-05,23.272575704489736,0.0,,
2020-11-20,2.2786728879238697e-06,,0.0,,
2020-11-21,4.351138045421976e-07,23.419574395641845,0.0,,
2020-11-22,0.0,22.849934719535806,0.0,,
2020-11-23,2.9529662842446185e-06,16.07000000000005,0.0,,
2020-11-24,2.402574446652115e-06,22.387136272545124,0.0,,
2020-11-25,6.489894093927897e-05,19.79000000000002,0.0,,
2020-11-26,2.9158338587334816e-05,22.74063556390237,0.0,,
2020-11-27,0.0,23.07860050251259,0.0,,
2020-11-28,4.351138045421976e-07,25.260893684106826,0.0,,
2020-11-29,0.0,23.257076186160944,0.0,,
2020-11-30,4.351138045421976e-07,26.316547565877645,0.0,,
2020-12-01,0.0,22.002731786292536,0.0,0.3957904657607235,0.0
2020-12-02,2.1576879589702003e-06,24.944257057181307,0.0,,
2020-12-03,-2.3842403606977314e-08,22.559078795772216,0.0,,
2020-12-04,8.553265615773853e-07,24.284909050078635,0.0,,
2020-12-05,5.684341886080802e-14,22.903569413661128,0.0,,
2020-12-06,1.2993811537853617e-06,21.667849217206303,0.0,,
2020-12-07,0.0,,0.0,,
2020-12-08,0.0,19.27000000000004,0.0,,
2020-12-09,8.583068833445395e-07,24.364221061792907,0.0,,
2020-12-10,7.3462090593703245e-06,19.360630264893974,0.0,,
2020-12-11,1.8331345086501015e-05,15.878004179728334,0.0,,
2020-12-12,5.925652828622371e-06,,0.0,,
2020-12-13,1.2956400680311761e-06,13.355026455026488,0.0,,
2020-12-14,6.81865087459939e-05,21.312182521959244,0.0,,
2020-12-15,0.0,21.455081847944744,0.0,,
2020-12-16,2.5749205292413535e-06,23.719323997582144,0.0,,
2020-12-17,1.6153491802915014e-06,16.6532257462687,0.0,,
2020-12-18,8.52346317969932e-07,22.483262139834814,0.0,,
2020-12-19,0.0,22.82412405658024,0.0,,
2020-12-20,8.583068797918258e-07,23.841199031600436,0.0,,
2020-12-21,2.14601732295705e-06,26.526042120551956,0.0,,
2020-12-22,-3.230525180697441e-09,21.090428259286274,0.0,,
2020-12-23,8.52346317969932e-07,,0.0,,
2020-12-24,0.0005675922681921583,,0.0,,
2020-12-25,1.2845866876887158e-06,23.782419605004694,0.0,,
2020-12-26,2.1516208903449296e-06,20.174482995197522,0.0,,
2020-12-27,2.617468220647579e-05,,0.0,,
2020-12-28,0.016684388480185598,,0.0,,
2020-12-29,0.002527166527398123,16.806976967986174,0.0,,
2020-12-30,8.52346317969932e-07,19.28314368130505,0.0,,
2020-12-31,8.55796315590851e-07,17.937840607210667,0.0,,
2021-01-01,0.0,21.235731017568472,0.0,0.40221093668874375,0.0
2021-01-02,0.0,16.67286923692945,0.0,,
2021-01-03,1.6155775552199258e-05,16.57776017481566,0.0,,
2021-01-04,9.056228170140187e-06,18.73404031332637,0.0,,
2021-01-05,4.0683213598321285e-05,16.619799516564807,0.0,,
2021-01-06,8.583068833445395e-07,20.40628199371354,0.0,,
2021-01-07,0.0,,0.0,,
2021-01-08,8.583068797918258e-07,19.669696735262292,0.0,,
2021-01-09,7.21354841719771e-06,17.83283498389217,0.0,,
2021-01-10,1.2818258168640856e-06,16.57073974730009,0.0,,
2021-01-11,1.7225742112714215e-06,22.11622344071285,0.0,,
2021-01-12,2.572633036379557e-06,20.74396358460355,0.0,,
2021-01-13,8.52346317969932e-07,,0.0,,
2021-01-14,8.52346317969932e-07,25.405545401288837,0.0,,
2021-01-15,0.0,27.021115380825723,0.0,,
2021-01-16,0.0,20.610000000000014,0.0,,
2021-01-17,0.0,28.604254989142827,0.0,,
2021-01-18,4.351138045421976e-07,22.112956179622884,0.0,,
2021-01-19,7.910931364018865e-05,22.643665618919346,0.0,,
2021-01-20,1.9804848001358358e-05,23.976827683763847,0.0,,
2021-01-21,0.0,25.02634281581486,0.0,,
2021-01-22,0.0001245416225271022,18.49319811995507,0.0,,
2021-01-23,0.005327493649745646,,0.0,,
2021-01-24,0.00497757094971677,19.322448236292,0.0,,
2021-01-25,0.003295159973996751,,0.0,,
2021-01-26,1.1741417417271534e-05,19.267810981284295,0.0,,
2021-01-27,7.71613820983901e-06,,0.0,,
2021-01-28,1.7033675769991842e-05,22.01520174415038,0.0,,
2021-01-29,0.03638144400365708,,0.0,,
2021-01-30,0.00012194037826194735,18.6963617685108,0.0,,
2021-01-31,4.351138045421976e-07,10.941084337349439,0.0,,
2021-02-01,1.2818524055546732e-06,,0.0,0.4033691244491084,0.0
2021-02-02,1.2814997489840607e-06,23.709696282417934,0.0,,
2021-02-03,3.232248856265675e-06,,0.0,,
2021-02-04,4.990557349967585e-06,19.379817273153247,0.0,,
2021-02-05,5.32846494711811e-06,21.494775553003482,0.0,,
2021-02-06,1.2891325695818523e-06,23.53717129271263,0.0,,
2021-02-07,1.2934457913615915e-06,22.55579578506917,0.0,,
2021-02-08,3.622698457963858e-06,21.587493110895988,0.0,,
2021-02-09,2.9597891115217665e-05,,0.0,,
2021-02-10,2.4712719815842646e-05,,0.0,,
2021-02-11,7.351028144098756e-07,16.9004538751434,0.0,,
2021-02-12,0.0008058456663366571,21.321817112613953,0.0,,
2021-02-13,1.3745718711638897e-05,,0.0,,
2021-02-14,2.5794424800551496e-06,21.1653875346665,0.0,,
2021-02-15,8.486429123877315e-07,,0.0,,
2021-02-16,1.3925674011503322e-05,17.572220147318227,0.0,,
2021-02-17,1.7046927496267017e-06,23.802737500000013,0.0,,
2021-02-18,4.351138045421976e-07,,0.0,,
2021-02-19,0.0,21.830768424363175,0.0,,
2021-02-20,1.2548553182723672e-05,24.45783411072806,0.0,,
2021-02-21,0.0,26.22224573448791,0.0,,
2021-02-22,2.9967990258228383e-06,29.951502978463452,0.0,,
2021-02-23,8.523453516318114e-07,29.173620663986924,0.0,,
2021-02-24,8.52346317969932e-07,27.873587280037626,0.0,,
2021-02-25,0.0,27.811094240055784,0.0,,
2021-02-26,8.52346317969932e-07,25.035822154082048,0.0,,
2021-02-27,1.2884902389487252e-06,28.110785795991465,0.0,,
2021-02-28,1.7046927496267017e-06,18.485568450462107,0.0,,
2021-03-01,4.351138045421976e-07,29.03637728882906,0.0,0.4042444470445666,0.0
2021-03-02,0.0,29.007377198302045,0.0,,
2021-03-03,0.004322577600783489,,0.0,,
2021-03-04,0.00017226604694929422,26.240037396401885,0.0,,
2021-03-05,1.2904405366498395e-06,28.370794489984,0.0,,
2021-03-06,7.641315460205077e-06,28.339278662099577,0.0,,
2021-03-07,1.2526486691367996e-05,,0.0,,
2021-03-08,0.0002805744079819124,27.55558048980431,0.0,,
2021-03-09,1.1535401039935173e-06,23.703867468691474,0.0,,
2021-03-10,0.011141300962315007,21.837166386554657,0.0,,
2021-03-11,0.012048611552123193,19.32786759202561,0.0,,
2021-03-12,0.002586851601905011,24.53013297433928,0.0,,
2021-03-13,0.00029816232635834663,26.49885337875073,0.0,,
2021-03-14,8.615885528749284e-05,,0.0,,
2021-03-15,0.0037510015856863452,19.354088631555538,0.0,,
2021-03-16,0.00016577611578271745,23.192796915167122,0.0,,
2021-03-17,4.351138613856165e-07,26.58156435853869,0.0,,
2021-03-18,0.00011634642763254381,25.75531616654557,0.0,,
2021-03-19,3.003499841724988e-06,29.567728882901793,0.0,,
2021-03-20,0.0013046241820671989,28.300536013400357,0.0,,
2021-03-21,1.0493841486134036e-05,28.00089156864684,0.0,,
2021-03-22,0.0,29.757057223453575,0.0,,
2021-03-23,7.567126597900533e-06,23.230110136651042,0.0,,
2021-03-24,7.410696109963418e-06,31.732846768337,0.0,,
2021-03-25,4.124571659245857e-05,17.772364016736432,0.0,,
2021-03-26,6.196815916335077e-05,29.206989084293543,0.0,,
2021-03-27,2.575286202954885e-06,31.37847786537299,0.0,,
2021-03-28,1.2806219729100121e-06,35.816872614749904,0.0,,
2021-03-29,1.7092575603783189e-06,32.36252967322818,0.0,,
2021-03-30,8.52346317969932e-07,29.948036359826087,0.0,,
2021-03-31,1.707727676603099e-06,38.408288274527806,0.0,,
2021-04-01,5.29085880122906e-06,,0.0,0.40232867079850165,0.0
2021-04-02,8.67851170301521e-07,35.09871941564081,0.0,,
2021-04-03,4.005604593774169e-06,28.406172699849193,0.0,,
2021-04-04,3.556114414705201e-06,32.40228935671374,0.0,,
2021-04-05,2.7058923326373414e-06,30.545795040662593,0.0,,
2021-04-06,9.471431677384993e-07,25.341082059533402,0.0,,
2021-04-07,0.0,33.87297467730815,0.0,,
2021-04-08,0.0,27.87971800646238,0.0,,
2021-04-09,0.0,34.80932308601835,0.0,,
2021-04-10,0.0,28.50225822409106,0.0,,
2021-04-11,4.351138613856165e-07,,0.0,,
2021-04-12,3.227398031925831e-06,,0.0,,
2021-04-13,0.00016298131625640862,,0.0,,
2021-04-14,0.00021884885235560935,29.885104765817612,0.0,,
2021-04-15,4.076373132657534e-06,26.898083468834724,0.0,,
2021-04-16,2.8123965931781833e-06,34.63441802316685,0.0,,
2021-04-17,4.261732051702438e-07,28.241906123656474,0.0,,
2021-04-18,4.351138045421976e-07,40.82373240852437,0.0,,
2021-04-19,0.0,33.52379647374477,0.0,,
2021-04-20,1.149481915413065e-06,35.60413277542485,0.0,,
2021-04-21,0.00035036941792102565,27.656131540793506,0.0,,
2021-04-22,0.00015917730558704594,,0.0,,
2021-04-23,6.131733857800816e-05,,0.0,,
2021-04-24,4.223940216874364e-05,,0.0,,
2021-04-25,4.075757940596459e-05,27.28720333547149,0.0,,
2021-04-26,0.0005755087162585968,25.871709270433396,0.0,,
2021-04-27,0.0006190089849298524,32.551050433329884,0.0,,
2021-04-28,9.38075551731983e-07,34.418527342179345,0.0,,
2021-04-29,8.583068797918258e-07,39.949601414976854,0.0,,
2021-04-30,4.351138045421976e-07,38.35837819890692,0.0,,
2021-05-01,4.6872078104222073e-07,,0.0,0.3997385401377637,0.0
2021-05-02,5.7226229221262824e-05,35.225233610567535,0.0,,
2021-05-03,1.4163078096039933e-06,29.427418159357668,0.0,,
2021-05-04,2.230989167129758e-06,39.07208774893772,0.0,,
2021-05-05,1.663793806470649e-06,32.543474954370346,0.0,,
2021-05-06,8.31484784384884e-06,34.78158537205638,0.0,,
2021-05-07,4.112422465780696e-05,,0.0,,
2021-05-08,1.5863585979380504e-05,28.59715994020931,0.0,,
2021-05-09,3.571101829764186e-05,26.98239862280035,0.0,,
2021-05-10,0.00011751997560260009,,0.0,,
2021-05-11,3.544726268036686e-05,28.750000000000057,0.0,,
2021-05-12,6.270808104898877e-05,,0.0,,
2021-05-13,5.8594804960300295e-05,11.160000000000025,0.0,,
2021-05-14,2.091456667126004e-05,33.83003102057702,0.0,,
2021-05-15,4.616082929869856e-05,26.24613545816737,0.0,,
2021-05-16,0.0003441678871327662,,0.0,,
2021-05-17,3.8631799270902735e-05,,0.0,,
2021-05-18,2.9948797683640623e-05,35.50676928432888,0.0,,
2021-05-19,1.4835596079620926e-05,30.318057603460165,0.0,,
2021-05-20,3.193388589410306e-05,36.667549423393766,0.0,,
2021-05-21,8.47623069235619e-05,29.884565076838935,0.0,,
2021-05-22,8.022493504463358e-05,34.130711404113,0.0,,
2021-05-23,0.0,33.9542624889152,0.0,,
2021-05-24,8.587809254834156e-07,36.96213945799732,0.0,,
2021-05-25,0.0,40.71698945447174,0.0,,
2021-05-26,1.715063433493924e-06,33.13215719319753,0.0,,
2021-05-27,2.5460187425004675e-05,37.79570495484005,0.0,,
2021-05-28,2.985939066460792e-06,32.30321880033189,0.0,,
2021-05-29,3.438262229270123e-05,,0.0,,
2021-05-30,1.2761481219329535e-05,27.32264542601983,0.0,,
2021-05-31,2.310199940458257e-05,,0.0,,
2021-06-01,1.2713479122794524e-06,33.17386991204749,0.0,0.3977472522793268,0.0
2021-06-02,1.8992322556515957e-06,,0.0,,
2021-06-03,1.9631341705888264e-05,36.86802639532544,0.0,,
2021-06-04,1.0021062607460833e-05,31.606577788770746,0.0,,
2021-06-05,2.1051219119391723e-06,34.62556438063237,0.0,,
2021-06-06,3.906006512237886e-06,33.69059136081871,0.0,,
2021-06-07,5.023403370634038e-05,,0.0,,
2021-06-08,4.145534738494887e-05,35.61670016750421,0.0,,
2021-06-09,0.0,35.65646809359878,0.0,,
2021-06-10,0.0,37.86023424482998,0.0,,
2021-06-11,0.0,34.31778602833418,0.0,,
2021-06-12,0.0,41.58575197089149,0.0,,
2021-06-13,6.3946905533292865e-06,35.57558538442025,0.0,,
2021-06-14,1.785602975398936e-07,41.93118363794605,0.0,,
2021-06-15,8.467811198897834e-07,39.24003248454368,0.0,,
2021-06-16,8.52346317969932e-07,38.83223206557713,0.0,,
2021-06-17,2.142786968306609e-06,37.95926738898559,0.0,,
2021-06-18,1.682245984990546e-06,,0.0,,
2021-06-19,1.2839790315410937e-06,35.83000000000004,0.0,,
2021-06-20,3.017254890592278e-06,32.356850891044466,0.0,,
2021-06-21,6.438696638066717e-06,39.50443895624409,0.0,,
2021-06-22,5.547036515905501e-06,33.01711658306738,0.0,,
2021-06-23,1.653968641710193e-05,37.94892710039207,0.0,,
2021-06-24,1.690596972768152e-05,35.060355771174486,0.0,,
2021-06-25,9.477228296331537e-06,36.85873921069704,0.0,,
2021-06-26,1.0849313533052485e-07,39.10668925753595,0.0,,
2021-06-27,1.6265727104024685e-06,35.97850644942299,0.0,,
2021-06-28,1.6420889305712257e-05,38.492423129143056,0.0,,
2021-06-29,3.837378734740553e-05,,0.0,,
2021-06-30,7.702156574081759e-05,37.1369732276941,0.0,,
2021-07-01,4.219425485489216e-05,38.05640990944108,0.0,0.39591909893142796,0.0
2021-07-02,1.3495125669114131e-05,36.25258168703237,0.0,,
2021-07-03,1.3118474961910133e-05,32.373581840899654,0.0,,
2021-07-04,7.633599083409863e-06,35.141250810756915,0.0,,
2021-07-05,4.588799576614544e-06,40.120490925898906,0.0,,
2021-07-06,3.422511384842243e-06,33.336920349799136,0.0,,
2021-07-07,1.5059050043567879e-06,39.2096197960918,0.0,,
2021-07-08,4.401270530252077e-07,35.561377551020435,0.0,,
2021-07-09,1.2814997489840607e-06,38.90378647579963,0.0,,
2021-07-10,2.4259153730462397e-05,42.33000000000004,0.0,,
2021-07-11,8.52346317969932e-07,35.427036161198174,0.0,,
2021-07-12,2.6203215480912127e-06,36.70684160556994,0.0,,
2021-07-13,1.7163601455649768e-06,,0.0,,
2021-07-14,6.850728282569327e-07,38.2835735826297,0.0,,
2021-07-15,3.814697163306846e-06,32.94334331187948,0.0,,
2021-07-16,1.785602975398936e-07,39.42533091799772,0.0,,
2021-07-17,1.843432060352225e-06,36.05735166129118,0.0,,
2021-07-18,1.7106532368416083e-06,34.90129346904159,0.0,,
2021-07-19,0.0,39.33327196527468,0.0,,
2021-07-20,0.0,37.033475232957365,0.0,,
2021-07-21,0.0,40.70652661064429,0.0,,
2021-07-22,0.0,,0.0,,
2021-07-23,7.568394882728993e-06,40.16760764099458,0.0,,
2021-07-24,2.221224150858045e-06,34.95111969720867,0.0,,
2021-07-25,2.6111011505507e-06,37.67491882441098,0.0,,
2021-07-26,0.004784582079720089,,0.0,,
2021-07-27,3.40097762168722e-05,,0.0,,
2021-07-28,8.52346317969932e-07,35.25454143019301,0.0,,
2021-07-29,2.4023615015295867e-06,31.658932504307472,0.0,,
2021-07-30,1.0926672703129361e-06,36.75005124024691,0.0,,
2021-07-31,2.5938643979372955e-06,30.37647081742385,0.0,,
2021-08-01,4.351138613856165e-07,40.43706281494789,0.0,0.39439924253826647,0.0
2021-08-02,8.583495976210997e-07,39.63911692639422,0.0,,
2021-08-03,1.7620831439226673e-06,40.30580996404728,0.0,,
2021-08-04,1.9352486793031082e-07,39.50865765627407,0.0,,
2021-08-05,0.0,35.78982182182185,0.0,,
2021-08-06,1.7195939676639682e-06,40.67293806411459,0.0,,
2021-08-07,1.0640570355627324e-05,32.947107961399325,0.0,,
2021-08-08,3.215184383068535e-06,38.35652112391352,0.0,,
2021-08-09,5.654442685091511e-06,35.32184461076322,0.0,,
2021-08-10,0.0,37.05928703287934,0.0,,
2021-08-11,1.707026910935383e-06,,0.0,,
2021-08-12,1.309018387019023e-06,36.44619443087448,0.0,,
2021-08-13,1.281411890374784e-06,38.46630179907015,0.0,,
2021-08-14,2.16250612083968e-06,32.11398292888693,0.0,,
2021-08-15,0.0,37.37844046897113,0.0,,
2021-08-16,1.7195939108205494e-06,30.86575076179471,0.0,,
2021-08-17,8.777734057943273e-07,37.515003437776286,0.0,,
2021-08-18,0.001458957347395842,,0.0,,
2021-08-19,0.0007875999166847751,34.375288800367734,0.0,,
2021-08-20,7.069537410556454e-06,26.394481434058925,0.0,,
2021-08-21,7.542080057341894e-05,,0.0,,
2021-08-22,4.02730829674895e-06,,0.0,,
2021-08-23,1.7522433868518728e-05,,0.0,,
2021-08-24,1.2884507580981741e-05,38.35406104238495,0.0,,
2021-08-25,1.890073222178197e-05,32.11610487451981,0.0,,
2021-08-26,1.2934207802572928e-06,39.36401387017915,0.0,,
2021-08-27,1.7217039953720814e-06,38.083794342164374,0.0,,
2021-08-28,1.4096498439641891e-06,35.67703361195095,0.0,,
2021-08-29,3.0126593628665432e-06,34.693590653196615,0.0,,
2021-08-30,3.118210645531104e-06,33.588142734307866,0.0,,
2021-08-31,0.00013993915080937825,,0.0,,
2021-09-01,3.834417515526319e-05,,0.0,0.39318873139433475,0.0
2021-09-02,1.3922237196234068e-05,,0.0,,
2021-09-03,5.442126518786646e-06,32.35162850190306,0.0,,
2021-09-04,-1.446096575818956e-10,37.59983385720704,0.0,,
2021-09-05,0.0,39.33001118966485,0.0,,
2021-09-06,1.7201011246470443e-06,35.68072827326364,0.0,,
2021-09-07,2.0239581453039292e-05,37.68006809037453,0.0,,
2021-09-08,4.79753878927171e-07,31.318789100372534,0.0,,
2021-09-09,8.468390433336026e-07,32.2934540584605,0.0,,
2021-09-10,6.492086868092883e-09,32.42277809534701,0.0,,
2021-09-11,0.0,39.131007941356174,0.0,,
2021-09-12,0.0,33.66830229073008,0.0,,
2021-09-13,7.287935973616843e-06,35.248116845462484,0.0,,
2021-09-14,8.52346317969932e-07,36.61021853016017,0.0,,
2021-09-15,1.7225742112714215e-06,30.812545717732256,0.0,,
2021-09-16,3.670441320691873e-06,35.20203911590084,0.0,,
2021-09-17,1.0902019079744508e-05,31.13954871694036,0.0,,
2021-09-18,1.8686690229050654e-06,34.55816557385256,0.0,,
2021-09-19,4.2987102233382757e-07,33.484254222585115,0.0,,
2021-09-20,0.0,35.468750434221676,0.0,,
2021-09-21,8.52346317969932e-07,38.684749343036195,0.0,,
2021-09-22,8.52346317969932e-07,,0.0,,
2021-09-23,1.2814998058274796e-06,34.13233115468413,0.0,,
2021-09-24,5.904496447328711e-09,27.604547845438024,0.0,,
2021-09-25,1.2841062471125042e-06,31.179514991656404,0.0,,
2021-09-26,4.4829032881256005e-06,,0.0,,
2021-09-27,4.102207244710719e-05,,0.0,,
2021-09-28,5.0463321258817774e-05,,0.0,,
2021-09-29,2.904473571218059e-05,29.412041376282755,0.0,,
2021-09-30,4.351138045421976e-07,36.96590380681537,0.0,,
2021-10-01,1.7225742112714215e-06,33.45771680381752,0.0,0.3959460987541879,0.0
2021-10-02,8.584406785416832e-07,37.46259392306544,0.0,,
2021-10-03,1.4867254094497184e-09,35.74937387549481,0.0,,
2021-10-04,1.1111193514884786e-06,28.44486939048899,0.0,,
2021-10-05,0.0015514508839862386,32.31707061684287,0.0,,
2021-10-06,5.897055287364382e-06,,0.0,,
2021-10-07,0.0003834592535140666,,0.0,,
2021-10-08,0.001469625564331704,24.38883882149051,0.0,,
2021-10-09,8.187395461062166e-07,31.64743324465467,0.0,,
2021-10-10,0.0,29.071727272727323,0.0,,
2021-10-11,2.0302283795890037e-05,28.197870907824502,0.0,,
2021-10-12,8.52346317969932e-07,27.661461759968784,4498607.203125,,
2021-10-13,0.0,31.02220582943508,0.0,,
2021-10-14,2.1594590862150653e-06,30.575493308434538,0.0,,
2021-10-15,8.52346317969932e-07,33.14270901447925,0.0,,
2021-10-16,0.0,36.9395350106695,0.0,,
2021-10-17,1.7106532936850272e-06,27.846928805918992,0.0,,
2021-10-18,0.0007224538224467652,27.225362969615357,0.0,,
2021-10-19,1.2993812106287805e-06,26.766547518923485,0.0,,
2021-10-20,0.0,29.676046998952273,0.0,,
2021-10-21,5.768334611933281e-07,26.765246030963443,0.0,,
2021-10-22,3.6314193147653834e-05,28.010000000000048,0.0,,
2021-10-23,0.00031962997101225496,,0.0,,
2021-10-24,9.606816667191524e-05,,0.0,,
2021-10-25,0.01095228018434077,,0.0,,
2021-10-26,3.3940406453506936e-05,22.73017122094473,0.0,,
2021-10-27,8.52346317969932e-07,30.989631704533693,0.0,,
2021-10-28,0.0,31.748048851978528,0.0,,
2021-10-29,0.0,31.248444181692804,0.0,,
2021-10-30,1.3837725455861334e-05,25.727834037951062,0.0,,
2021-10-31,2.2071980415506564e-05,,0.0,,
2021-11-01,2.1053248263419943e-05,,0.0,0.3965807965459374,0.0
2021-11-02,1.9256854866785514e-06,,0.0,,
2021-11-03,1.7890510471164466e-06,28.294628461749415,0.0,,
2021-11-04,2.151591516181686e-05,23.985277945880547,0.0,,
2021-11-05,8.523463748133508e-07,27.424264395967445,0.0,,
2021-11-06,1.1995624983663273e-05,27.29000000000002,0.0,,
2021-11-07,1.3101813788899619e-05,,0.0,,
2021-11-08,3.4481271901565006e-06,26.525863892630877,0.0,,
2021-11-09,5.2793382794208536e-05,22.049286657860012,0.0,,
2021-11-10,2.0121858231872697e-05,28.124028968371306,0.0,,
2021-11-11,1.7131405911641195e-06,28.95605548854044,0.0,,
2021-11-12,1.2928152841595875e-06,34.073628587059275,0.0,,
2021-11-13,1.7136334804490616e-06,33.08902286061099,0.0,,
2021-11-14,1.284479992591514e-06,31.99521179464156,0.0,,
2021-11-15,4.351138045421976e-07,28.232868998793766,0.0,,
2021-11-16,3.4155807573834534e-05,22.258676659528938,0.0,,
2021-11-17,6.345611835184444e-06,22.863661438615505,0.0,,
2021-11-18,9.076772847173078e-06,,0.0,,
2021-11-19,1.4377908458280874e-05,,0.0,,
2021-11-20,2.1934128799426965e-05,,0.0,,
2021-11-21,-1.6771878108556848e-08,28.75032675007758,0.0,,
2021-11-22,2.1457671550706436e-06,29.295223562106127,0.0,,
2021-11-23,8.553266184208042e-07,25.41615662991237,0.0,,
2021-11-24,1.2964643193744778e-06,25.76141741623013,0.0,,
2021-11-25,4.380941049930698e-07,23.22045843332721,0.0,,
2021-11-26,0.0,26.51715404699743,0.0,,
2021-11-27,8.553266184208042e-07,25.006346418206846,0.0,,
2021-11-28,4.368416739453096e-10,25.263236356133323,0.0,,
2021-11-29,4.351138045421976e-07,24.712920951804836,0.0,,
2021-11-30,3.5230783364955214e-06,21.35855612682094,0.0,,
2021-12-01,8.553265615773853e-07,22.726903287279676,0.0,0.40068464562252937,0.0
2021-12-02,3.1302013216181296e-05,,0.0,,
2021-12-03,1.6774522394980713e-05,22.648416387630512,0.0,,
2021-12-04,7.873899483727538e-06,,0.0,,
2021-12-05,4.04705763859501e-06,21.631379467334423,0.0,,
2021-12-06,1.0487468481148832e-05,,0.0,,
2021-12-07,0.0007449715534027959,,0.0,,
2021-12-08,1.1882249345170689e-06,22.161336952151206,0.0,,
2021-12-09,0.004168665557419463,,0.0,,
2021-12-10,8.969863923549054e-07,12.422213170400582,0.0,,
2021-12-11,1.2874602930423862e-06,18.025705882352977,0.0,,
2021-12-12,0.0,21.27356934418679,0.0,,
2021-12-13,0.0004791864054927248,,0.0,,
2021-12-14,0.03506457558333131,,0.0,,
2021-12-15,0.0004649583329495952,15.730495577000438,0.0,,
2021-12-16,5.183625728526013e-05,15.138003194888215,0.0,,
2021-12-17,0.0007833351479176754,19.746286284748926,0.0,,
2021-12-18,0.0,18.27275379229875,0.0,,
2021-12-19,0.0,19.55266132264532,0.0,,
2021-12-20,1.819146429015552e-06,15.629048562933637,0.0,,
2021-12-21,0.00010516263068848395,,0.0,,
2021-12-22,4.351138045421976e-07,,0.0,,
2021-12-23,0.012732755630574327,,0.0,,
2021-12-24,0.037025661037221005,16.90590733202677,0.0,,
2021-12-25,0.0013184858763471562,,0.0,,
2021-12-26,0.007751231046728315,18.24206245461151,0.0,,
2021-12-27,0.0010518690445378719,14.910155445448396,0.0,,
2021-12-28,0.001250775824196894,16.543344899729583,0.0,,
2021-12-29,0.00404882507958058,,0.0,,
2021-12-30,0.07484414868341334,,0.0,,
2021-12-31,0.005773611271532696,17.308422907051792,0.0,,
2022-01-01,2.2575512765884688e-05,18.317958873361853,0.0,0.4039220971167969,0.0
2022-01-02,0.0,18.26935107330104,0.0,,
2022-01-03,1.6901151980164286e-06,16.991844262295107,0.0,,
2022-01-04,3.5158497221926424e-06,18.117327256689236,0.0,,
2022-01-05,0.0,16.438598968462024,0.0,,
2022-01-06,4.351138045421976e-07,19.95080817512195,0.0,,
2022-01-07,1.2526740316785588e-05,,0.0,,
2022-01-08,5.8511089771351915e-05,19.883816965908306,0.0,,
2022-01-09,8.553266184208042e-07,22.16578047406955,0.0,,
2022-01-10,1.2858445188612677e-06,,0.0,,
2022-01-11,1.2904404798064206e-06,24.14729196050779,0.0,,
2022-01-12,0.0,,0.0,,
2022-01-13,0.00011361507083039853,,0.0,,
2022-01-14,2.1989041072706736e-06,19.01629649863424,0.0,,
2022-01-15,0.0006706101581103888,,0.0,,
2022-01-16,5.33753253043966e-05,16.628315789473703,0.0,,
2022-01-17,0.003157042366345853,,0.0,,
2022-01-18,0.0062641323807395835,20.61727544447311,0.0,,
2022-01-19,3.862888255017869e-06,,0.0,,
2022-01-20,4.410743663640915e-07,22.929967087749908,0.0,,
2022-01-21,8.648742664263409e-07,18.24227998685511,0.0,,
2022-01-22,1.2904405366498395e-06,23.2845728390087,0.0,,
2022-01-23,0.0,23.258362688182665,0.0,,
2022-01-24,1.704692635939864e-06,22.73146907683939,0.0,,
2022-01-25,8.822754587507665e-07,22.029156295296673,0.0,,
2022-01-26,0.0,18.361783309848157,0.0,,
2022-01-27,2.5773711627152807e-06,23.56737719830203,0.0,,
2022-01-28,4.0690828839728965e-07,15.911521050249004,0.0,,
2022-01-29,3.0280427161395644e-06,,0.0,,
2022-01-30,4.351138045421976e-07,22.162156220535,0.0,,
2022-01-31,7.2934507888350435e-06,,0.0,,
2022-02-01,2.2023535687009266e-05,16.3598977135981,0.0,0.40324601744656013,0.0
2022-02-02,0.0,21.885043824701228,0.0,,
2022-02-03,4.261732051702438e-07,22.508980736663872,0.0,,
2022-02-04,1.2934207802572928e-06,21.06013155971352,0.0,,
2022-02-05,8.52346317969932e-07,24.849206125327463,0.0,,
2022-02-06,2.1526329874177463e-06,21.321406281256284,0.0,,
2022-02-07,8.434732876594353e-07,27.6888574919811,0.0,,
2022-02-08,4.351138613856165e-07,20.911356599317806,0.0,,
2022-02-09,3.863035999529529e-06,29.230000000000043,0.0,,
2022-02-10,4.291536193079537e-07,29.955323683152425,0.0,,
2022-02-11,0.0,29.344669670456362,0.0,,
2022-02-12,0.0,31.251157749532,0.0,,
2022-02-13,2.573267693151138e-06,27.57335631479498,0.0,,
2022-02-14,2.570480319263879e-06,28.25188911073572,0.0,,
2022-02-15,0.0005609742414716048,18.948920479145656,0.0,,
2022-02-16,0.0007796855683022357,23.81800082996165,0.0,,
2022-02-17,0.0,26.20939149332509,0.0,,
2022-02-18,0.0,27.18309783172531,0.0,,
2022-02-19,8.615441338122309e-07,26.256291804110646,0.0,,
2022-02-20,2.928997505623169e-06,23.62454176334109,0.0,,
2022-02-21,0.0003974135885847376,20.973973509933803,0.0,,
2022-02-22,0.00023236740621323984,20.635656004337246,0.0,,
2022-02-23,0.0010861899623570083,,0.0,,
2022-02-24,9.38950700962797e-06,22.25312521257474,0.0,,
2022-02-25,8.52346317969932e-07,24.737299373357615,0.0,,
2022-02-26,4.351138045421976e-07,19.461311560394,0.0,,
2022-02-27,8.52346317969932e-07,25.21935645823827,0.0,,
2022-02-28,8.702277796146518e-07,31.47602175830642,0.0,,
2022-03-01,0.0,29.65160765080923,0.0,0.40340456271593567,0.0
2022-03-02,8.612870487922919e-07,32.00546846665327,0.0,,
2022-03-03,1.9569331238636414e-06,,0.0,,
2022-03-04,0.0039264177387992195,25.828472392638083,0.0,,
2022-03-05,0.0005172385814114719,20.81134304042361,0.0,,
2022-03-06,0.0002442065060638421,26.037026342184483,0.0,,
2022-03-07,2.157688072657038e-06,27.923992340337474,0.0,,
2022-03-08,0.0,27.24923791637841,0.0,,
2022-03-09,2.152343142824975e-06,28.705234730968137,0.0,,
2022-03-10,0.00011154108848891251,25.31644079971272,0.0,,
2022-03-11,8.583068833445395e-07,30.624037862938252,0.0,,
2022-03-12,8.665701329846343e-07,29.425139839034244,0.0,,
2022-03-13,4.351138045421976e-07,27.577503210231676,0.0,,
2022-03-14,1.7256346040994686e-06,29.077089860692993,0.0,,
2022-03-15,0.0,30.106096392755592,0.0,,
2022-03-16,3.547807854945549e-06,30.32755250521419,0.0,,
2022-03-17,8.612870487922919e-07,,0.0,,
2022-03-18,0.0,32.15176280240386,0.0,,
2022-03-19,0.0001457633489234893,23.930424663524647,0.0,,
2022-03-20,0.0005309972810248431,29.26228002758895,0.0,,
2022-03-21,8.603078072155768e-07,,0.0,,
2022-03-22,4.351138045421976e-07,34.00926951516057,0.0,,
2022-03-23,1.7195939108205494e-06,37.02327500392944,0.0,,
2022-03-24,1.7252261841349537e-06,29.134303588046773,0.0,,
2022-03-25,3.0889480196124844e-06,28.60445802859953,0.0,,
2022-03-26,4.231042050300761e-06,26.570029997857326,0.0,,
2022-03-27,7.635735348588803e-06,32.646542261813394,0.0,,
2022-03-28,0.01917655404577864,,0.0,,
2022-03-29,0.009375936807465145,27.875503335354786,0.0,,
2022-03-30,6.0947651558734e-06,27.788805618308643,0.0,,
2022-03-31,0.00015672692593107833,,0.0,,
2022-04-01,2.9591414848961534e-05,30.339190833502368,0.0,0.4036990585756164,0.0
2022-04-02,4.486028391501678e-06,,0.0,,
2022-04-03,0.00030357507938947974,20.70307379430567,0.0,,
2022-04-04,1.26520351725358e-05,26.028298517360643,0.0,,
2022-04-05,1.7136334804490616e-06,34.96298823768004,0.0,,
2022-04-06,3.01281619385918e-06,32.614415890142254,0.0,,
2022-04-07,4.4321253156454077e-07,42.15850304343343,0.0,,
2022-04-08,0.0,42.66232250661081,0.0,,
2022-04-09,0.0,35.43253585061389,0.0,,
2022-04-10,2.517979195777406e-06,29.5532242896487,0.0,,
2022-04-11,5.085937515743469e-05,,0.0,,
2022-04-12,1.6266540142459368e-05,29.791941241351665,0.0,,
2022-04-13,0.0,28.790944171860534,0.0,,
2022-04-14,0.0,33.25012757054653,0.0,,
2022-04-15,2.1382859927143727e-06,31.141898579502087,0.0,,
2022-04-16,5.969760256661213e-05,31.02332842724981,0.0,,
2022-04-17,2.4656792802150137e-05,32.61187285990773,0.0,,
2022-04-18,1.9427942713767326e-06,31.19494093156389,0.0,,
2022-04-19,4.388549471398019e-07,34.157333266169694,0.0,,
2022-04-20,8.81050494936449e-05,26.849936308805816,0.0,,
2022-04-21,2.286767720703365e-06,33.346969944379275,0.0,,
2022-04-22,0.0038647682917885193,25.6359570714496,0.0,,
2022-04-23,8.52346317969932e-07,34.30203612233699,0.0,,
2022-04-24,5.684341886080802e-14,38.88444916110776,0.0,,
2022-04-25,4.351138045421976e-07,38.82368965340707,0.0,,
2022-04-26,2.5581157387932763e-06,31.743945811273782,0.0,,
2022-04-27,1.5553007393522266e-06,28.647480861488237,0.0,,
2022-04-28,7.88440095617416e-05,24.66894331315358,0.0,,
2022-04-29,8.52346317969932e-07,29.74328420219609,0.0,,
2022-04-30,8.52346317969932e-07,36.23467993813305,0.0,,
2022-05-01,3.172679161726843e-06,33.280962280218446,0.0,0.40083412969358573,0.0
2022-05-02,1.2125867478390958e-05,28.489372197309457,0.0,,
2022-05-03,5.8389344113938346e-05,28.107451055662217,0.0,,
2022-05-04,8.600252847656975e-07,32.926492486003355,0.0,,
2022-05-05,5.875622904316883e-06,36.26044462827013,0.0,,
2022-05-06,2.0848943832072806e-07,29.663096260554926,0.0,,
2022-05-07,1.3912104545755587e-05,37.98997275632633,0.0,,
2022-05-08,6.355097952172535e-05,30.30829884372987,0.0,,
2022-05-09,1.1004095279560637e-05,35.252187297955956,0.0,,
2022-05-10,4.522343849603348e-07,26.521221082578435,0.0,,
2022-05-11,1.716613724056515e-06,32.598681808963754,0.0,,
2022-05-12,0.0,37.93568708442477,0.0,,
2022-05-13,8.52346317969932e-07,35.127030864806265,0.0,,
2022-05-14,1.7195939108205494e-06,40.61129919110718,0.0,,
2022-05-15,4.351138613856165e-07,,0.0,,
2022-05-16,1.2904404798064206e-06,36.844564736630495,0.0,,
2022-05-17,1.02442629793857e-05,30.50314248704667,0.0,,
2022-05-18,4.328375064716887e-06,,0.0,,
2022-05-19,3.290728051611718e-05,,0.0,,
2022-05-20,0.0002093278981269674,,0.0,,
2022-05-21,0.00012631638246167563,26.632869955156988,0.0,,
2022-05-22,1.366220879975678e-05,26.97271073733623,0.0,,
2022-05-23,1.1312644475542873e-05,,0.0,,
2022-05-24,6.466723014097063e-06,32.388403676979365,0.0,,
2022-05-25,1.0696877722181097e-05,33.54003596868612,0.0,,
2022-05-26,4.000549620273014e-05,35.489111024275914,0.0,,
2022-05-27,3.267989513721871e-05,,0.0,,
2022-05-28,1.3699937271715673e-05,,0.0,,
2022-05-29,1.3793635258586637e-05,32.56276256049496,0.0,,
2022-05-30,2.2759483274657734e-06,38.73732706028337,0.0,,
2022-05-31,1.0899384506046772e-08,33.154132512004686,0.0,,
2022-06-01,0.0,40.59609299786616,0.0,0.39837244685772255,0.0
2022-06-02,1.8301669582506462e-05,,0.0,,
2022-06-03,1.3527337535997673e-05,,0.0,,
2022-06-04,3.653523898226418e-05,,0.0,,
2022-06-05,1.036144312917152e-05,,0.0,,
2022-06-06,2.5213906003210332e-05,38.4908727412534,0.0,,
2022-06-07,6.360386177985152e-06,30.427709688989125,0.0,,
2022-06-08,1.8601341404993286e-05,34.21709101382492,0.0,,
2022-06-09,3.356726102402775e-06,35.258965483995404,0.0,,
2022-06-10,2.6431467394433366e-06,34.172263670412015,0.0,,
2022-06-11,2.1418790083771455e-06,32.88391703482704,0.0,,
2022-06-12,4.5299464090930996e-07,35.65265441653771,0.0,,
2022-06-13,0.00010853111743429621,32.59488793607486,0.0,,
2022-06-14,4.4294177126736956e-05,33.470290003586655,0.0,,
2022-06-15,3.675450624483501e-06,40.320220652229594,0.0,,
2022-06-16,9.283867288143076e-06,34.733092488401944,0.0,,
2022-06-17,5.2390326810778944e-05,34.488287671232904,0.0,,
2022-06-18,2.169361441992031e-06,36.50530744496665,0.0,,
2022-06-19,4.3851912323589204e-07,37.81679992142229,0.0,,
2022-06-20,0.0,40.71804177545695,0.0,,
2022-06-21,0.0,38.62092521164156,0.0,,
2022-06-22,0.0012542393613319167,34.757708114908816,0.0,,
2022-06-23,4.199654497501446e-05,32.30985372939941,0.0,,
2022-06-24,1.732242481011781e-06,40.12590899403242,0.0,,
2022-06-25,2.632813216658836e-06,36.43015975693426,0.0,,
2022-06-26,4.87933653915961e-07,38.48635077475861,0.0,,
2022-06-27,8.583068797918258e-07,37.19829615073404,0.0,,
2022-06-28,1.716613724056515e-06,37.24518111840618,0.0,,
2022-06-29,8.553265615773853e-07,40.50875996070303,0.0,,
2022-06-30,0.0,33.48285470585368,0.0,,
2022-07-01,1.3042251225670043e-06,40.871095613503186,0.0,0.3964576369805324,0.0
2022-07-02,0.0,34.29949747749532,0.0,,
2022-07-03,4.434965924150326e-06,39.43808454034881,0.0,,
2022-07-04,1.948501196412348e-06,35.343796123192014,0.0,,
2022-07-05,1.0104711471024316e-05,37.23284168060615,0.0,,
2022-07-06,4.130918918685602e-05,37.886984483360806,0.0,,
2022-07-07,7.049872670720899e-06,37.245202642737425,0.0,,
2022-07-08,8.797113049510283e-06,39.93981706084499,0.0,,
2022-07-09,3.2690176373975226e-06,31.75257075973615,0.0,,
2022-07-10,1.4989015520517025e-06,38.452117964187195,0.0,,
2022-07-11,2.977695870906748e-07,33.37215443425079,0.0,,
2022-07-12,1.0150100265636478e-05,35.137985384653916,0.0,,
2022-07-13,1.7169590478260943e-06,35.525040650406545,0.0,,
2022-07-14,8.528536937185339e-06,32.78044293015334,0.0,,
2022-07-15,2.389997449173652e-06,36.07871259716753,0.0,,
2022-07-16,8.553266184208042e-07,31.053150934792562,0.0,,
2022-07-17,1.7225742112714215e-06,41.85047150679379,0.0,,
2022-07-18,0.0,33.626391925988244,0.0,,
2022-07-19,8.642672355563263e-07,38.17322773163578,0.0,,
2022-07-20,8.525781254320464e-07,,0.0,,
2022-07-21,2.5796561544666474e-06,31.469301587301608,0.0,,
2022-07-22,8.552757435609237e-07,38.36747712094983,0.0,,
2022-07-23,1.264805739828397e-06,,0.0,,
2022-07-24,1.598262156753759e-05,36.28005913476506,0.0,,
2022-07-25,2.415364092826771e-05,32.20703700004995,0.0,,
2022-07-26,1.3047962262193168e-06,37.260582152828064,0.0,,
2022-07-27,1.2755393754559918e-06,33.977594148463005,0.0,,
2022-07-28,3.1266440531850245e-05,,0.0,,
2022-07-29,2.568958734627813e-06,35.17349530014425,0.0,,
2022-07-30,5.1134742826444055e-05,,0.0,,
2022-07-31,0.000302480256298854,,0.0,,
2022-08-01,5.2887509425448674e-05,28.230000000000018,0.0,0.3951606072507426,0.0
2022-08-02,2.2835173448574423e-05,37.20464928239341,0.0,,
2022-08-03,4.410743663640915e-07,31.11118962620752,0.0,,
2022-08-04,0.00013628924591122337,41.01603672532521,0.0,,
2022-08-05,4.256088648839687e-06,34.29272696945149,0.0,,
2022-08-06,1.4136445942158196e-06,38.6661762211246,0.0,,
2022-08-07,8.375542961402971e-07,40.41096230773566,0.0,,
2022-08-08,0.0,35.379760083268295,0.0,,
2022-08-09,2.1447997369250515e-06,40.28278158371956,0.0,,
2022-08-10,4.410743663640915e-07,35.69878781621066,0.0,,
2022-08-11,8.583068797918258e-07,40.67214069132812,0.0,,
2022-08-12,4.2716596837522047e-07,35.63564996958023,0.0,,
2022-08-13,8.572023553199415e-07,39.9945215118617,0.0,,
2022-08-14,1.293420723413874e-06,38.317872040144294,0.0,,
2022-08-15,4.287652082268778e-07,37.19212222833979,0.0,,
2022-08-16,1.734495072014397e-06,35.912320342148085,0.0,,
2022-08-17,1.0141540080943006e-05,32.87743990843194,0.0,,
2022-08-18,8.52346317969932e-07,36.19232302405503,0.0,,
2022-08-19,1.2945874914294109e-06,32.29944921527985,0.0,,
2022-08-20,1.9131822447908485e-06,,0.0,,
2022-08-21,5.698951964922479e-05,,0.0,,
2022-08-22,6.013347758846762e-06,,0.0,,
2022-08-23,1.6338646656898145e-06,36.102109370675855,0.0,,
2022-08-24,8.523463748133508e-07,34.10353747217417,0.0,,
2022-08-25,8.583068797918258e-07,38.23974309893212,0.0,,
2022-08-26,0.0,32.10459723820485,0.0,,
2022-08-27,4.46400743849734e-08,39.119875767100766,0.0,,
2022-08-28,7.086928849623576e-06,34.73982369009193,0.0,,
2022-08-29,7.441703309404089e-07,36.8689013543562,0.0,,
2022-08-30,4.351138045421976e-07,36.807584394582626,0.0,,
2022-08-31,4.467869594293461e-07,38.07353457953052,0.0,,
2022-09-01,8.612871056357108e-07,40.210047564884725,0.0,0.39402979200920185,0.0
2022-09-02,8.540495741726772e-07,37.102807258460054,0.0,,
2022-09-03,4.351138613856165e-07,41.9021733380805,0.0,,
2022-09-04,0.0006231734789149085,,0.0,,
2022-09-05,1.28501659446556e-06,43.53756031363091,0.0,,
2022-09-06,2.1372263745433884e-06,38.565575354121826,0.0,,
2022-09-07,4.466088689980552e-07,39.775017094453275,0.0,,
2022-09-08,1.2894783480987826e-06,39.31,0.0,,
2022-09-09,0.0002475653556612474,,0.0,,
2022-09-10,0.0139268007684247,,0.0,,
2022-09-11,0.0005184512728678244,35.04645405405408,0.0,,
2022-09-12,0.0010309872475076228,38.076593707250375,0.0,,
2022-09-13,2.7835051950437733e-05,33.43723677240894,0.0,,
2022-09-14,4.105872193954286e-06,33.184037482517496,0.0,,
2022-09-15,2.1416259010812667e-06,35.71480996580364,0.0,,
2022-09-16,4.168153731022377e-06,34.78041910135002,0.0,,
2022-09-17,8.383071410227126e-06,28.272072936660305,0.0,,
2022-09-18,0.00035522275782148637,29.126660685027737,0.0,,
2022-09-19,1.30718450584917e-05,37.171626779609156,0.0,,
2022-09-20,3.896647311271504e-05,32.44202431368645,0.0,,
2022-09-21,0.0,37.48703133078281,0.0,,
2022-09-22,8.52346317969932e-07,36.37648168156371,0.0,,
2022-09-23,2.57457492125468e-06,36.681089576220145,0.0,,
2022-09-24,1.7012785065162461e-06,36.51858399029719,0.0,,
2022-09-25,4.351138045421976e-07,34.06599041294254,0.0,,
2022-09-26,8.642672355563263e-07,36.802693390672225,0.0,,
2022-09-27,4.261732051702438e-07,33.21966061795001,0.0,,
2022-09-28,4.351138436220481e-07,38.89847281180518,0.0,,
2022-09-29,4.351138045421976e-07,30.845339974699588,0.0,,
2022-09-30,1.005948858058199e-05,34.651748534465355,0.0,,
2022-10-01,1.2402331541328206e-05,34.16647500634361,0.0,0.3941211212789063,0.0
2022-10-02,9.968115928325247e-06,,0.0,,
2022-10-03,1.640269017280708e-06,33.809912421544325,0.0,,
2022-10-04,1.7269108525397314e-06,31.999839710188105,0.0,,
2022-10-05,3.027130080536541e-06,33.69144633110979,0.0,,
2022-10-06,1.9026220189895157e-05,31.470000000000027,0.0,,
2022-10-07,1.3770004536243194e-05,34.149586435070354,0.0,,
2022-10-08,0.0,32.27784010684987,0.0,,
2022-10-09,3.0365395030051503e-06,30.131249330078028,0.0,,
2022-10-10,8.583068051848386e-07,,0.0,,
2022-10-11,7.79818981251818e-06,,0.0,,
2022-10-12,1.9215649741860163e-05,,0.0,,
2022-10-13,1.5169508856886632e-05,,0.0,,
2022-10-14,6.61594436474024e-05,,0.0,,
2022-10-15,0.0003494673521581239,,0.0,,
2022-10-16,4.7033463079302194e-05,,0.0,,
2022-10-17,1.2904405366498395e-06,,0.0,,
2022-10-18,1.2993812106287805e-06,,0.0,,
2022-10-19,1.7195939676639682e-06,,0.0,,
2022-10-20,1.7043551565620874e-06,,0.0,,
2022-10-21,3.955465682009433e-07,,0.0,,
2022-10-22,0.0004919809229830478,,0.0,,
2022-10-23,0.0010282178508424734,,0.0,,
2022-10-24,0.0,30.747173080797936,0.0,,
2022-10-25,1.7284671116613026e-06,27.962997011233675,0.0,,
2022-10-26,4.46400743849734e-08,30.517386233933838,0.0,,
2022-10-27,8.561632398595975e-07,27.525088154954094,0.0,,
2022-10-28,8.52346317969932e-07,29.772614411386783,0.0,,
2022-10-29,5.0468215329388796e-06,28.591652447238467,0.0,,
2022-10-30,8.583068051848386e-07,28.617323689874393,0.0,,
2022-10-31,8.583068797918258e-07,25.366160333366437,0.0,,
2022-11-01,0.0001469045242796265,,0.0,0.3995532859127784,0.0
2022-11-02,0.001685971021561272,,0.0,,
2022-11-03,8.583068797918258e-07,21.84549642079057,0.0,,
2022-11-04,1.7285346416429093e-06,19.920955457327466,0.0,,
2022-11-05,8.516956881976512e-07,26.170564348289076,0.0,,
2022-11-06,8.542835416847083e-07,24.082032325172047,0.0,,
2022-11-07,0.003194551772157333,15.370000000000005,0.0,,
2022-11-08,0.02386744554996404,17.25092684659093,0.0,,
2022-11-09,0.011395734809612812,20.663483863198472,0.0,,
2022-11-10,0.0,23.615100355373162,0.0,,
2022-11-11,4.351138613856165e-07,19.934776734600444,0.0,,
2022-11-12,2.5689600988698658e-06,24.828054490831903,0.0,,
2022-11-13,3.936759866703258e-06,19.07003689388618,0.0,,
2022-11-14,8.52346317969932e-07,24.978945300382616,0.0,,
2022-11-15,0.0,24.33812063367117,0.0,,
2022-11-16,2.1536690724133223e-06,24.067531681844258,0.0,,
2022-11-17,0.0,20.543806546165154,0.0,,
2022-11-18,8.583068797918258e-07,20.969118844872316,0.0,,
2022-11-19,4.351138080949113e-07,24.905451880801202,0.0,,
2022-11-20,0.0,24.21190336175637,0.0,,
2022-11-21,4.351138045421976e-07,19.10081762531066,0.0,,
2022-11-22,0.0,24.722135342909194,0.0,,
2022-11-23,1.716613667213096e-06,22.203231036839203,0.0,,
2022-11-24,0.0,24.65668384879728,0.0,,
2022-11-25,1.7097644331443007e-06,21.864051158430456,0.0,,
2022-11-26,9.153552582574775e-09,21.03599088721654,0.0,,
2022-11-27,4.351138045421976e-07,17.526404988994898,0.0,,
2022-11-28,0.0001251551699081355,,0.0,,
2022-11-29,7.42602094908065e-05,19.880175725378052,0.0,,
2022-11-30,2.927228481125217e-05,,0.0,,
2022-12-01,0.00035852078533456195,17.00368782161238,0.0,0.3999218827943184,0.0
2022-12-02,0.0013742330226478162,,0.0,,
2022-12-03,0.0033986398514280923,21.701278460608535,0.0,,
2022-12-04,0.0007036882512112882,,0.0,,
2022-12-05,0.0005129594751397228,19.568940263246734,0.0,,
2022-12-06,0.00030037935104164327,,0.0,,
2022-12-07,0.0002554533963507794,17.789408563135016,0.0,,
2022-12-08,1.284479992591514e-06,19.795207939990853,0.0,,
2022-12-09,1.488847935453374e-07,18.770097703957042,0.0,,
2022-12-10,0.00047759743443588794,19.204562121460178,0.0,,
2022-12-11,0.02262951940923077,,0.0,,
2022-12-12,0.0019261271388305874,,0.0,,
2022-12-13,-5.959918780717999e-09,17.612394380432615,0.0,,
2022-12-14,1.299723237480066e-06,15.194775855289059,0.0,,
2022-12-15,-1.0693895546864951e-08,16.83580095855655,0.0,,
2022-12-16,8.553265615773853e-07,,0.0,,
2022-12-17,1.7199189983330143e-06,,0.0,,
2022-12-18,2.1457663024193607e-06,19.166678729392867,0.0,,
2022-12-19,4.261732051702438e-07,16.297195510776728,0.0,,
2022-12-20,1.2904404798064206e-06,19.713417870082182,0.0,,
2022-12-21,1.7187232401738584e-06,16.636259445843862,0.0,,
2022-12-22,8.642672923997452e-07,10.742698201936399,0.0,,
2022-12-23,1.2814998058274796e-06,16.875832101684924,0.0,,
2022-12-24,2.1427869114631903e-06,20.555003411804886,0.0,,
2022-12-25,1.7086835555346624e-06,,0.0,,
2022-12-26,8.523463748133508e-07,,0.0,,
2022-12-27,0.00021281464292561647,,0.0,,
2022-12-28,0.007856010312786536,17.814305815212084,0.0,,
2022-12-29,0.0003345909904926381,,0.0,,
2022-12-30,0.000489215647818331,,0.0,,
2022-12-31,0.006611030976754823,,0.0,,
2023-01-01,0.02566205339218621,17.2599744054602,0.0,0.3180780127935323,0.0
2023-01-02,6.250637632648888e-05,,0.0,,
2023-01-03,0.004442152787872271,,0.0,,
2023-01-04,0.005412720238355854,,0.0,,
2023-01-05,0.033616666147038066,,0.0,,
2023-01-06,0.00043244812069094627,18.120285210232325,0.0,,
2023-01-07,2.1467194528668188e-06,,0.0,,
2023-01-08,0.0007243789890979198,19.050883711588693,0.0,,
2023-01-09,0.01702032742340165,,0.0,,
2023-01-10,0.06357440580702757,,0.0,,
2023-01-11,0.00012413853026450948,,0.0,,
2023-01-12,0.0,,0.0,,
2023-01-13,1.7046928064701206e-06,,0.0,,
2023-01-14,0.02771440008853344,,0.0,,
2023-01-15,0.01168399239536605,,0.0,,
2023-01-16,0.019387155768225132,15.267574301128034,0.0,,
2023-01-17,3.972269016782213e-06,17.1831271576525,0.0,,
2023-01-18,4.261732051702438e-07,17.004623794212243,0.0,,
2023-01-19,7.393518654109667e-05,15.613732569721146,0.0,,
2023-01-20,0.00017954379209186302,17.64115249936568,0.0,,
2023-01-21,4.351138045421976e-07,14.579837982701942,0.0,,
2023-01-22,0.0,11.236827501366893,0.0,,
2023-01-23,8.612871056357108e-07,19.299566486644324,0.0,,
2023-01-24,4.351138045421976e-07,18.53537495758402,0.0,,
2023-01-25,4.351138045421976e-07,20.489018597129615,0.0,,
2023-01-26,8.536523523616779e-07,18.43205119843472,0.0,,
2023-01-27,8.553265615773853e-07,21.418265778087264,0.0,,
2023-01-28,1.7390605682734569e-06,19.613583201510476,0.0,,
2023-01-29,0.0011502608599350444,,0.0,,
2023-01-30,0.00679069904362866,,0.0,,
2023-01-31,2.9913403777561357e-05,17.411656616947038,0.0,,
2023-02-01,1.2933428479300346e-06,20.299855467960413,0.0,0.31462537815282465,0.0
2023-02-02,1.7106532936850272e-06,10.909736002640003,0.0,,
2023-02-03,0.0,22.034012542407773,0.0,,
2023-02-04,0.0,20.80671926867886,0.0,,
2023-02-05,9.402094075481881e-05,19.160949052500808,0.0,,
2023-02-06,4.351138045421976e-07,22.003005194162785,0.0,,
2023-02-07,1.7106532936850272e-06,22.01566904687988,0.0,,
2023-02-08,4.261732051702438e-07,24.346912158965498,0.0,,
2023-02-09,1.2814997489840607e-06,24.276023342438574,0.0,,
2023-02-10,8.52346317969932e-07,21.78011717038987,0.0,,
2023-02-11,3.430081766161512e-05,19.660727513929455,0.0,,
2023-02-12,0.0001959112730432064,15.55184551886796,0.0,,
2023-02-13,1.2051425081618287e-05,21.09887358821046,0.0,,
2023-02-14,0.0005569785731229282,,0.0,,
2023-02-15,2.9748859945241147e-06,20.849301933969517,0.0,,
2023-02-16,3.162767825415358e-08,,0.0,,
2023-02-17,0.0,,0.0,,
2023-02-18,4.865118255372394e-06,13.593873638344254,0.0,,
2023-02-19,1.7418496510915844e-06,18.718448194141654,0.0,,
2023-02-20,2.169862706610497e-07,24.721806431599674,0.0,,
2023-02-21,4.874080502033509e-06,,0.0,,
2023-02-22,0.0005996768778147192,19.702718654892024,0.0,,
2023-02-23,0.0031733515413762646,,0.0,,
2023-02-24,0.02491451476478087,,0.0,,
2023-02-25,0.06081256730564185,11.942854209445617,0.0,,
2023-02-26,0.004348125102569852,15.106634521085354,0.0,,
2023-02-27,0.005221737445578022,,0.0,,
2023-02-28,0.0029985964508063394,18.45225084104292,0.0,,
2023-03-01,0.013068572954905884,16.57254736651259,0.0,0.40595319890870485,0.0
2023-03-02,2.992914078083444e-08,22.342284390414058,0.0,,
2023-03-03,8.52346317969932e-07,21.014818020417245,0.0,,
2023-03-04,0.00042567094579569725,16.68473290997389,0.0,,
2023-03-05,0.0019693202793843174,,0.0,,
2023-03-06,0.00048040188320183386,23.226847584394616,0.0,,
2023-03-07,1.6413154364098326e-06,22.301005905111005,0.0,,
2023-03-08,1.5717865120764823e-05,19.678172508293695,0.0,,
2023-03-09,6.122036211309023e-10,24.14505104283693,0.0,,
2023-03-10,0.009642707160076333,,0.0,,
2023-03-11,0.007816622679548161,,0.0,,
2023-03-12,0.0009280367099582942,,0.0,,
2023-03-13,0.00014293743510922875,25.450000000000045,0.0,,
2023-03-14,0.01301325191832517,,0.0,,
2023-03-15,0.05375696320345057,,0.0,,
2023-03-16,0.000279129058751753,,0.0,,
2023-03-17,0.0002179453950177842,19.554498448810783,0.0,,
2023-03-18,1.968721983544999e-09,29.570788356579786,0.0,,
2023-03-19,0.0024456871316333294,,0.0,,
2023-03-20,0.0016746687962214753,,0.0,,
2023-03-21,0.029285220688814312,15.679626239511848,0.0,,
2023-03-22,0.022756044558799017,17.730803808990384,0.0,,
2023-03-23,0.0037798618381686463,20.34720207253889,0.0,,
2023-03-24,2.0945639327227908e-05,22.84838788470935,0.0,,
2023-03-25,8.382666540194592e-06,27.534197374200815,0.0,,
2023-03-26,8.52346317969932e-07,25.852775935092144,0.0,,
2023-03-27,0.0,26.04573765494821,0.0,,
2023-03-28,0.0,29.244176520480995,0.0,,
2023-03-29,0.011416902947830796,,0.0,,
2023-03-30,0.00724154679065055,19.136229508196752,0.0,,
2023-03-31,0.00037539639371506707,16.64192379762651,0.0,,
2023-04-01,8.747379570981467e-07,30.000461759720626,0.0,0.4030404957346508,0.0
2023-04-02,3.896179696254726e-06,27.64366551654154,0.0,,
2023-04-03,0.00044683479375833555,23.313482482059978,0.0,,
2023-04-04,0.0,26.945298154871466,0.0,,
2023-04-05,0.0,24.7941351025332,0.0,,
2023-04-06,8.52346317969932e-07,24.22583558231268,0.0,,
2023-04-07,8.573618401896965e-07,28.125772614266616,0.0,,
2023-04-08,2.143951348898554e-06,28.391882944132462,0.0,,
2023-04-09,1.2814997489840607e-06,29.016735268519987,0.0,,
2023-04-10,8.52346317969932e-07,24.652746185853005,0.0,,
2023-04-11,3.4727945139240273e-06,,0.0,,
2023-04-12,3.0073839839810426e-05,,0.0,,
2023-04-13,0.00035540880040919523,,0.0,,
2023-04-14,0.00011683696117720597,25.3824506458689,0.0,,
2023-04-15,1.291331386710226e-06,28.45219020753579,0.0,,
2023-04-16,8.425147370871855e-07,,0.0,,
2023-04-17,3.61180686533597e-05,,0.0,,
2023-04-18,0.00010687768157575849,29.950935992440485,0.0,,
2023-04-19,2.5781586714401783e-06,28.97322089227424,0.0,,
2023-04-20,0.0,33.58463236398221,0.0,,
2023-04-21,0.0,35.95208385139509,0.0,,
2023-04-22,0.0,30.988731707317122,0.0,,
2023-04-23,0.0,34.76278665101804,0.0,,
2023-04-24,3.167479575775824e-05,25.64963324732772,0.0,,
2023-04-25,5.555395376230545e-05,28.89269244801171,0.0,,
2023-04-26,0.0,31.82248593350386,0.0,,
2023-04-27,5.760598689951795e-06,30.14786924939469,0.0,,
2023-04-28,4.04423845488867e-06,30.978779177162085,0.0,,
2023-04-29,6.386510323593145e-06,25.890320546115646,0.0,,
2023-04-30,2.769574202515519e-05,9.616666666666712,0.0,,
2023-05-01,0.0003317101329353716,25.477948040975846,0.0,0.4006659116277303,0.0
2023-05-02,0.00031484555686299063,20.907196397443368,0.0,,
2023-05-03,0.0004346272412766801,29.543412163847773,0.0,,
2023-05-04,0.009034324770273145,23.119685741494273,0.0,,
2023-05-05,0.0011006525909375883,31.73718333161002,0.0,,
2023-05-06,5.528140570353973e-06,,0.0,,
2023-05-07,1.1560764704352144e-06,33.236386115804066,0.0,,
2023-05-08,6.047398481062136e-06,31.13385937576085,0.0,,
2023-05-09,0.00011451144557935744,,0.0,,
2023-05-10,3.454964201414731e-05,32.77782880253933,0.0,,
2023-05-11,1.343647205996913e-05,27.180338593534596,0.0,,
2023-05-12,4.45018418817044e-06,33.80491966564895,0.0,,
2023-05-13,1.32106717361914e-06,29.80970981290573,0.0,,
2023-05-14,1.5050045987392993e-05,,0.0,,
2023-05-15,4.334513168168028e-05,,0.0,,
2023-05-16,2.3278530641938288e-05,,0.0,,
2023-05-17,5.520531335315219e-06,32.710000000000036,0.0,,
2023-05-18,3.7057666068381454e-05,,0.0,,
2023-05-19,2.4444245277567112e-05,10.605956112852693,0.0,,
2023-05-20,2.3835960854875277e-05,,0.0,,
2023-05-21,0.00010427033647577812,,0.0,,
2023-05-22,2.9931296688544008e-05,13.325436101234086,0.0,,
2023-05-23,6.71250388522628e-05,10.509766203018689,0.0,,
2023-05-24,0.00016748883024731302,,0.0,,
2023-05-25,0.000120077298042622,,0.0,,
2023-05-26,3.3299910056639606e-05,30.049192934368843,0.0,,
2023-05-27,1.8535585999938544e-05,,0.0,,
2023-05-28,6.476500768204904e-05,9.261153589686634,0.0,,
2023-05-29,0.00023807096988596814,8.123333333333354,0.0,,
2023-05-30,0.0005097461506993374,,0.0,,
2023-05-31,0.00010529572659350455,34.13980158519073,0.0,,
2023-06-01,0.00013075559696755257,,0.0,0.3983148390916245,0.0
2023-06-02,6.33336558478809e-05,29.59464361502937,0.0,,
2023-06-03,6.465962490273477e-06,34.98058934699361,0.0,,
2023-06-04,4.7235539562115396e-05,,0.0,,
2023-06-05,0.00014894712468324715,,0.0,,
2023-06-06,6.124978479326521e-05,,0.0,,
2023-06-07,0.0036473720630677696,,0.0,,
2023-06-08,3.406722392578268e-06,34.08757539203864,0.0,,
2023-06-09,2.462756119663762e-05,,0.0,,
2023-06-10,5.525393648798505e-05,,0.0,,
2023-06-11,0.0008476545201971176,,0.0,,
2023-06-12,0.00018638759216866343,31.985923566879023,0.0,,
2023-06-13,3.413656322025906e-06,28.53243596445376,0.0,,
2023-06-14,4.118334942283601e-05,,0.0,,
2023-06-15,0.00014548451682443593,,0.0,,
2023-06-16,6.462626685904669e-05,10.46657631954355,0.0,,
2023-06-17,2.530464324932991e-06,33.963765984654756,0.0,,
2023-06-18,6.442272916753241e-05,,0.0,,
2023-06-19,3.0441740725902797e-05,,0.0,,
2023-06-20,1.177709885491532e-05,36.32843547481761,0.0,,
2023-06-21,8.52346317969932e-07,33.39570734229581,0.0,,
2023-06-22,5.190330759984484e-06,36.336325771467536,0.0,,
2023-06-23,2.3979809210967242e-05,32.50032170229933,0.0,,
2023-06-24,1.9722161613223778e-06,17.99000000000001,0.0,,
2023-06-25,8.681240957288382e-06,35.41456906669394,0.0,,
2023-06-26,1.3781397688325477e-06,33.49880338827374,0.0,,
2023-06-27,5.84727905668859e-06,37.09254324641531,0.0,,
2023-06-28,8.224109380902145e-06,,0.0,,
2023-06-29,1.2874602930423862e-06,37.640456151128895,0.0,,
2023-06-30,1.7142793353741581e-06,31.605084960996578,0.0,,
2023-07-01,1.150564428188654e-05,33.57994779140025,0.0,0.39638127201953827,0.0
2023-07-02,3.361955602118309e-07,32.84284609435425,0.0,,
2023-07-03,6.623534389223579e-06,,0.0,,
2023-07-04,4.980602060631428e-06,37.935257908523084,0.0,,
2023-07-05,1.176747813094559e-06,33.75430048598907,0.0,,
2023-07-06,1.4179564082138662e-06,35.653576707064765,0.0,,
2023-07-07,1.4514111355668881e-05,35.393375938727836,0.0,,
2023-07-08,4.871708831899468e-07,34.70726677412857,0.0,,
2023-07-09,9.82484485387327e-06,37.235586569372906,0.0,,
2023-07-10,8.499943078277283e-07,33.13462946194541,0.0,,
2023-07-11,2.1434707946355047e-06,36.937410115783074,0.0,,
2023-07-12,2.1461702317537856e-06,34.01470681852094,0.0,,
2023-07-13,1.727760491121444e-06,38.08901647503859,0.0,,
2023-07-14,8.583068797918258e-07,39.78017212992068,0.0,,
2023-07-15,0.0,34.83194446117708,0.0,,
2023-07-16,0.0,37.374384542696596,0.0,,
2023-07-17,8.52346317969932e-07,32.77921294111483,0.0,,
2023-07-18,1.2841465490964765e-06,37.076606562222906,0.0,,
2023-07-19,1.7253826172236586e-06,37.611802273798965,0.0,,
2023-07-20,8.383042313653277e-07,35.65428772919609,0.0,,
2023-07-21,1.7106532013144715e-06,33.83505572971094,0.0,,
2023-07-22,5.55274330949071e-06,29.27620376762998,0.0,,
2023-07-23,2.1457670982272248e-06,,0.0,,
2023-07-24,8.583068833445395e-07,31.041914917005634,0.0,,
2023-07-25,1.076287988016315e-05,34.32914401456,0.0,,
2023-07-26,8.494699841321562e-07,39.91504201680677,0.0,,
2023-07-27,4.4107436991680515e-07,35.47398364370876,0.0,,
2023-07-28,0.0,38.41914757791968,0.0,,
2023-07-29,1.714587710921478e-06,36.64267764044288,0.0,,
2023-07-30,9.749798064536236e-07,,0.0,,
2023-07-31,8.523463748133508e-07,,0.0,,
2023-08-01,3.381485922434566e-05,39.7411783783784,0.0,0.39575337081883855,0.0
2023-08-02,1.7999334424549737e-06,39.083704138388576,0.0,,
2023-08-03,8.52346317969932e-07,33.68878904325551,0.0,,
2023-08-04,9.475870285617727e-07,40.46062471360931,0.0,,
2023-08-05,8.583068797918258e-07,37.02034966467008,0.0,,
2023-08-06,0.0,37.34863892630847,0.0,,
2023-08-07,1.144155531532538e-06,40.23178446062771,0.0,,
2023-08-08,0.0001093835207651419,34.33630415966603,0.0,,
2023-08-09,0.001604836222871567,,0.0,,
2023-08-10,0.0027926733518941235,22.99000000000001,0.0,,
2023-08-11,4.741371945989821e-05,,0.0,,
2023-08-12,1.1863670445602008e-05,35.93732160905604,0.0,,
2023-08-13,9.798623089051382e-06,33.83013191796354,0.0,,
2023-08-14,1.7530994212373775e-05,37.17215281650869,0.0,,
2023-08-15,1.5042436883804647e-05,29.037084828477123,0.0,,
2023-08-16,1.339202231549202e-07,35.177098908960865,0.0,,
2023-08-17,9.91085742382293e-07,30.900373692077768,0.0,,
2023-08-18,3.8704973586062164e-07,33.23158124375759,0.0,,
2023-08-19,0.00018824174049052785,26.8403975265018,0.0,,
2023-08-20,0.02673404343580203,,0.0,,
2023-08-21,0.029495720089659137,,0.0,,
2023-08-22,2.4790458467655395e-06,33.457345084136456,0.0,,
2023-08-23,1.7224120938408305e-06,36.812310341434646,0.0,,
2023-08-24,4.990115612503011e-06,,0.0,,
2023-08-25,1.7146290616786226e-05,32.213862894450514,0.0,,
2023-08-26,1.0101718991810481e-06,37.23368807064812,0.0,,
2023-08-27,9.081465132693026e-07,34.10783194919398,0.0,,
2023-08-28,0.0,,0.0,,
2023-08-29,2.5749206429281912e-06,37.829810621242515,0.0,,
2023-08-30,8.350851317118213e-07,38.13185836361852,0.0,,
2023-08-31,3.840694933900368e-06,35.77665876533033,0.0,,
2023-09-01,7.879375281961673e-05,30.864962928367103,0.0,0.39551124777589947,0.0
2023-09-02,0.006952078600787164,,0.0,,
2023-09-03,0.0027847865793544173,17.650000000000034,0.0,,
2023-09-04,2.6006013675388647e-06,32.86413236827581,0.0,,
2023-09-05,6.374843577121166e-06,,0.0,,
2023-09-06,0.00016767509440158274,29.061872181925157,0.0,,
2023-09-07,2.0704243943182905e-05,36.81809076207804,0.0,,
2023-09-08,0.0,33.3570180237386,0.0,,
2023-09-09,3.436207748563902e-06,35.473952961029404,0.0,,
2023-09-10,0.0001846254660875352,34.85107570529737,0.0,,
2023-09-11,3.2946197082532923e-05,,0.0,,
2023-09-12,0.0,36.029240954113625,0.0,,
2023-09-13,4.0093633967754086e-06,,0.0,,
2023-09-14,1.7797502985974868e-05,33.20434758028042,0.0,,
2023-09-15,8.88958890245244e-06,,0.0,,
2023-09-16,0.00011393770258477393,,0.0,,
2023-09-17,0.0002238352881077999,,0.0,,
2023-09-18,3.639415223547753e-05,30.16984364529824,0.0,,
2023-09-19,3.78565584862234e-06,30.522543010247276,0.0,,
2023-09-20,0.00014180414220120043,,0.0,,
2023-09-21,0.0002666632544732083,29.021518175338592,0.0,,
2023-09-22,9.974393416048265e-06,29.818355153534913,0.0,,
2023-09-23,0.0,27.535197368421088,0.0,,
2023-09-24,6.745470331070271e-07,34.218857128678486,0.0,,
2023-09-25,1.4493959214478114e-05,28.30021308016881,0.0,,
2023-09-26,1.2677400620415038e-06,34.37863328954414,0.0,,
2023-09-27,4.63590977039743e-06,27.63703147476842,0.0,,
2023-09-28,1.2775050832870156e-06,28.931673676941468,0.0,,
2023-09-29,1.903043143817953e-05,,0.0,,
2023-09-30,0.001897285730259237,,0.0,,
2023-10-01,0.0005118584174224156,27.561028424792763,0.0,0.39530877735586645,0.0
2023-10-02,0.0,27.946017962508527,0.0,,
2023-10-03,1.7344801790386555e-06,32.88251322615444,0.0,,
2023-10-04,0.0,33.17666238005737,0.0,,
2023-10-05,1.7106532936850272e-06,36.52224256860706,0.0,,
2023-10-06,0.0,35.80623140329717,0.0,,
2023-10-07,0.0,29.39459120183387,0.0,,
2023-10-08,1.1647014065253661e-06,31.444949724578148,0.0,,
2023-10-09,4.503701493231734e-06,30.27225866290721,0.0,,
2023-10-10,5.713827257789083e-06,,0.0,,
2023-10-11,0.00012849303002053118,30.904779224666978,0.0,,
2023-10-12,9.416264667398786e-07,28.485506973983593,0.0,,
2023-10-13,2.6745127268760427e-05,28.20760164165708,0.0,,
2023-10-14,2.5427721461613704e-06,28.702209016796022,0.0,,
2023-10-15,1.2755393754559918e-06,33.509688329564476,0.0,,
2023-10-16,1.561383078342139e-06,31.40049548400269,0.0,,
2023-10-17,2.3255322046079913e-06,29.788515843548176,0.0,,
2023-10-18,4.410996440670483e-06,30.124089454694026,0.0,,
2023-10-19,1.7225741544280027e-06,25.865231552162882,0.0,,
2023-10-20,1.7116729509325523e-06,31.66473167200914,0.0,,
2023-10-21,1.4646265625781372e-06,30.45387414555692,0.0,,
2023-10-22,1.721432868470537e-05,28.876107834006042,0.0,,
2023-10-23,0.00033758333378563425,24.873105022831073,0.0,,
2023-10-24,1.710653371844728e-06,,0.0,,
2023-10-25,0.0006126405076322934,,0.0,,
2023-10-26,9.984114059524802e-05,26.049692152917544,0.0,,
2023-10-27,2.3714405083990913e-06,24.68833476640874,0.0,,
2023-10-28,1.9455822444178145e-07,28.628551115102532,0.0,,
2023-10-29,1.2646932532334176e-06,27.21152166147884,0.0,,
2023-10-30,1.716028918963275e-06,28.43440542205795,0.0,,
2023-10-31,1.2814997489840607e-06,28.540624941264944,0.0,,
2023-11-01,1.7180245777126402e-06,31.391635099738092,0.0,0.3956396322422676,0.0
2023-11-02,2.5716951199683535e-06,29.62332863187591,0.0,,
2023-11-03,-8.696304121258436e-09,28.372804755188426,0.0,,
2023-11-04,3.4391878216410987e-06,13.090000000000032,0.0,,
2023-11-05,1.8875008421712256e-06,24.238708949611468,0.0,,
2023-11-06,3.1807650698235015e-05,27.556185774733063,0.0,,
2023-11-07,0.0003100043915687723,24.68022328548649,0.0,,
2023-11-08,3.4363210943411104e-06,27.3802408669063,0.0,,
2023-11-09,8.492522169945005e-07,28.218999597017966,0.0,,
2023-11-10,0.0,,0.0,,
2023-11-11,3.010032742167823e-06,26.882670864690564,0.0,,
2023-11-12,0.0,26.948166825548178,0.0,,
2023-11-13,1.727127028061659e-06,18.804984326018857,0.0,,
2023-11-14,0.0,26.939377271387908,0.0,,
2023-11-15,0.0058175462357491605,,0.0,,
2023-11-16,0.005777486296012449,22.331269484622965,0.0,,
2023-11-17,1.4597367619396033e-05,22.30348610865338,0.0,,
2023-11-18,0.0038485653221852207,20.52836691410395,0.0,,
2023-11-19,0.0004488385257145831,23.87635777721393,0.0,,
2023-11-20,8.70227722771233e-07,23.153444544634844,0.0,,
2023-11-21,4.351138045421976e-07,26.752264776839603,0.0,,
2023-11-22,1.7225742112714215e-06,22.281506580239675,0.0,,
2023-11-23,8.583068797918258e-07,24.25989573167604,0.0,,
2023-11-24,0.00017171375290401673,22.808660649445002,0.0,,
2023-11-25,1.776725687879197e-06,22.64146941915634,0.0,,
2023-11-26,1.7225742112714215e-06,9.670000000000016,0.0,,
2023-11-27,-9.528207556286361e-09,18.61605510587852,0.0,,
2023-11-28,8.52346317969932e-07,24.084603800283023,0.0,,
2023-11-29,0.00024579027856700433,,0.0,,
2023-11-30,0.00010115770583457134,,0.0,,
2023-12-01,1.2868769420763667e-05,21.33539970573814,0.0,0.40075557720696325,0.0
2023-12-02,0.0,20.115425925925965,0.0,,
2023-12-03,1.4144055386807057e-06,20.078589566374887,0.0,,
2023-12-04,0.0,16.609480137322247,0.0,,
2023-12-05,4.351138045421976e-07,25.066796191061304,0.0,,
2023-12-06,0.0,23.34259660125433,0.0,,
2023-12-07,9.562563388905626e-05,21.21067824955871,0.0,,
2023-12-08,7.666895205263845e-06,21.626409357930555,0.0,,
2023-12-09,0.0,19.74420382165609,0.0,,
2023-12-10,2.5560521521583723e-06,22.31298645228529,0.0,,
2023-12-11,8.52346317969932e-07,,0.0,,
2023-12-12,1.7106532368416083e-06,19.74991720263181,0.0,,
2023-12-13,8.52346317969932e-07,21.11744898468296,0.0,,
2023-12-14,8.52346317969932e-07,19.178157870750194,0.0,,
2023-12-15,1.7106532368416083e-06,22.10840414942111,0.0,,
2023-12-16,8.52346317969932e-07,18.670000000000016,0.0,,
2023-12-17,1.7106532936850272e-06,15.414876105092794,0.0,,
2023-12-18,0.0002081342199674393,,0.0,,
2023-12-19,0.0020194921087711413,,0.0,,
2023-12-20,0.011191924899177447,,0.0,,
2023-12-21,0.01987247359245381,,0.0,,
2023-12-22,0.01843202494550172,,0.0,,
2023-12-23,0.0005268236423946891,,0.0,,
2023-12-24,0.00017143083120906358,19.70797742863468,0.0,,
2023-12-25,9.416264667398786e-07,,0.0,,
2023-12-26,1.0077750326875871e-05,,0.0,,
2023-12-27,5.581150561341773e-06,12.458933020846205,0.0,,
2023-12-28,7.865974243651044e-05,15.503417431192686,0.0,,
2023-12-29,6.170348815866167e-06,,0.0,,
2023-12-30,0.007609254819281557,16.2621885736099,0.0,,
2023-12-31,0.000510127937535121,,0.0,,
2024-01-01,1.5209837060430142e-05,18.75921217005847,0.0,0.40648877271684597,0.0
2024-01-02,2.5868415605145856e-06,16.579236963566753,0.0,,
2024-01-03,0.004334719257049509,17.45336835264813,0.0,,
2024-01-04,1.5767457694224463e-05,,0.0,,
2024-01-05,0.0,15.370101317122629,0.0,,
2024-01-06,8.523463748133508e-07,17.810873826472736,0.0,,
2024-01-07,3.730096711014413e-05,14.217444590628507,0.0,,
2024-01-08,4.410743663640915e-07,16.88903862836152,0.0,,
2024-01-09,1.3020682558817498e-06,20.62558895705525,0.0,,
2024-01-10,2.227309619713119e-06,16.826204713967112,0.0,,
2024-01-11,8.2362839516173e-06,16.801924473493134,0.0,,
2024-01-12,0.0,16.023491842419453,0.0,,
2024-01-13,0.0,17.265129664769166,0.0,,
2024-01-14,1.0769798343710831e-05,,0.0,,
2024-01-15,2.7923507893339112e-06,14.767891966759034,0.0,,
2024-01-16,5.619766818896057e-06,18.507015866660023,0.0,,
2024-01-17,6.400207245517176e-05,,0.0,,
2024-01-18,0.00037455152957500043,20.343786359327474,0.0,,
2024-01-19,1.6461027429458942e-06,,0.0,,
2024-01-20,0.006144467566875701,,0.0,,
2024-01-21,0.007140188267890443,10.61841328413288,0.0,,
2024-01-22,0.03040956826713793,,0.0,,
2024-01-23,0.0016829079769977585,20.0182448733414,0.0,,
2024-01-24,0.0003334125305743927,,0.0,,
2024-01-25,0.0003347008785848184,19.085574478742743,0.0,,
2024-01-26,1.3615222687416888e-06,13.934182835820929,0.0,,
2024-01-27,0.0,17.42186679301479,0.0,,
2024-01-28,4.351138045421976e-07,22.680422576687143,0.0,,
2024-01-29,2.142786968306609e-06,23.091392966882925,0.0,,
2024-01-30,8.583068833445395e-07,23.51415604361853,0.0,,
2024-01-31,4.351138045421976e-07,,0.0,,
2024-02-01,0.04206215926241495,,0.0,0.40849697902842624,0.0
2024-02-02,0.0008540716576060324,16.591261419354876,0.0,,
2024-02-03,5.781605851901057e-05,,0.0,,
2024-02-04,0.012467900615955055,,0.0,,
2024-02-05,0.08506499998112942,,0.0,,
2024-02-06,0.04282924076340694,,0.0,,
2024-02-07,0.006005797175506852,14.430000000000007,0.0,,
2024-02-08,0.005652496929076762,17.428083314619386,0.0,,
2024-02-09,0.0002531390239778949,11.449874773245975,0.0,,
2024-02-10,2.3368191162043608e-06,18.609242771256834,0.0,,
2024-02-11,0.0,21.281985870066084,0.0,,
2024-02-12,1.716613667213096e-06,18.335159322033938,0.0,,
2024-02-13,-9.610971574147698e-09,,0.0,,
2024-02-14,0.0001127415925227669,11.074761904761946,0.0,,
2024-02-15,2.0358537003485642e-05,20.039917900498242,0.0,,
2024-02-16,1.8987566866773238e-05,18.38688576378277,0.0,,
2024-02-17,5.7677956326255724e-05,,0.0,,
2024-02-18,0.002744053335900002,18.910000000000025,0.0,,
2024-02-19,0.017365969763789586,,0.0,,
2024-02-20,0.014723778042900178,,0.0,,
2024-02-21,0.00825552174045518,,0.0,,
2024-02-22,1.5824906267154918e-05,20.479744525547492,0.0,,
2024-02-23,1.2814997489840607e-06,,0.0,,
2024-02-24,8.443129786428472e-07,,0.0,,
2024-02-25,8.675548492931284e-07,,0.0,,
2024-02-26,0.0011888547118031325,,0.0,,
2024-02-27,0.000740515237365063,21.75367182662541,0.0,,
2024-02-28,0.0,24.49284188993666,0.0,,
2024-02-29,0.0007602555320617999,,0.0,,
2024-03-01,0.000868983851897765,12.383151432469328,0.0,0.4051973803380948,0.0
2024-03-02,0.011243779101247572,,0.0,,
2024-03-03,0.0008011992864755891,19.620431009545882,0.0,,
2024-03-04,5.712058931787898e-05,19.685535714285752,0.0,,
2024-03-05,2.0203437983620962e-06,22.51224747675437,0.0,,
2024-03-06,0.008554192870193529,,0.0,,
2024-03-07,0.012286848590626764,20.178161981325243,0.0,,
2024-03-08,8.735371386664871e-05,24.816421917259365,0.0,,
2024-03-09,1.404133203361701e-06,20.453189557321245,0.0,,
2024-03-10,2.5450549227126103e-06,,0.0,,
2024-03-11,3.938979280669531e-05,24.255653239556725,0.0,,
2024-03-12,3.6474115606392355e-05,19.650000000000034,0.0,,
2024-03-13,3.170015964102238e-05,21.12894859964914,0.0,,
2024-03-14,8.635063365661752e-07,23.57766774128554,0.0,,
2024-03-15,0.0009206522415957863,24.939683712339875,0.0,,
2024-03-16,0.0009892107228085206,26.45379760609362,0.0,,
2024-03-17,8.809211405804564e-05,21.8183556176412,0.0,,
2024-03-18,0.0005341791196629623,29.041149866981982,0.0,,
2024-03-19,0.0016657931165413018,25.085728829915592,0.0,,
2024-03-20,0.0,,0.0,,
2024-03-21,9.416265235832977e-07,27.63502110977084,0.0,,
2024-03-22,7.060867629332549e-06,,0.0,,
2024-03-23,0.004091783914057902,20.30225860857348,0.0,,
2024-03-24,0.0007233362247580152,19.56019963031427,0.0,,
2024-03-25,5.9217093532540876e-05,25.323139225539478,0.0,,
2024-03-26,4.337569500537628e-06,25.08879233421216,0.0,,
2024-03-27,8.52346317969932e-07,25.519729729729765,0.0,,
2024-03-28,7.714236036260076e-06,27.250297020029343,0.0,,
2024-03-29,0.00011631212335951785,20.250000000000057,0.0,,
2024-03-30,0.026929073384376643,,0.0,,
2024-03-31,0.009080785251353519,14.965430038510949,0.0,,
2024-04-01,0.0018172906433259162,27.617829167290353,0.0,0.4045131027346868,0.0
2024-04-02,1.2889495337731205e-06,29.522128922815977,0.0,,
2024-04-03,0.0,29.579862542955365,0.0,,
2024-04-04,0.0007608464732395581,18.312763466042178,0.0,,
2024-04-05,0.0021738210256608773,,0.0,,
2024-04-06,7.488030058185997e-05,27.858176758143397,0.0,,
2024-04-07,1.2874602930423862e-06,19.35477372640293,0.0,,
2024-04-08,8.702277796146518e-07,24.536310073048867,0.0,,
2024-04-09,1.7131802110270655e-06,33.89929701142546,0.0,,
2024-04-10,2.92232016363414e-10,28.791324239557955,0.0,,
2024-04-11,0.0,29.74875852488004,0.0,,
2024-04-12,5.74321188825242e-05,,0.0,,
2024-04-13,0.0019776656272336153,,0.0,,
2024-04-14,0.012966546860142055,,0.0,,
2024-04-15,0.0005390134262409041,24.103252162768385,0.0,,
2024-04-16,4.291534878575476e-07,33.34373646659686,0.0,,
2024-04-17,4.188495381640678e-07,25.10588329764457,0.0,,
2024-04-18,1.1166359515900308e-06,,0.0,,
2024-04-19,1.5058923172594578e-05,26.69339920948618,0.0,,
2024-04-20,1.0108313661940553e-05,,0.0,,
2024-04-21,3.5419109019827335e-06,31.52312479201335,0.0,,
2024-04-22,3.642522269632188e-05,7.850000000000023,0.0,,
2024-04-23,0.00029732078466811294,28.354449961210268,0.0,,
2024-04-24,1.047389105767017e-05,28.397864092201797,0.0,,
2024-04-25,0.00020905403370466527,,0.0,,
2024-04-26,4.339408372922487e-05,30.718056397816905,0.0,,
2024-04-27,2.611096204447599e-06,28.31047446163031,0.0,,
2024-04-28,2.538269313845376e-06,33.1229991940359,0.0,,
2024-04-29,8.685784855799739e-07,27.185500638125095,0.0,,
2024-04-30,8.542979621495306e-07,34.391104797010215,0.0,,
2024-05-01,2.7736070205961328e-05,31.681393854187615,0.0,0.4013140563064621,0.0
2024-05-02,5.418188926157992e-06,,0.0,,
2024-05-03,4.939069139196518e-05,30.421159207630254,0.0,,
2024-05-04,0.00011644071715331749,,0.0,,
2024-05-05,0.0013925069190313575,31.152187069449443,0.0,,
2024-05-06,0.0,31.026890476899432,0.0,,
2024-05-07,8.702277796146518e-07,32.2057556139996,0.0,,
2024-05-08,8.583068797918258e-07,33.12005767012689,0.0,,
2024-05-09,8.702277618510834e-07,26.981811310920012,0.0,,
2024-05-10,5.623254358813434e-06,,0.0,,
2024-05-11,4.4807474663917055e-06,,0.0,,
2024-05-12,2.1883655101694954e-05,,0.0,,
2024-05-13,2.275583179275696e-05,,0.0,,
2024-05-14,4.439875185459853e-05,,0.0,,
2024-05-15,2.2021347828793154e-05,,0.0,,
2024-05-16,3.0669342262181664e-05,,0.0,,
2024-05-17,8.222845760714181e-05,9.30111111111114,0.0,,
2024-05-18,7.731952565781614e-05,,0.0,,
2024-05-19,2.1609727270196285e-05,,0.0,,
2024-05-20,8.040539761807055e-05,,0.0,,
2024-05-21,2.5685578067952246e-05,26.491069633478322,0.0,,
2024-05-22,6.778696745098923e-06,,0.0,,
2024-05-23,7.11919145381197e-05,,0.0,,
2024-05-24,9.518969556032235e-05,,0.0,,
2024-05-25,2.60770320892334e-05,32.31409363492902,0.0,,
2024-05-26,2.8171818307105533e-05,,0.0,,
2024-05-27,8.882500948489673e-06,,0.0,,
2024-05-28,2.2996359683097676e-05,,0.0,,
2024-05-29,1.0709052385266808e-05,,0.0,,
2024-05-30,1.0309066723532443e-06,,0.0,,
2024-05-31,1.730728656687635e-05,,0.0,,
2024-06-01,4.40835952709051e-05,,0.0,0.39887489962191014,0.0
2024-06-02,2.9460610227381927e-05,,0.0,,
2024-06-03,1.9778089218087846e-05,11.312419716206156,0.0,,
2024-06-04,9.850238231902427e-06,,0.0,,
2024-06-05,7.740994717212433e-07,,0.0,,
2024-06-06,3.631476381905428e-05,32.638236434108556,0.0,,
2024-06-07,3.4473170523084416e-05,,0.0,,
2024-06-08,5.708970922104855e-05,,0.0,,
2024-06-09,4.8074316471181015e-05,,0.0,,
2024-06-10,1.5509508923417904e-05,,0.0,,
2024-06-11,3.745701710879578e-05,,0.0,,
2024-06-12,6.559010916778286e-05,12.133929618768335,0.0,,
2024-06-13,3.5860426114015077e-06,29.589294014470543,0.0,,
2024-06-14,1.7903869313178143e-06,33.32764301596932,0.0,,
2024-06-15,1.2785354215338884e-06,35.770637760258786,0.0,,
2024-06-16,1.7106532936850272e-06,35.65174182892038,0.0,,
2024-06-17,4.063645906437662e-05,28.367770437654865,0.0,,
2024-06-18,8.261924250397915e-06,32.27610590819752,0.0,,
2024-06-19,1.2712656183445707e-05,31.072161943864863,0.0,,
2024-06-20,1.0309066155098257e-06,33.908590994186646,0.0,,
2024-06-21,1.7097143540922843e-06,36.124996746583925,0.0,,
2024-06-22,1.8009895931774077e-06,34.9069263596149,0.0,,
2024-06-23,6.370631392704301e-07,36.80700404443765,0.0,,
2024-06-24,4.0105175459737495e-05,34.74571567076596,0.0,,
2024-06-25,8.583068797918258e-07,36.915400372439514,0.0,,
2024-06-26,1.7996798056686955e-06,33.851418112937104,0.0,,
2024-06-27,8.92801487699468e-08,34.82781606257351,0.0,,
2024-06-28,3.4375924542473513e-06,38.096304654442896,0.0,,
2024-06-29,2.6233755529586503e-06,32.3865853193518,0.0,,
2024-06-30,1.4230332954441031e-06,36.10984944927218,0.0,,
2024-07-01,8.543246963199636e-07,36.48696180990042,0.0,0.3968305748472525,0.0
2024-07-02,8.92801487699468e-08,37.16448958965032,0.0,,
2024-07-03,0.0,35.3416760124611,0.0,,
2024-07-04,2.9376912421151034e-06,29.335262885932085,0.0,,
2024-07-05,1.293420723413874e-06,36.936954048795116,0.0,,
2024-07-06,1.3282512832894156e-05,,0.0,,
2024-07-07,0.0,37.916849541195354,0.0,,
2024-07-08,0.0,33.819214296049815,0.0,,
2024-07-09,9.475870285617727e-07,30.738971814212032,0.0,,
2024-07-10,1.9963751447961683e-06,38.20544053652797,0.0,,
2024-07-11,1.0037422077857627e-05,,0.0,,
2024-07-12,7.7227328636266e-06,,0.0,,
2024-07-13,5.5335937662327534e-05,31.023278769352157,0.0,,
2024-07-14,8.583068797918258e-07,25.599182493806794,0.0,,
2024-07-15,4.261732051702438e-07,36.66027340766766,0.0,,
2024-07-16,5.15453261569635e-07,32.80657109363554,0.0,,
2024-07-17,1.1920928955078125e-07,35.97293030794169,0.0,,
2024-07-18,8.52346317969932e-07,33.439059274059304,0.0,,
2024-07-19,3.0941150762276822e-06,34.273896043624596,0.0,,
2024-07-20,8.595658194110456e-07,35.25686415401306,0.0,,
2024-07-21,2.58088101645626e-06,32.65402311707683,0.0,,
2024-07-22,8.52346317969932e-07,34.295928690698375,0.0,,
2024-07-23,0.0,32.61083827751198,0.0,,
2024-07-24,8.52346317969932e-07,32.86577009429728,0.0,,
2024-07-25,1.7106532936850272e-06,36.52183040226402,0.0,,
2024-07-26,0.0,29.869033305038222,0.0,,
2024-07-27,0.0,37.489403791376105,0.0,,
2024-07-28,8.583068833445395e-07,34.82199242688459,0.0,,
2024-07-29,2.1427869114631903e-06,37.0929301550953,0.0,,
2024-07-30,1.3755990649053971e-06,36.039113845517576,0.0,,
2024-07-31,1.9844541135229362e-06,33.04631213694551,0.0,,
2024-08-01,1.086964952255004e-05,,0.0,0.3953653377329708,0.0
2024-08-02,8.52346317969932e-07,30.345600474448965,0.0,,
2024-08-03,1.3009254757889721e-06,36.511178693987205,0.0,,
2024-08-04,0.0,35.2000443690461,0.0,,
2024-08-05,0.0,35.99074954481086,0.0,,
2024-08-06,0.0,36.61329691163999,0.0,,
2024-08-07,0.0,30.04651004668157,0.0,,
2024-08-08,6.857070517032704e-07,36.65471536086457,0.0,,
2024-08-09,0.0,33.543181323573094,0.0,,
2024-08-10,0.0,37.905417572182586,0.0,,
2024-08-11,8.583068797918258e-07,37.248215587742656,0.0,,
2024-08-12,8.583068797918258e-07,32.26593629645055,0.0,,
2024-08-13,0.0,39.094692554982956,0.0,,
2024-08-14,0.0,,0.0,,
2024-08-15,0.0,37.71369776816444,0.0,,
2024-08-16,8.583068797918258e-07,39.158414470745896,0.0,,
2024-08-17,3.447177562307804e-06,,0.0,,
2024-08-18,8.583068833445395e-07,37.91766600112631,0.0,,
2024-08-19,3.8704973586062164e-07,36.21602654096432,0.0,,
2024-08-20,1.0605090841771868e-06,39.726358982235226,0.0,,
2024-08-21,1.4466934317169944e-08,38.921779040598004,0.0,,
2024-08-22,3.0188800579669487e-06,35.39261383559591,0.0,,
2024-08-23,4.1722375852530485e-06,35.559957646578596,0.0,,
2024-08-24,4.49900931500374e-06,32.30128057408532,0.0,,
2024-08-25,8.52346317969932e-07,37.29719913708978,0.0,,
2024-08-26,0.0,35.96828345288156,0.0,,
2024-08-27,0.0,32.99315363743412,0.0,,
2024-08-28,8.583068797918258e-07,34.97200850710659,0.0,,
2024-08-29,8.52346317969932e-07,,0.0,,
2024-08-30,2.397882177474651e-06,31.25920828258225,0.0,,
2024-08-31,8.785344082395005e-06,33.26214303476404,0.0,,
2024-09-01,8.67310945203768e-07,35.23166692264376,0.0,0.3947394205317739,0.0
2024-09-02,1.0752931504528755e-06,35.67738215658511,0.0,,
2024-09-03,4.351138613856165e-07,31.566506790092077,0.0,,
2024-09-04,4.351138045421976e-07,37.4659668253725,0.0,,
2024-09-05,0.0,38.21742308284966,0.0,,
2024-09-06,0.0,38.86395391146151,0.0,,
2024-09-07,0.0,38.86455733420454,0.0,,
2024-09-08,1.7038444752870419e-06,36.899088525912525,0.0,,
2024-09-09,8.523463748133508e-07,40.320341226346855,0.0,,
2024-09-10,8.61427906784229e-07,32.51781473030054,0.0,,
2024-09-11,4.076323508352869e-06,34.90352691712821,0.0,,
2024-09-12,2.910101576414123e-06,33.658607083678575,0.0,,
2024-09-13,3.8266181377366594e-06,27.284804469273787,0.0,,
2024-09-14,2.854060609203596e-05,31.514602451838904,0.0,,
2024-09-15,4.2232554582650214e-05,,0.0,,
2024-09-16,0.00031018250726936664,31.675040717451864,0.0,,
2024-09-17,8.92801487699468e-08,31.456423744932216,0.0,,
2024-09-18,8.583068620282575e-07,28.636532060379345,0.0,,
2024-09-19,0.00015649432650226367,23.727803138373787,0.0,,
2024-09-20,3.2688430548098926e-05,,0.0,,
2024-09-21,3.031403437663802e-06,,0.0,,
2024-09-22,1.0453639123276863e-06,28.788169245966447,0.0,,
2024-09-23,5.263793966702344e-06,,0.0,,
2024-09-24,1.8351607309341489e-06,,0.0,,
2024-09-25,1.3696893732598484e-05,,0.0,,
2024-09-26,5.260173310624792e-06,30.74883974727171,0.0,,
2024-09-27,9.580021262633074e-06,27.58398544395927,0.0,,
2024-09-28,5.858976668305524e-06,28.772941176470614,0.0,,
2024-09-29,1.9393067655654064e-06,28.826398476845608,0.0,,
2024-09-30,8.59253722908645e-06,29.619477891069348,0.0,,
2024-10-01,8.92801487699468e-08,29.604671008309023,0.0,0.39435897028200073,0.0
2024-10-02,8.52346317969932e-07,27.661102905982933,0.0,,
2024-10-03,2.157955123038846e-06,,0.0,,
2024-10-04,1.1265863068206756e-05,33.64936313041487,0.0,,
2024-10-05,4.357596594672941e-07,29.4852452830189,0.0,,
2024-10-06,5.1545969933626675e-06,29.367975547967855,0.0,,
2024-10-07,5.136779014100419e-07,28.278009120706866,0.0,,
2024-10-08,5.530106237684061e-06,28.575210365004196,0.0,,
2024-10-09,2.0916157580436546e-06,28.098223502881524,0.0,,
2024-10-10,2.420228258386564e-06,28.745406162465006,0.0,,
2024-10-11,-5.328658584829178e-09,27.312577939326186,0.0,,
2024-10-12,6.965817289149506e-06,25.814939444560483,0.0,,
2024-10-13,2.6534754143308132e-05,27.03445253376763,0.0,,
2024-10-14,1.771145587631605e-06,22.297826086956537,0.0,,
2024-10-15,4.795637536556162e-06,,0.0,,
2024-10-16,5.258946534747502e-05,,0.0,,
2024-10-17,0.0002966743834020506,,0.0,,
2024-10-18,0.0003543068752888912,29.771074252747837,0.0,,
2024-10-19,1.7184114540214068e-06,28.61589079038482,0.0,,
2024-10-20,1.716613724056515e-06,30.488855602461758,0.0,,
2024-10-21,8.583068797918258e-07,29.77316542413867,0.0,,
2024-10-22,8.523463748133508e-07,28.00410439614968,0.0,,
2024-10-23,8.583068797918258e-07,29.853916118259527,0.0,,
2024-10-24,7.417037126964728e-06,27.216363885839765,0.0,,
2024-10-25,1.7189478285217774e-06,24.430000000000007,0.0,,
2024-10-26,3.7265686370467826e-06,,0.0,,
2024-10-27,0.0,,0.0,,
2024-10-28,1.1328179785545837e-05,24.922895054282296,0.0,,
2024-10-29,4.1554582879898396e-05,23.185887640449458,0.0,,
2024-10-30,0.0,20.554432085226416,0.0,,
2024-10-31,0.0,25.89553225043373,0.0,,
2024-11-01,8.52346317969932e-07,,0.0,0.39409592680874833,0.0
2024-11-02,0.00013441570254870268,19.23961695447413,0.0,,
2024-11-03,5.051922397158589e-05,22.933226889144645,0.0,,
2024-11-04,0.0,26.419632461040905,0.0,,
2024-11-05,8.52346317969932e-07,21.255339339339365,0.0,,
2024-11-06,1.7231332662959176e-06,21.317830323875068,0.0,,
2024-11-07,8.504217134941428e-07,25.105441800129743,0.0,,
2024-11-08,8.52346317969932e-07,20.738481821055988,0.0,,
2024-11-09,0.0,24.241715437907185,0.0,,
2024-11-10,8.52346317969932e-07,23.92194258373209,0.0,,
2024-11-11,1.8616686471064057e-05,21.863945597307932,0.0,,
2024-11-12,5.6248396000963575e-05,,0.0,,
2024-11-13,1.716613667213096e-06,,0.0,,
2024-11-14,4.291534487776971e-07,,0.0,,
2024-11-15,0.0004698215645923502,20.480243852563795,0.0,,
2024-11-16,4.730706416950775e-06,19.874346166083406,0.0,,
2024-11-17,0.0,22.314612896705107,0.0,,
2024-11-18,6.400460790217116e-06,17.564281282316475,0.0,,
2024-11-19,1.293420723413874e-06,15.77614207201195,0.0,,
2024-11-20,0.0,22.094916767189417,0.0,,
2024-11-21,1.732042733237904e-06,20.84370098198611,0.0,,
2024-11-22,4.790057522284242e-06,21.07310957209995,0.0,,
2024-11-23,0.000283527120517105,,0.0,,
2024-11-24,0.0007250743977566983,14.470000000000027,0.0,,
2024-11-25,0.0003072443794647151,,0.0,,
2024-11-26,0.0006158290391272686,10.579937304075258,0.0,,
2024-11-27,0.00041294452991891414,17.028432345280944,0.0,,
2024-11-28,4.6631433785981415e-06,18.953097806326543,0.0,,
2024-11-29,1.293420723413874e-06,,0.0,,
2024-11-30,8.591058406424014e-06,8.010000000000048,0.0,,
2024-12-01,4.296702400097274e-06,21.197685250985234,0.0,0.3961499878350966,0.0
2024-12-02,-5.190713636693545e-09,,0.0,,
2024-12-03,4.442448209345534e-06,11.092504833512388,0.0,,
2024-12-04,5.298218805829163e-06,17.78137307796066,0.0,,
2024-12-05,2.341029935305801e-06,15.170000000000016,0.0,,
2024-12-06,3.1988671030666545e-06,17.430000000000007,0.0,,
2024-12-07,1.2814997489840607e-06,22.64777744270209,0.0,,
2024-12-08,0.0,,0.0,,
2024-12-09,2.9458011498176575e-05,19.73379184752784,0.0,,
2024-12-10,8.52346317969932e-07,14.470000000000027,0.0,,
2024-12-11,0.0,,0.0,,
2024-12-12,2.9930705457377854e-05,,0.0,,
2024-12-13,9.990499374714304e-06,16.12064597426717,0.0,,
2024-12-14,2.747520396409759e-06,16.865310909272402,0.0,,
2024-12-15,2.1912442876937542e-05,14.82458127018303,0.0,,
2024-12-16,4.261732051702438e-07,18.255074734192856,0.0,,
2024-12-17,1.0574580874453339e-06,17.699849341808928,0.0,,
2024-12-18,1.2898295267405047e-06,20.987344596748514,0.0,,
2024-12-19,8.493368213180474e-07,14.979401022644293,0.0,,
2024-12-20,1.1296982460833611e-06,,0.0,,
2024-12-21,1.0947851424521587e-05,15.86015462610903,0.0,,
2024-12-22,2.295607896267609e-05,,0.0,,
2024-12-23,6.329569410770498e-06,,0.0,,
2024-12-24,0.00019530388350065238,,0.0,,
2024-12-25,9.617473762405776e-05,14.797931411893503,0.0,,
2024-12-26,1.2889990443909483e-06,9.90074598678001,0.0,,
2024-12-27,8.962004498210048e-05,,0.0,,
2024-12-28,6.646653439136262e-05,,0.0,,
2024-12-29,7.55501554317652e-05,,0.0,,
2024-12-30,4.4438369725711815e-05,14.641850496602226,0.0,,
2024-12-31,3.529051516918426e-05,6.07000000000005,0.0,,
2025-01-01,1.1125904448488925e-05,13.569014638036144,0.0,0.4001408724570346,0.0
2025-01-02,0.0,16.735365079365113,0.0,,
2025-01-03,8.52346317969932e-07,,0.0,,
2025-01-04,1.7416033338993154e-05,11.617119023904408,0.0,,
2025-01-05,0.0,16.7278088363283,0.0,,
2025-01-06,8.624298288850696e-07,20.004384661314973,0.0,,
2025-01-07,3.2598222870024557e-06,11.330714843140342,0.0,,
2025-01-08,8.52346317969932e-07,7.863055555555578,0.0,,
2025-01-09,0.0,12.852348837209343,0.0,,
2025-01-10,2.1506901930479216e-06,18.268967050737853,0.0,,
2025-01-11,8.52346317969932e-07,13.190000000000055,0.0,,
2025-01-12,0.0,17.237920587322957,0.0,,
2025-01-13,8.612871056357108e-07,17.552481664421524,0.0,,
2025-01-14,1.275539318612573e-06,15.326065685164247,0.0,,
2025-01-15,1.2874602930423862e-06,17.764054806783736,0.0,,
2025-01-16,-5.960544058325468e-09,13.495446031374405,0.0,,
2025-01-17,1.787917410576345e-05,15.94005522246768,0.0,,
2025-01-18,8.507548392223745e-06,14.615574480890785,0.0,,
2025-01-19,5.368228635524382e-06,,0.0,,
2025-01-20,3.443702738335792e-05,18.771216324889455,0.0,,
2025-01-21,1.7136334804490616e-06,14.883271986725031,0.0,,
2025-01-22,2.139806724699156e-06,,0.0,,
2025-01-23,1.2904397976853943e-06,21.921241544173782,0.0,,
2025-01-24,1.7212703937730112e-06,18.601810593900517,0.0,,
2025-01-25,1.4268971504049097e-05,17.910677863823828,0.0,,
2025-01-26,0.010149125088945707,,0.0,,
2025-01-27,0.004927818698983648,14.449720212252808,0.0,,
2025-01-28,1.2993811537853617e-06,13.555291358282101,0.0,,
2025-01-29,5.1700025140844637e-05,16.649224654859882,0.0,,
