Species Name,Invasive,Assessment ID,Red List Category,Population Trend,Kingdom,Phylum,Class,Order,Family,Genus,Observations_2005,Observations_2006,Observations_2007,Observations_2008,Observations_2009,Observations_2010,Observations_2011,Observations_2012,Observations_2013,Observations_2014,Observations_2015,Observations_2016,Observations_2017,Observations_2018,Observations_2019,Observations_2020,Observations_2021,Observations_2022,Observations_2023,Observations_2024
Fumaria muralis,0,Not Found,Unknown,Unknown,Plantae,Tracheophyta,Magnoliopsida,Ranunculales,Papaveraceae,Fumaria,0,0,0,4,0,0,0,0,0,0,0,0,0,0,0,0,0,0,0,0
Delichon urbicum,0,264561964,Least Concern,Stable,Animalia,Chordata,Aves,Passeriformes,Hirundinidae,Delichon,0,0,0,0,0,0,0,0,0,0,0,0,2,1,0,1,1,0,0,0
Pastinaca sativa,0,Not Found,Unknown,Unknown,Plantae,Tracheophyta,Magnoliopsida,Apiales,Apiaceae,Pastinaca,0,0,0,0,0,0,0,0,0,0,0,0,0,0,1,0,0,0,0,0
Pernis apivorus,0,210525956,Least Concern,Stable,Animalia,Chordata,Aves,Accipitriformes,Accipitridae,Pernis,0,0,0,1,0,0,0,0,0,0,0,0,0,0,2,0,0,0,0,0
Columba oenas,0,264541812,Least Concern,Increasing,Animalia,Chordata,Aves,Columbiformes,Columbidae,Columba,0,0,0,0,0,0,0,0,0,0,0,1,0,0,2,5,6,0,0,0
Burhinus oedicnemus,0,166454549,Least Concern,Decreasing,Animalia,Chordata,Aves,Charadriiformes,Burhinidae,Burhinus,0,0,0,0,0,0,0,0,0,0,0,0,1,0,2,1,1,0,0,0
Silene baccifera,0,Not Found,Unknown,Unknown,Plantae,Tracheophyta,Magnoliopsida,Caryophyllales,Caryophyllaceae,Silene,0,0,0,0,0,0,0,0,0,2,0,0,0,0,0,0,0,0,0,0
Avena fatua,0,19394581,Least Concern,Stable,Plantae,Tracheophyta,Liliopsida,Poales,Poaceae,Avena,0,0,0,0,0,0,0,0,0,0,0,0,0,0,0,0,0,0,1,0
Cerastium holosteoides,0,Not Found,Unknown,Unknown,Plantae,Tracheophyta,Magnoliopsida,Caryophyllales,Caryophyllaceae,Cerastium,0,0,0,0,0,0,0,0,0,0,0,0,1,0,0,0,0,0,0,0
Galium mollugo,0,Not Found,Unknown,Unknown,Plantae,Tracheophyta,Magnoliopsida,Gentianales,Rubiaceae,Galium,0,0,0,0,0,0,0,0,0,0,1,0,0,0,0,0,0,0,1,0
Lotus corniculatus,1,7243415,Least Concern,Stable,Plantae,Tracheophyta,Magnoliopsida,Fabales,Fabaceae,Lotus,0,0,0,0,0,0,0,0,0,0,0,0,0,0,0,0,0,0,2,0
Brachypodium sylvaticum,0,Not Found,Unknown,Unknown,Plantae,Tracheophyta,Liliopsida,Poales,Poaceae,Brachypodium,0,0,0,0,0,0,0,0,0,2,0,0,6,0,0,0,0,0,1,0
Silene vulgaris,0,53798707,Least Concern,Stable,Plantae,Tracheophyta,Magnoliopsida,Caryophyllales,Caryophyllaceae,Silene,0,0,0,0,0,0,0,0,0,0,0,0,0,0,0,0,0,0,1,0
Turdus viscivorus,0,264544715,Least Concern,Stable,Animalia,Chordata,Aves,Passeriformes,Turdidae,Turdus,0,0,0,0,0,0,0,0,0,0,0,0,0,0,0,0,1,0,0,0
Quercus robur,0,3126467,Least Concern,Decreasing,Plantae,Tracheophyta,Magnoliopsida,Fagales,Fagaceae,Quercus,0,0,0,0,0,0,0,0,1,2,2,0,0,0,0,0,0,0,0,0
Capreolus capreolus,0,224358944,Least Concern,Increasing,Animalia,Chordata,Mammalia,Artiodactyla,Cervidae,Capreolus,0,0,0,0,0,0,0,0,0,0,0,2,0,0,0,0,6,0,0,0
Polygonum aviculare,0,2764857,Least Concern,Stable,Plantae,Tracheophyta,Magnoliopsida,Caryophyllales,Polygonaceae,Polygonum,0,0,0,0,0,0,0,0,0,0,0,0,0,0,0,0,0,0,3,0
Nymphalis polychloros,0,211418010,Least Concern,Stable,Animalia,Arthropoda,Insecta,Lepidoptera,Nymphalidae,Nymphalis,0,0,0,0,1,0,0,0,0,0,0,0,1,0,0,0,0,0,0,0
Papilio machaon,0,211382700,Least Concern,Increasing,Animalia,Arthropoda,Insecta,Lepidoptera,Papilionidae,Papilio,0,0,0,0,0,0,0,0,0,0,1,1,1,3,0,0,0,0,0,0
Crepis capillaris,0,Not Found,Unknown,Unknown,Plantae,Tracheophyta,Magnoliopsida,Asterales,Asteraceae,Crepis,0,0,0,0,0,0,0,0,0,0,0,0,0,0,0,0,0,0,1,0
Falco tinnunculus,0,210515355,Least Concern,Unknown,Animalia,Chordata,Aves,Falconiformes,Falconidae,Falco,0,0,0,0,0,0,0,0,0,0,0,1,1,3,16,4,6,0,0,0
Leucanthemum vulgare,0,Not Found,Unknown,Unknown,Plantae,Tracheophyta,Magnoliopsida,Asterales,Asteraceae,Leucanthemum,0,0,0,0,0,0,0,0,0,2,2,0,0,0,0,0,0,0,0,0
Mustela putorius,0,215860613,Least Concern,Decreasing,Animalia,Chordata,Mammalia,Carnivora,Mustelidae,Mustela,0,0,0,0,0,0,1,0,0,0,0,0,0,0,0,0,0,0,0,0
Dactylis glomerata,0,Not Found,Unknown,Unknown,Plantae,Tracheophyta,Liliopsida,Poales,Poaceae,Dactylis,0,0,0,0,0,0,0,0,0,2,0,0,2,0,1,0,0,0,4,0
Ladoga camilla,0,Not Found,Unknown,Unknown,Animalia,Arthropoda,Insecta,Lepidoptera,Nymphalidae,Ladoga,0,0,0,0,0,0,0,0,0,0,0,0,0,2,0,0,0,0,0,0
Viola odorata,0,2766319,Least Concern,Stable,Plantae,Tracheophyta,Magnoliopsida,Malpighiales,Violaceae,Viola,0,0,0,0,0,0,0,0,0,0,0,0,6,0,0,0,0,0,2,0
Coenagrion puella,0,208828327,Least Concern,Stable,Animalia,Arthropoda,Insecta,Odonata,Coenagrionidae,Coenagrion,0,0,0,0,0,0,0,3,0,0,0,0,0,0,0,0,0,0,0,0
Ciconia ciconia,0,166325948,Least Concern,Increasing,Animalia,Chordata,Aves,Ciconiiformes,Ciconiidae,Ciconia,0,0,0,0,0,0,0,0,0,0,0,0,0,0,1,0,0,0,0,0
Salix atrocinerea,0,109616089,Least Concern,Stable,Plantae,Tracheophyta,Magnoliopsida,Malpighiales,Salicaceae,Salix,0,0,0,0,0,0,0,0,0,0,0,0,0,0,1,0,0,0,0,0
Melissa officinalis,0,2762574,Least Concern,Unknown,Plantae,Tracheophyta,Magnoliopsida,Lamiales,Lamiaceae,Melissa,0,0,0,0,0,0,0,0,0,0,0,0,0,0,0,1,0,0,0,0
Emberiza calandra,0,166426657,Least Concern,Decreasing,Animalia,Chordata,Aves,Passeriformes,Emberizidae,Emberiza,0,0,0,0,0,0,0,0,0,0,0,0,0,0,0,5,0,0,0,0
Fomes fomentarius,0,Not Found,Unknown,Unknown,Fungi,Basidiomycota,Agaricomycetes,Polyporales,Polyporaceae,Fomes,0,0,0,0,0,0,0,0,0,0,0,0,0,0,1,0,0,0,0,0
Cotoneaster franchetii,0,Not Found,Unknown,Unknown,Plantae,Tracheophyta,Magnoliopsida,Rosales,Rosaceae,Cotoneaster,0,0,0,0,0,0,0,0,0,0,0,0,0,0,0,0,0,1,0,0
Lissotriton helveticus,0,228185144,Least Concern,Decreasing,Animalia,Chordata,Amphibia,Caudata,Salamandridae,Lissotriton,0,0,0,0,0,0,0,0,1,0,0,0,0,0,0,0,0,0,0,0
Alliaria petiolata,1,Not Found,Unknown,Unknown,Plantae,Tracheophyta,Magnoliopsida,Brassicales,Brassicaceae,Alliaria,0,0,0,0,0,0,0,0,0,2,2,0,2,0,0,0,0,1,2,0
Iris pseudacorus,1,42326782,Least Concern,Stable,Plantae,Tracheophyta,Liliopsida,Asparagales,Iridaceae,Iris,0,0,0,0,0,0,0,2,0,0,2,0,0,0,0,0,0,0,0,0
Cirsium arvense,1,Not Found,Unknown,Unknown,Plantae,Tracheophyta,Magnoliopsida,Asterales,Asteraceae,Cirsium,0,0,0,0,0,0,0,0,0,2,0,0,2,0,1,0,0,0,3,0
Oriolus oriolus,0,264564352,Least Concern,Stable,Animalia,Chordata,Aves,Passeriformes,Oriolidae,Oriolus,0,0,0,0,0,0,0,0,0,0,0,0,1,0,0,1,0,0,0,0
Trifolium fragiferum,0,Not Found,Unknown,Unknown,Plantae,Tracheophyta,Magnoliopsida,Fabales,Fabaceae,Trifolium,0,0,0,0,0,0,0,0,0,0,0,0,0,0,1,0,0,0,1,0
Linaria vulgaris,1,Not Found,Unknown,Unknown,Plantae,Tracheophyta,Magnoliopsida,Lamiales,Plantaginaceae,Linaria,0,0,0,0,0,0,0,0,0,0,0,0,0,0,0,0,0,0,1,0
Prunella modularis,0,166409165,Least Concern,Decreasing,Animalia,Chordata,Aves,Passeriformes,Prunellidae,Prunella,0,0,0,0,0,0,0,0,0,0,0,0,0,0,2,0,4,0,0,0
Vanellus vanellus,0,166266204,Vulnerable,Decreasing,Animalia,Chordata,Aves,Charadriiformes,Charadriidae,Vanellus,0,0,0,0,0,0,0,0,0,0,0,2,1,2,4,3,16,2,0,0
Coenonympha pamphilus,0,211434061,Least Concern,Increasing,Animalia,Arthropoda,Insecta,Lepidoptera,Nymphalidae,Coenonympha,0,0,0,0,1,0,0,0,0,0,0,0,1,1,0,0,0,0,0,0
Aglais urticae,0,211434469,Near Threatened,Decreasing,Animalia,Arthropoda,Insecta,Lepidoptera,Nymphalidae,Aglais,0,0,0,0,0,0,1,0,0,7,7,2,5,3,0,1,0,0,0,0
Daphne laureola,0,2766175,Least Concern,Stable,Plantae,Tracheophyta,Magnoliopsida,Malvales,Thymelaeaceae,Daphne,0,0,0,0,0,0,0,0,0,0,0,0,0,0,0,0,0,1,0,0
Astragalus glycyphyllos,0,2758135,Least Concern,Decreasing,Plantae,Tracheophyta,Magnoliopsida,Fabales,Fabaceae,Astragalus,0,0,0,0,0,0,0,0,0,0,0,0,0,0,0,0,0,0,1,0
Papaver rhoeas,0,2764767,Least Concern,Stable,Plantae,Tracheophyta,Magnoliopsida,Ranunculales,Papaveraceae,Papaver,0,0,0,5,0,0,0,0,0,2,0,0,0,0,0,0,0,0,2,0
Senecio vulgaris,1,Not Found,Unknown,Unknown,Plantae,Tracheophyta,Magnoliopsida,Asterales,Asteraceae,Senecio,0,0,0,0,0,0,0,0,0,0,2,1,0,0,0,0,0,0,1,0
Lamium purpureum,0,Not Found,Unknown,Unknown,Plantae,Tracheophyta,Magnoliopsida,Lamiales,Lamiaceae,Lamium,0,0,0,0,0,0,0,0,0,0,2,0,0,0,0,0,0,0,0,0
Trifolium campestre,0,Not Found,Unknown,Unknown,Plantae,Tracheophyta,Magnoliopsida,Fabales,Fabaceae,Trifolium,0,0,0,0,0,0,0,0,0,0,0,0,0,0,1,0,0,0,1,0
Laburnum anagyroides,0,79919650,Least Concern,Unknown,Plantae,Tracheophyta,Magnoliopsida,Fabales,Fabaceae,Laburnum,0,0,0,0,0,0,0,0,0,2,2,0,4,0,1,0,0,0,2,0
Bufo bufo,0,200188858,Least Concern,Decreasing,Animalia,Chordata,Amphibia,Anura,Bufonidae,Bufo,0,0,0,0,0,1,1,0,0,0,4,4,0,1,0,0,0,0,0,0
Aegithalos caudatus,0,264587236,Least Concern,Stable,Animalia,Chordata,Aves,Passeriformes,Aegithalidae,Aegithalos,0,0,0,0,0,0,0,0,0,0,0,0,0,0,4,0,1,0,0,0
Calystegia sepium,0,78457032,Least Concern,Unknown,Plantae,Tracheophyta,Magnoliopsida,Solanales,Convolvulaceae,Calystegia,0,0,0,0,0,0,0,0,0,0,0,0,0,0,0,0,0,0,1,0
Fragaria vesca,1,6834548,Least Concern,Unknown,Plantae,Tracheophyta,Magnoliopsida,Rosales,Rosaceae,Fragaria,0,0,0,0,0,0,0,0,0,2,2,0,0,0,0,0,0,0,1,0
Sciurus vulgaris,0,221731049,Least Concern,Unknown,Animalia,Chordata,Mammalia,Rodentia,Sciuridae,Sciurus,0,0,0,0,0,0,0,0,0,0,1,0,1,0,0,0,0,0,0,0
Papaver somniferum,0,2764773,Least Concern,Stable,Plantae,Tracheophyta,Magnoliopsida,Ranunculales,Papaveraceae,Papaver,0,0,0,0,0,0,0,0,0,0,0,0,0,0,1,0,0,0,0,0
Verbena officinalis,0,1040163,Least Concern,Stable,Plantae,Tracheophyta,Magnoliopsida,Lamiales,Verbenaceae,Verbena,0,0,0,0,0,0,0,0,0,0,0,0,0,0,0,0,0,0,2,0
Persicaria lapathifolia,0,1048733,Least Concern,Unknown,Plantae,Tracheophyta,Magnoliopsida,Caryophyllales,Polygonaceae,Persicaria,0,0,0,0,0,0,0,0,0,0,0,0,0,0,0,0,0,0,1,0
Stachys sylvatica,0,Not Found,Unknown,Unknown,Plantae,Tracheophyta,Magnoliopsida,Lamiales,Lamiaceae,Stachys,0,0,0,0,0,0,0,0,0,0,0,0,0,0,0,0,0,0,1,0
Emberiza schoeniclus,0,166426048,Least Concern,Decreasing,Animalia,Chordata,Aves,Passeriformes,Emberizidae,Emberiza,0,0,0,0,0,0,0,0,0,0,0,0,0,0,0,1,0,0,0,0
Lamium album,0,2762544,Least Concern,Stable,Plantae,Tracheophyta,Magnoliopsida,Lamiales,Lamiaceae,Lamium,0,0,0,0,0,0,0,0,0,0,2,0,0,0,0,0,0,0,2,0
Circus aeruginosus,0,210508502,Least Concern,Decreasing,Animalia,Chordata,Aves,Accipitriformes,Accipitridae,Circus,0,0,0,5,4,2,0,0,0,0,0,0,1,0,0,2,2,0,1,0
Jacobaea vulgaris,0,Not Found,Unknown,Unknown,Plantae,Tracheophyta,Magnoliopsida,Asterales,Asteraceae,Jacobaea,0,0,0,0,0,0,0,0,0,0,0,0,0,0,1,0,0,0,2,0
Columba palumbus,0,166231450,Least Concern,Increasing,Animalia,Chordata,Aves,Columbiformes,Columbidae,Columba,0,0,1,0,2,1,0,0,0,0,0,0,2,1,20,30,15,1,0,0
Tyria jacobaeae,0,Not Found,Unknown,Unknown,Animalia,Arthropoda,Insecta,Lepidoptera,Erebidae,Tyria,0,0,0,0,4,0,0,0,0,0,2,0,0,0,0,0,0,0,0,0
Elymus repens,0,Not Found,Unknown,Unknown,Plantae,Tracheophyta,Liliopsida,Poales,Poaceae,Elymus,0,0,0,0,0,0,0,0,0,0,0,0,0,0,0,0,0,0,2,0
Polyommatus icarus,0,211430492,Least Concern,Decreasing,Animalia,Arthropoda,Insecta,Lepidoptera,Lycaenidae,Polyommatus,0,0,0,0,0,0,0,0,0,0,0,0,1,0,0,0,0,0,0,0
Reseda lutea,0,Not Found,Unknown,Unknown,Plantae,Tracheophyta,Magnoliopsida,Brassicales,Resedaceae,Reseda,0,0,0,0,0,0,0,0,0,2,0,0,2,0,0,0,0,0,3,0
Turdus pilaris,0,264547173,Least Concern,Stable,Animalia,Chordata,Aves,Passeriformes,Turdidae,Turdus,0,0,0,0,0,0,0,0,0,0,0,0,0,0,0,1,0,0,0,0
Geranium dissectum,0,Not Found,Unknown,Unknown,Plantae,Tracheophyta,Magnoliopsida,Geraniales,Geraniaceae,Geranium,0,0,0,0,0,0,0,0,0,2,2,0,0,0,1,0,0,0,1,0
Carex divulsa,0,5712657,Least Concern,Stable,Plantae,Tracheophyta,Liliopsida,Poales,Cyperaceae,Carex,0,0,0,0,0,0,0,0,0,2,0,0,0,0,0,0,0,0,1,0
Fraxinus excelsior,0,67807718,Near Threatened,Decreasing,Plantae,Tracheophyta,Magnoliopsida,Lamiales,Oleaceae,Fraxinus,0,0,0,0,0,0,0,0,0,2,2,0,4,0,0,0,0,0,3,0
Corvus corone,0,264543876,Least Concern,Stable,Animalia,Chordata,Aves,Passeriformes,Corvidae,Corvus,0,0,0,0,0,0,0,0,0,0,0,0,0,0,11,5,14,1,0,0
Sylvia communis,0,Not Found,Unknown,Unknown,Animalia,Chordata,Aves,Passeriformes,Sylviidae,Sylvia,0,0,0,0,0,0,0,0,0,0,0,0,0,0,0,4,0,0,0,0
Accipiter nisus,0,210499136,Least Concern,Unknown,Animalia,Chordata,Aves,Accipitriformes,Accipitridae,Accipiter,0,0,0,0,0,0,0,0,0,0,0,0,0,1,0,5,2,0,0,0
Potentilla reptans,0,Not Found,Unknown,Unknown,Plantae,Tracheophyta,Magnoliopsida,Rosales,Rosaceae,Potentilla,0,0,0,0,0,0,0,0,0,2,2,0,0,0,0,0,0,0,3,0
Anthus trivialis,0,166404675,Least Concern,Decreasing,Animalia,Chordata,Aves,Passeriformes,Motacillidae,Anthus,0,0,0,0,0,0,0,0,0,0,0,0,0,0,2,0,0,0,0,0
Torilis arvensis,0,Not Found,Unknown,Unknown,Plantae,Tracheophyta,Magnoliopsida,Apiales,Apiaceae,Torilis,0,0,0,0,0,0,0,0,0,0,0,0,2,0,1,0,0,0,2,0
Cyanistes caeruleus,0,264532201,Least Concern,Stable,Animalia,Chordata,Aves,Passeriformes,Paridae,Cyanistes,0,0,0,0,0,0,0,0,0,0,0,0,2,0,2,1,7,3,0,0
Picus viridis,0,264587872,Least Concern,Stable,Animalia,Chordata,Aves,Piciformes,Picidae,Picus,0,0,0,0,0,0,0,0,0,0,0,0,1,0,4,2,2,1,0,0
Sympetrum striolatum,0,208822454,Least Concern,Stable,Animalia,Arthropoda,Insecta,Odonata,Libellulidae,Sympetrum,0,0,0,0,0,0,0,2,0,0,0,0,0,0,0,0,0,0,0,0
Lissotriton vulgaris,0,229006372,Least Concern,Stable,Animalia,Chordata,Amphibia,Caudata,Salamandridae,Lissotriton,0,0,0,0,0,0,0,0,0,1,0,0,0,0,0,0,0,0,0,0
Cichorium intybus,0,6527012,Least Concern,Stable,Plantae,Tracheophyta,Magnoliopsida,Asterales,Asteraceae,Cichorium,0,0,0,0,0,0,0,0,0,0,0,0,0,0,0,0,0,0,1,0
Helminthotheca echioides,0,Not Found,Unknown,Unknown,Plantae,Tracheophyta,Magnoliopsida,Asterales,Asteraceae,Helminthotheca,0,0,0,0,0,0,0,0,0,0,0,0,0,0,1,0,0,0,5,0
Digitaria sanguinalis,0,Not Found,Unknown,Unknown,Plantae,Tracheophyta,Liliopsida,Poales,Poaceae,Digitaria,0,0,0,0,0,0,0,0,0,0,0,0,0,0,0,0,0,0,1,0
Columba livia,1,166230154,Least Concern,Unknown,Animalia,Chordata,Aves,Columbiformes,Columbidae,Columba,0,0,0,0,0,0,0,0,0,0,0,0,0,0,0,0,4,0,0,0
Galium aparine,0,2765924,Least Concern,Stable,Plantae,Tracheophyta,Magnoliopsida,Gentianales,Rubiaceae,Galium,0,0,0,0,0,0,0,0,0,2,2,0,6,0,0,0,0,0,0,0
Typha latifolia,1,84300723,Least Concern,Stable,Plantae,Tracheophyta,Liliopsida,Poales,Typhaceae,Typha,0,0,0,0,0,0,0,1,0,0,0,0,0,0,2,0,0,0,0,0
Iris germanica,0,Not Found,Unknown,Unknown,Plantae,Tracheophyta,Liliopsida,Asparagales,Iridaceae,Iris,0,0,0,0,0,0,0,0,0,2,0,0,0,0,0,0,0,0,0,0
Bromus hordeaceus,0,Not Found,Unknown,Unknown,Plantae,Tracheophyta,Liliopsida,Poales,Poaceae,Bromus,0,0,0,0,0,0,0,0,0,0,0,0,4,0,1,0,0,0,1,0
Geum urbanum,0,2765446,Least Concern,Stable,Plantae,Tracheophyta,Magnoliopsida,Rosales,Rosaceae,Geum,0,0,0,0,0,0,0,0,0,2,2,0,6,0,0,0,0,0,3,0
Erithacus rubecula,0,166350059,Least Concern,Stable,Animalia,Chordata,Aves,Passeriformes,Muscicapidae,Erithacus,0,0,0,0,0,0,0,0,0,0,0,0,2,0,4,4,8,2,0,0
Arenaria leptoclados,0,Not Found,Unknown,Unknown,Plantae,Tracheophyta,Magnoliopsida,Caryophyllales,Caryophyllaceae,Arenaria,0,0,0,0,0,0,0,0,0,0,0,0,0,0,0,0,0,0,1,0
Chalcolestes viridis,0,208853331,Least Concern,Stable,Animalia,Arthropoda,Insecta,Odonata,Lestidae,Chalcolestes,0,0,0,0,0,0,0,1,0,1,0,0,0,0,0,0,0,0,0,0
Arctium minus,0,Not Found,Unknown,Unknown,Plantae,Tracheophyta,Magnoliopsida,Asterales,Asteraceae,Arctium,0,1,0,0,0,0,0,0,0,2,2,0,0,0,0,0,0,0,2,0
Motacilla flava,0,221311302,Least Concern,Decreasing,Animalia,Chordata,Aves,Passeriformes,Motacillidae,Motacilla,0,0,0,0,0,0,0,0,0,0,0,0,1,0,0,3,0,0,0,0
Eryngium campestre,0,Not Found,Unknown,Unknown,Plantae,Tracheophyta,Magnoliopsida,Apiales,Apiaceae,Eryngium,0,0,0,0,0,0,0,0,0,2,0,0,2,0,0,0,0,0,1,0
Parus major,0,264577711,Least Concern,Stable,Animalia,Chordata,Aves,Passeriformes,Paridae,Parus,0,0,0,0,0,0,0,0,0,0,0,0,1,0,5,9,8,3,0,0
Quercusia quercus,0,Not Found,Unknown,Unknown,Animalia,Arthropoda,Insecta,Lepidoptera,Lycaenidae,Quercusia,0,0,0,0,0,0,0,0,0,0,0,1,0,0,0,0,0,0,0,0
Cornus sanguinea,0,Not Found,Unknown,Unknown,Plantae,Tracheophyta,Magnoliopsida,Cornales,Cornaceae,Cornus,0,0,0,0,0,0,0,0,0,2,2,0,2,0,1,0,0,0,3,0
Lasiocampa quercus,0,Not Found,Unknown,Unknown,Animalia,Arthropoda,Insecta,Lepidoptera,Lasiocampidae,Lasiocampa,0,0,0,0,0,0,0,0,0,0,1,1,2,0,0,0,0,0,0,0
Viburnum tinus,0,121076349,Least Concern,Stable,Plantae,Tracheophyta,Magnoliopsida,Dipsacales,Viburnaceae,Viburnum,0,0,0,0,0,0,0,0,0,0,0,0,0,0,1,0,0,0,0,0
Epilobium tetragonum,0,5836260,Least Concern,Stable,Plantae,Tracheophyta,Magnoliopsida,Myrtales,Onagraceae,Epilobium,0,0,0,0,0,0,0,0,0,0,0,0,0,0,0,0,0,0,2,0
Maniola jurtina,0,211385883,Least Concern,Increasing,Animalia,Arthropoda,Insecta,Lepidoptera,Nymphalidae,Maniola,0,0,0,0,0,0,0,0,0,0,0,0,1,1,0,0,0,0,0,0
Prunella vulgaris,0,78457152,Least Concern,Unknown,Plantae,Tracheophyta,Magnoliopsida,Lamiales,Lamiaceae,Prunella,0,0,0,0,0,0,0,0,0,0,0,0,0,0,0,0,0,1,3,0
Petroselinum crispum,0,Not Found,Unknown,Unknown,Plantae,Tracheophyta,Magnoliopsida,Apiales,Apiaceae,Petroselinum,0,0,0,0,0,0,0,0,0,0,0,0,0,0,0,2,0,0,0,0
Poterium sanguisorba,0,Not Found,Unknown,Unknown,Plantae,Tracheophyta,Magnoliopsida,Rosales,Rosaceae,Poterium,0,0,0,0,0,0,0,0,0,0,0,0,0,0,0,0,0,0,1,0
Arrhenatherum elatius,0,7240670,Least Concern,Stable,Plantae,Tracheophyta,Liliopsida,Poales,Poaceae,Arrhenatherum,0,0,0,0,0,0,0,0,0,0,0,0,2,0,1,0,0,0,2,0
Centranthus ruber,0,Not Found,Unknown,Unknown,Plantae,Tracheophyta,Magnoliopsida,Dipsacales,Caprifoliaceae,Centranthus,0,0,0,0,0,0,0,0,0,0,0,0,0,0,0,0,0,0,1,0
Veronica arvensis,0,Not Found,Unknown,Unknown,Plantae,Tracheophyta,Magnoliopsida,Lamiales,Plantaginaceae,Veronica,0,0,0,4,0,0,0,0,0,0,0,0,0,0,0,0,0,0,0,0
Convolvulus arvensis,0,Not Found,Unknown,Unknown,Plantae,Tracheophyta,Magnoliopsida,Solanales,Convolvulaceae,Convolvulus,0,0,0,0,0,0,0,0,0,0,0,0,2,0,2,0,0,0,4,0
Veronica sublobata,0,Not Found,Unknown,Unknown,Plantae,Tracheophyta,Magnoliopsida,Lamiales,Plantaginaceae,Veronica,0,0,0,0,0,0,0,0,0,2,0,0,0,0,0,0,0,0,0,0
Hypochaeris radicata,1,Not Found,Unknown,Unknown,Plantae,Tracheophyta,Magnoliopsida,Asterales,Asteraceae,Hypochaeris,0,0,0,0,0,0,0,0,0,0,0,0,0,0,0,0,0,0,1,0
Orchis militaris,0,7177369,Least Concern,Decreasing,Plantae,Tracheophyta,Liliopsida,Asparagales,Orchidaceae,Orchis,0,0,0,0,0,0,0,0,0,2,0,0,0,0,0,0,0,0,0,0
Sambucus ebulus,0,2758237,Least Concern,Stable,Plantae,Tracheophyta,Magnoliopsida,Dipsacales,Viburnaceae,Sambucus,0,0,0,0,0,0,0,0,0,2,0,0,0,0,0,0,0,0,0,0
Proserpinus proserpina,0,8153516,Data Deficient,Unknown,Animalia,Arthropoda,Insecta,Lepidoptera,Sphingidae,Proserpinus,0,0,0,0,0,0,0,0,0,0,0,0,0,0,1,0,0,0,0,0
Vanessa atalanta,0,211395048,Least Concern,Increasing,Animalia,Arthropoda,Insecta,Lepidoptera,Nymphalidae,Vanessa,0,0,0,0,3,0,0,0,0,0,0,5,1,0,0,0,1,0,0,0
Fulica atra,0,166239776,Near Threatened,Decreasing,Animalia,Chordata,Aves,Gruiformes,Rallidae,Fulica,0,0,0,0,0,0,0,0,0,0,0,0,0,0,0,0,1,0,0,0
Aglais io,0,211393858,Least Concern,Increasing,Animalia,Arthropoda,Insecta,Lepidoptera,Nymphalidae,Aglais,0,0,0,0,3,0,0,0,0,0,0,0,1,2,0,0,0,0,0,0
Rubus caesius,0,2765755,Least Concern,Stable,Plantae,Tracheophyta,Magnoliopsida,Rosales,Rosaceae,Rubus,0,0,0,0,0,0,0,0,0,2,0,0,0,0,0,0,0,0,0,0
Lolium arundinaceum,0,Not Found,Unknown,Unknown,Plantae,Tracheophyta,Liliopsida,Poales,Poaceae,Lolium,0,0,0,0,0,0,0,0,0,0,0,0,0,0,0,0,0,0,1,0
Reynoutria japonica,0,Not Found,Unknown,Unknown,Plantae,Tracheophyta,Magnoliopsida,Caryophyllales,Polygonaceae,Reynoutria,0,0,0,0,0,0,0,0,0,0,0,0,0,0,0,1,0,0,1,0
Cirsium vulgare,1,Not Found,Unknown,Unknown,Plantae,Tracheophyta,Magnoliopsida,Asterales,Asteraceae,Cirsium,0,0,0,0,0,0,0,0,0,0,0,0,2,0,1,0,0,0,2,0
Euplagia quadripunctaria,0,Not Found,Unknown,Unknown,Animalia,Arthropoda,Insecta,Lepidoptera,Erebidae,Euplagia,0,0,0,0,0,0,0,0,0,1,0,2,0,3,0,0,0,0,0,0
Aphantopus hyperantus,0,211412108,Least Concern,Decreasing,Animalia,Arthropoda,Insecta,Lepidoptera,Nymphalidae,Aphantopus,0,0,0,0,1,0,0,0,0,0,0,0,0,0,0,0,0,0,0,0
Prunus avium,0,50673544,Least Concern,Stable,Plantae,Tracheophyta,Magnoliopsida,Rosales,Rosaceae,Prunus,0,0,0,0,0,0,0,0,0,2,2,0,2,0,0,0,0,0,3,0
Emberiza cirlus,0,166421322,Least Concern,Decreasing,Animalia,Chordata,Aves,Passeriformes,Emberizidae,Emberiza,0,0,0,0,0,0,0,0,0,0,0,0,0,0,0,5,9,0,0,0
Galium album,0,Not Found,Unknown,Unknown,Plantae,Tracheophyta,Magnoliopsida,Gentianales,Rubiaceae,Galium,0,0,0,0,0,0,0,0,0,0,1,0,0,0,0,0,0,0,0,0
Rumex acetosa,0,Not Found,Unknown,Unknown,Plantae,Tracheophyta,Magnoliopsida,Caryophyllales,Polygonaceae,Rumex,0,0,0,0,0,0,0,0,0,2,0,0,0,0,0,0,0,0,0,0
Chloris chloris,0,166412593,Least Concern,Decreasing,Unknown,Unknown,Unknown,Unknown,Unknown,Unknown,0,0,0,0,0,0,0,0,0,0,0,0,0,0,0,3,2,0,0,0
Podarcis muralis,0,218505859,Least Concern,Stable,Animalia,Chordata,Squamata,Unknown,Lacertidae,Podarcis,0,0,0,0,0,0,0,0,0,0,1,1,0,0,0,0,0,0,0,0
Rumex sanguineus,0,Not Found,Unknown,Unknown,Plantae,Tracheophyta,Magnoliopsida,Caryophyllales,Polygonaceae,Rumex,0,0,0,0,0,0,0,0,0,0,0,0,0,0,0,0,0,0,2,0
Lycopus europaeus,0,42319751,Least Concern,Stable,Plantae,Tracheophyta,Magnoliopsida,Lamiales,Lamiaceae,Lycopus,0,0,0,0,0,0,0,2,0,0,0,0,0,0,2,0,0,0,1,0
Troglodytes troglodytes,0,199569861,Least Concern,Increasing,Animalia,Chordata,Aves,Passeriformes,Troglodytidae,Troglodytes,0,0,0,0,0,0,0,0,0,0,0,0,0,0,0,5,2,1,0,0
Phylloscopus trochilus,0,264584438,Least Concern,Decreasing,Animalia,Chordata,Aves,Passeriformes,Phylloscopidae,Phylloscopus,0,0,0,0,0,0,0,0,0,0,0,0,0,0,0,2,0,0,0,0
Grimmia pulvinata,0,87713761,Least Concern,Stable,Plantae,Bryophyta,Bryopsida,Grimmiales,Grimmiaceae,Grimmia,0,0,0,0,0,0,0,0,0,0,0,0,0,0,0,0,0,0,2,0
Serinus serinus,0,166411537,Least Concern,Decreasing,Animalia,Chordata,Aves,Passeriformes,Fringillidae,Serinus,0,0,0,0,0,0,0,0,0,0,0,0,0,0,0,2,0,0,0,0
Prunus spinosa,0,19400568,Least Concern,Stable,Plantae,Tracheophyta,Magnoliopsida,Rosales,Rosaceae,Prunus,0,0,0,0,0,0,0,0,0,2,2,0,6,0,0,0,0,0,3,0
Fringilla montifringilla,0,264534717,Least Concern,Decreasing,Animalia,Chordata,Aves,Passeriformes,Fringillidae,Fringilla,0,0,0,0,0,0,0,0,0,0,0,0,0,0,2,0,0,0,0,0
Hedera helix,1,2758285,Least Concern,Stable,Plantae,Tracheophyta,Magnoliopsida,Apiales,Araliaceae,Hedera,0,0,0,0,0,0,0,0,0,2,2,0,6,0,0,0,0,0,5,0
Laurus nobilis,0,119996864,Least Concern,Decreasing,Plantae,Tracheophyta,Magnoliopsida,Laurales,Lauraceae,Laurus,0,0,0,0,0,0,0,0,0,0,0,0,0,0,1,0,0,0,0,0
Echium vulgare,0,Not Found,Unknown,Unknown,Plantae,Tracheophyta,Magnoliopsida,Boraginales,Boraginaceae,Echium,0,0,0,0,0,0,0,0,0,0,0,0,0,0,1,0,0,0,0,0
Carduus nutans,1,Not Found,Unknown,Unknown,Plantae,Tracheophyta,Magnoliopsida,Asterales,Asteraceae,Carduus,0,0,0,0,0,0,0,0,0,0,0,0,0,0,1,0,0,0,0,0
Macroglossum stellatarum,0,Not Found,Unknown,Unknown,Animalia,Arthropoda,Insecta,Lepidoptera,Sphingidae,Macroglossum,0,0,0,0,2,0,0,0,0,0,1,4,1,1,0,0,1,0,0,0
Cuculus canorus,0,264553575,Least Concern,Stable,Animalia,Chordata,Aves,Cuculiformes,Cuculidae,Cuculus,0,0,0,0,0,0,0,0,0,0,0,0,0,0,0,5,0,0,0,0
Ranunculus sceleratus,0,1027583,Least Concern,Unknown,Plantae,Tracheophyta,Magnoliopsida,Ranunculales,Ranunculaceae,Ranunculus,0,0,0,0,0,0,0,0,0,0,0,0,0,0,1,0,0,0,0,0
Plantago lanceolata,0,2764827,Least Concern,Stable,Plantae,Tracheophyta,Magnoliopsida,Lamiales,Plantaginaceae,Plantago,0,0,0,0,0,0,0,0,0,0,2,0,0,0,0,0,0,0,3,0
Ballota nigra,0,2758141,Least Concern,Stable,Plantae,Tracheophyta,Magnoliopsida,Lamiales,Lamiaceae,Ballota,0,0,0,0,0,0,0,0,0,2,0,0,0,0,0,0,0,0,2,0
Isatis tinctoria,0,7261792,Least Concern,Stable,Plantae,Tracheophyta,Magnoliopsida,Brassicales,Brassicaceae,Isatis,0,0,0,0,0,0,0,0,0,0,0,0,0,0,0,0,0,1,0,0
Argentina anserina,0,67730547,Least Concern,Unknown,Plantae,Tracheophyta,Magnoliopsida,Rosales,Rosaceae,Argentina,0,0,0,0,0,0,0,0,0,2,0,0,0,0,0,0,0,0,0,0
Prunus mahaleb,0,48416825,Least Concern,Unknown,Plantae,Tracheophyta,Magnoliopsida,Rosales,Rosaceae,Prunus,0,0,0,0,0,0,0,0,0,2,0,0,0,0,1,0,0,0,0,0
Circus pygargus,0,210509919,Vulnerable,Decreasing,Animalia,Chordata,Aves,Accipitriformes,Accipitridae,Circus,0,0,0,1,1,0,0,0,1,0,1,0,0,0,0,0,0,2,0,0
Pinus nigra,0,95730813,Least Concern,Stable,Plantae,Tracheophyta,Pinopsida,Pinales,Pinaceae,Pinus,0,0,0,0,0,0,0,0,0,2,0,0,0,0,0,0,0,0,1,0
Orchis purpurea,0,7163217,Least Concern,Decreasing,Plantae,Tracheophyta,Liliopsida,Asparagales,Orchidaceae,Orchis,0,0,0,0,0,0,0,0,0,2,2,0,0,0,0,0,0,0,0,0
Tyto alba,0,210527163,Least Concern,Decreasing,Animalia,Chordata,Aves,Strigiformes,Tytonidae,Tyto,0,0,0,0,0,0,0,0,0,0,0,0,0,0,0,2,0,0,0,0
Lepidium draba,0,Not Found,Unknown,Unknown,Plantae,Tracheophyta,Magnoliopsida,Brassicales,Brassicaceae,Lepidium,0,0,0,0,0,0,0,0,0,2,0,0,0,0,0,0,0,0,1,0
Plantago major,0,1257878,Least Concern,Unknown,Plantae,Tracheophyta,Magnoliopsida,Lamiales,Plantaginaceae,Plantago,0,0,0,0,0,0,0,0,0,0,0,0,0,0,1,0,0,0,0,0
Geranium molle,0,Not Found,Unknown,Unknown,Plantae,Tracheophyta,Magnoliopsida,Geraniales,Geraniaceae,Geranium,0,0,0,0,0,0,0,0,0,0,2,0,0,0,0,0,0,0,0,0
Lonicera xylosteum,0,Not Found,Unknown,Unknown,Plantae,Tracheophyta,Magnoliopsida,Dipsacales,Caprifoliaceae,Lonicera,0,0,0,0,0,0,0,0,0,0,2,0,0,0,0,0,0,0,0,0
Geranium robertianum,0,Not Found,Unknown,Unknown,Plantae,Tracheophyta,Magnoliopsida,Geraniales,Geraniaceae,Geranium,0,0,0,0,0,0,0,0,0,2,2,0,2,0,0,0,0,0,2,0
Lamium galeobdolon,0,Not Found,Unknown,Unknown,Plantae,Tracheophyta,Magnoliopsida,Lamiales,Lamiaceae,Lamium,0,0,0,0,0,0,0,0,0,2,0,0,0,0,0,1,0,0,0,0
Mantis religiosa,0,44798476,Least Concern,Unknown,Animalia,Arthropoda,Insecta,Mantodea,Mantidae,Mantis,0,0,0,0,0,0,0,0,0,0,0,0,0,0,0,0,0,0,0,1
Prunus domestica,0,50135957,Data Deficient,Unknown,Plantae,Tracheophyta,Magnoliopsida,Rosales,Rosaceae,Prunus,0,0,0,0,0,0,0,0,0,0,0,0,0,0,0,0,0,0,1,0
Silene latifolia,0,Not Found,Unknown,Unknown,Plantae,Tracheophyta,Magnoliopsida,Caryophyllales,Caryophyllaceae,Silene,0,0,0,0,0,0,0,0,0,0,0,0,2,0,0,0,0,0,5,0
Rubus idaeus,0,2765767,Least Concern,Stable,Plantae,Tracheophyta,Magnoliopsida,Rosales,Rosaceae,Rubus,0,0,0,0,0,0,0,0,0,0,2,0,0,0,0,0,0,0,0,0
Muscicapa striata,0,166348124,Least Concern,Decreasing,Animalia,Chordata,Aves,Passeriformes,Muscicapidae,Muscicapa,0,0,0,16,13,0,0,0,0,0,0,0,0,0,2,0,0,0,0,0
Euonymus europaeus,0,119836513,Least Concern,Stable,Plantae,Tracheophyta,Magnoliopsida,Celastrales,Celastraceae,Euonymus,0,0,0,0,0,0,0,0,0,2,2,0,0,0,0,0,0,0,2,0
Veronica persica,0,Not Found,Unknown,Unknown,Plantae,Tracheophyta,Magnoliopsida,Lamiales,Plantaginaceae,Veronica,0,0,0,4,0,0,0,0,0,2,2,0,0,0,0,0,0,0,0,0
Populus tremula,0,61959943,Least Concern,Unknown,Plantae,Tracheophyta,Magnoliopsida,Malpighiales,Salicaceae,Populus,0,0,0,0,0,0,0,0,0,0,0,0,0,0,0,0,0,0,1,0
Malva neglecta,0,2764349,Least Concern,Stable,Plantae,Tracheophyta,Magnoliopsida,Malvales,Malvaceae,Malva,0,0,0,0,0,0,0,0,0,0,0,0,0,0,0,0,0,0,2,0
Aesculus hippocastanum,0,68084249,Vulnerable,Decreasing,Plantae,Tracheophyta,Magnoliopsida,Sapindales,Sapindaceae,Aesculus,0,0,0,0,0,0,0,0,0,0,0,0,0,0,0,0,0,0,1,0
Buteo buteo,0,210507000,Least Concern,Stable,Animalia,Chordata,Aves,Accipitriformes,Accipitridae,Buteo,0,0,0,0,0,0,0,0,0,0,0,1,2,0,15,8,14,1,0,0
Urtica dioica,0,78457212,Least Concern,Unknown,Plantae,Tracheophyta,Magnoliopsida,Rosales,Urticaceae,Urtica,0,0,0,0,0,0,0,0,0,2,2,0,2,0,0,0,0,0,1,0
Hypericum perforatum,1,2762472,Least Concern,Stable,Plantae,Tracheophyta,Magnoliopsida,Malpighiales,Hypericaceae,Hypericum,0,0,0,0,0,0,0,0,0,0,0,0,2,0,0,0,0,0,2,0
Coloeus monedula,0,Not Found,Unknown,Unknown,Animalia,Chordata,Aves,Passeriformes,Corvidae,Coloeus,0,0,0,0,0,0,0,0,0,0,0,0,0,0,0,1,2,0,0,0
Sterna hirundo,0,166283664,Least Concern,Unknown,Animalia,Chordata,Aves,Charadriiformes,Laridae,Sterna,0,0,0,1,0,0,0,0,0,0,0,0,0,0,0,0,0,0,0,0
Lupinus polyphyllus,1,82414039,Least Concern,Unknown,Plantae,Tracheophyta,Magnoliopsida,Fabales,Fabaceae,Lupinus,0,0,0,0,0,0,0,0,0,0,0,0,0,0,0,0,0,1,0,0
Pluvialis apricaria,0,166262122,Least Concern,Stable,Animalia,Chordata,Aves,Charadriiformes,Charadriidae,Pluvialis,0,0,0,0,0,0,0,0,0,0,0,1,0,0,1,5,20,1,0,0
Anthocharis cardamines,0,211384788,Least Concern,Stable,Animalia,Arthropoda,Insecta,Lepidoptera,Pieridae,Anthocharis,0,0,0,0,0,0,0,0,0,0,0,0,1,0,0,0,0,0,0,0
Torilis nodosa,0,Not Found,Unknown,Unknown,Plantae,Tracheophyta,Magnoliopsida,Apiales,Apiaceae,Torilis,0,0,0,0,0,0,0,0,0,0,0,0,0,0,0,0,0,0,1,0
Ficedula hypoleuca,0,166348688,Least Concern,Decreasing,Animalia,Chordata,Aves,Passeriformes,Muscicapidae,Ficedula,0,0,0,0,0,0,0,0,0,0,0,0,0,0,2,0,0,0,0,0
Falco peregrinus,0,210513652,Least Concern,Unknown,Animalia,Chordata,Aves,Falconiformes,Falconidae,Falco,0,0,0,0,0,0,0,0,0,0,0,0,1,0,0,0,1,0,0,0
Anas platyrhynchos,1,166199836,Least Concern,Decreasing,Animalia,Chordata,Aves,Anseriformes,Anatidae,Anas,0,0,0,0,0,0,0,0,0,0,0,0,0,0,0,2,4,0,0,0
Carpinus betulus,0,80567737,Least Concern,Stable,Plantae,Tracheophyta,Magnoliopsida,Fagales,Betulaceae,Carpinus,0,0,0,0,0,0,0,0,0,0,2,0,2,0,0,0,0,0,0,0
Lythrum salicaria,1,42329075,Least Concern,Stable,Plantae,Tracheophyta,Magnoliopsida,Myrtales,Lythraceae,Lythrum,0,0,0,0,0,0,0,0,0,0,0,0,0,0,1,0,0,0,0,0
Passer montanus,0,166399056,Least Concern,Decreasing,Animalia,Chordata,Aves,Passeriformes,Passeridae,Passer,0,0,0,0,0,0,0,0,0,0,0,0,0,0,0,0,1,0,0,0
Lysimachia arvensis,0,Not Found,Unknown,Unknown,Plantae,Tracheophyta,Magnoliopsida,Ericales,Primulaceae,Lysimachia,0,0,0,0,0,0,0,0,0,0,0,0,0,0,1,0,0,0,2,0
Vicia tenuifolia,0,20162684,Least Concern,Stable,Plantae,Tracheophyta,Magnoliopsida,Fabales,Fabaceae,Vicia,0,0,0,0,0,0,0,0,0,0,0,0,2,0,0,0,0,0,0,0
Geranium pyrenaicum,0,Not Found,Unknown,Unknown,Plantae,Tracheophyta,Magnoliopsida,Geraniales,Geraniaceae,Geranium,0,0,0,0,0,0,0,0,0,2,0,0,0,0,0,0,0,0,0,0
Vinealobryum vineale,0,Not Found,Unknown,Unknown,Plantae,Bryophyta,Bryopsida,Pottiales,Pottiaceae,Vinealobryum,0,0,0,0,0,0,0,0,0,0,0,0,0,0,0,0,0,0,1,0
Ranunculus repens,0,5726616,Least Concern,Stable,Plantae,Tracheophyta,Magnoliopsida,Ranunculales,Ranunculaceae,Ranunculus,0,0,0,0,0,0,0,0,0,0,2,0,0,0,0,0,0,0,0,0
Plantago coronopus,0,Not Found,Unknown,Unknown,Plantae,Tracheophyta,Magnoliopsida,Lamiales,Plantaginaceae,Plantago,0,0,0,0,0,0,0,0,0,0,0,0,0,0,0,0,0,0,1,0
Vanessa cardui,0,211421212,Least Concern,Decreasing,Animalia,Arthropoda,Insecta,Lepidoptera,Nymphalidae,Vanessa,0,0,0,0,7,0,0,0,0,0,6,2,6,4,0,0,0,0,0,0
Glechoma hederacea,0,2762526,Least Concern,Stable,Plantae,Tracheophyta,Magnoliopsida,Lamiales,Lamiaceae,Glechoma,0,0,0,0,0,0,0,0,0,0,2,0,0,0,0,0,0,0,3,0
Pyrus pyraster,0,Not Found,Unknown,Unknown,Plantae,Tracheophyta,Magnoliopsida,Rosales,Rosaceae,Pyrus,0,0,0,0,0,0,0,0,0,0,0,0,0,0,0,0,0,0,2,0
Aeshna mixta,0,208843381,Least Concern,Stable,Animalia,Arthropoda,Insecta,Odonata,Aeshnidae,Aeshna,0,0,0,0,0,0,0,0,0,1,0,0,0,0,0,0,0,0,0,0
Turdus merula,0,264548442,Least Concern,Increasing,Animalia,Chordata,Aves,Passeriformes,Turdidae,Turdus,0,0,0,0,0,0,0,0,0,0,0,0,3,0,4,14,7,3,0,0
Dioscorea communis,0,2758501,Least Concern,Stable,Plantae,Tracheophyta,Liliopsida,Dioscoreales,Dioscoreaceae,Dioscorea,0,0,0,0,0,0,0,0,0,0,2,0,0,0,0,0,0,0,0,0
Motacilla alba,0,221312886,Least Concern,Stable,Animalia,Chordata,Aves,Passeriformes,Motacillidae,Motacilla,0,0,0,0,0,0,0,0,0,0,0,0,0,0,1,12,15,0,0,0
Festuca bromoides,0,Not Found,Unknown,Unknown,Plantae,Tracheophyta,Liliopsida,Poales,Poaceae,Festuca,0,0,0,0,0,0,0,0,0,0,0,0,0,0,1,0,0,0,0,0
Leptidea sinapis,0,211398320,Least Concern,Decreasing,Animalia,Arthropoda,Insecta,Lepidoptera,Pieridae,Leptidea,0,0,0,0,0,0,0,0,0,0,0,1,0,0,0,0,0,0,0,0
Syringa vulgaris,0,61919345,Least Concern,Unknown,Plantae,Tracheophyta,Magnoliopsida,Lamiales,Oleaceae,Syringa,0,0,0,0,0,0,0,0,0,0,2,0,0,0,0,0,0,0,0,0
Ophrys insectifera,0,7153465,Least Concern,Unknown,Plantae,Tracheophyta,Liliopsida,Asparagales,Orchidaceae,Ophrys,0,0,0,0,0,0,0,0,0,2,0,0,0,0,0,0,0,0,0,0
Lapsana communis,0,Not Found,Unknown,Unknown,Plantae,Tracheophyta,Magnoliopsida,Asterales,Asteraceae,Lapsana,0,0,0,0,0,0,0,0,0,0,0,0,2,0,0,0,0,0,2,0
Valerianella locusta,0,Not Found,Unknown,Unknown,Plantae,Tracheophyta,Magnoliopsida,Dipsacales,Caprifoliaceae,Valerianella,0,0,0,0,0,0,0,0,0,0,2,0,0,0,0,0,0,0,0,0
Medicago sativa,0,19402449,Least Concern,Stable,Plantae,Tracheophyta,Magnoliopsida,Fabales,Fabaceae,Medicago,0,0,0,0,0,0,0,0,0,0,0,0,0,0,0,0,0,1,0,0
Passer domesticus,1,199147773,Least Concern,Decreasing,Animalia,Chordata,Aves,Passeriformes,Passeridae,Passer,0,0,0,0,0,0,0,0,0,0,0,0,1,0,0,11,6,3,0,0
Circaetus gallicus,0,210508101,Least Concern,Unknown,Animalia,Chordata,Aves,Accipitriformes,Accipitridae,Circaetus,0,0,0,0,0,0,0,0,0,0,0,0,0,0,2,0,0,0,0,0
Homalothecium sericeum,0,87778117,Least Concern,Stable,Plantae,Bryophyta,Bryopsida,Hypnales,Brachytheciaceae,Homalothecium,0,0,0,0,0,0,0,0,0,0,0,0,0,0,0,0,0,0,2,0
Achillea millefolium,0,78457012,Least Concern,Unknown,Plantae,Tracheophyta,Magnoliopsida,Asterales,Asteraceae,Achillea,0,0,0,0,0,0,0,0,0,2,0,0,0,0,0,0,0,0,5,0
Salix alba,0,2765960,Least Concern,Stable,Unknown,Unknown,Unknown,Unknown,Unknown,Unknown,0,0,0,0,0,0,0,0,0,0,0,0,0,0,1,0,0,0,1,0
Poa annua,1,1217340,Least Concern,Increasing,Plantae,Tracheophyta,Liliopsida,Poales,Poaceae,Poa,0,0,0,0,0,0,0,0,0,0,0,0,0,0,0,0,0,0,1,0
Viburnum lantana,0,Not Found,Unknown,Unknown,Plantae,Tracheophyta,Magnoliopsida,Dipsacales,Viburnaceae,Viburnum,0,0,0,0,0,0,0,0,0,2,2,0,0,0,0,0,0,0,3,0
Colias croceus,0,Not Found,Unknown,Unknown,Animalia,Arthropoda,Insecta,Lepidoptera,Pieridae,Colias,0,0,0,0,0,0,0,0,0,0,0,1,2,0,0,0,0,0,0,0
Cicer arietinum,0,Not Found,Unknown,Unknown,Plantae,Tracheophyta,Magnoliopsida,Fabales,Fabaceae,Cicer,0,0,0,0,0,0,0,0,0,0,0,0,0,0,1,0,0,0,0,0
Marrubium vulgare,0,2762568,Near Threatened,Decreasing,Plantae,Tracheophyta,Magnoliopsida,Lamiales,Lamiaceae,Marrubium,0,0,0,0,0,0,0,0,0,0,0,0,0,0,0,0,0,1,0,0
Festuca rubra,0,7266236,Least Concern,Stable,Plantae,Tracheophyta,Liliopsida,Poales,Poaceae,Festuca,0,0,0,0,0,0,0,0,0,0,0,0,0,0,0,0,0,0,3,0
Veronica orsiniana,0,Not Found,Unknown,Unknown,Plantae,Tracheophyta,Magnoliopsida,Lamiales,Plantaginaceae,Veronica,0,0,0,0,1,0,0,0,0,0,0,0,0,0,0,0,0,0,0,0
Ranunculus acris,0,Not Found,Unknown,Unknown,Plantae,Tracheophyta,Magnoliopsida,Ranunculales,Ranunculaceae,Ranunculus,0,0,0,0,0,0,0,0,0,0,2,0,0,0,0,0,0,0,0,0
Polygonia c-album,0,211429424,Least Concern,Decreasing,Animalia,Arthropoda,Insecta,Lepidoptera,Nymphalidae,Polygonia,0,0,0,0,0,0,0,0,0,0,0,0,1,0,0,0,1,0,0,0
Fagus sylvatica,0,62004725,Least Concern,Unknown,Plantae,Tracheophyta,Magnoliopsida,Fagales,Fagaceae,Fagus,0,0,0,0,0,0,0,0,0,2,0,0,0,0,0,0,0,0,1,0
Myriophyllum spicatum,1,120202935,Least Concern,Stable,Plantae,Tracheophyta,Magnoliopsida,Saxifragales,Haloragaceae,Myriophyllum,0,0,0,0,0,0,0,0,0,0,0,0,0,0,1,0,0,0,0,0
Bromus secalinus,0,Not Found,Unknown,Unknown,Plantae,Tracheophyta,Liliopsida,Poales,Poaceae,Bromus,0,0,0,0,0,0,0,0,0,0,0,0,0,0,0,0,0,0,1,0
Carduelis carduelis,0,199579742,Least Concern,Increasing,Animalia,Chordata,Aves,Passeriformes,Fringillidae,Carduelis,0,0,0,0,0,0,0,0,0,0,0,0,0,0,4,7,4,0,0,0
Pyrus communis,0,61580281,Least Concern,Unknown,Plantae,Tracheophyta,Magnoliopsida,Rosales,Rosaceae,Pyrus,0,0,0,0,0,0,0,0,0,0,0,0,2,0,0,0,0,0,0,0
Knautia arvensis,0,Not Found,Unknown,Unknown,Plantae,Tracheophyta,Magnoliopsida,Dipsacales,Caprifoliaceae,Knautia,0,0,0,0,0,0,0,0,0,0,0,0,0,0,0,0,0,0,3,0
Mercurialis annua,0,Not Found,Unknown,Unknown,Plantae,Tracheophyta,Magnoliopsida,Malpighiales,Euphorbiaceae,Mercurialis,0,0,0,0,0,0,0,0,0,0,0,0,0,0,0,0,0,1,1,0
Larus michahellis,0,166458471,Least Concern,Unknown,Animalia,Chordata,Aves,Charadriiformes,Laridae,Larus,0,0,0,0,0,0,0,0,0,0,0,0,1,1,1,0,0,0,0,0
Centaurium erythraea,0,2758201,Least Concern,Stable,Plantae,Tracheophyta,Magnoliopsida,Gentianales,Gentianaceae,Centaurium,0,0,0,0,0,0,0,0,0,0,0,0,0,0,1,0,0,0,0,0
Regulus regulus,0,166445158,Least Concern,Decreasing,Animalia,Chordata,Aves,Passeriformes,Regulidae,Regulus,0,0,0,0,0,0,0,0,0,0,0,0,1,0,0,1,0,0,0,0
Carlina vulgaris,0,Not Found,Unknown,Unknown,Plantae,Tracheophyta,Magnoliopsida,Asterales,Asteraceae,Carlina,0,0,0,0,0,0,0,0,0,2,0,0,0,0,0,0,0,0,0,0
Sonchus asper,1,Not Found,Unknown,Unknown,Plantae,Tracheophyta,Magnoliopsida,Asterales,Asteraceae,Sonchus,0,0,0,0,0,0,0,0,0,0,0,0,0,0,0,0,0,0,2,0
Agrostis stolonifera,0,42383133,Least Concern,Stable,Plantae,Tracheophyta,Liliopsida,Poales,Poaceae,Agrostis,0,0,0,0,0,0,0,0,0,0,0,0,0,0,0,0,0,0,1,0
Brassica napus,0,Not Found,Unknown,Unknown,Plantae,Tracheophyta,Magnoliopsida,Brassicales,Brassicaceae,Brassica,0,0,0,0,0,0,0,0,0,0,0,0,0,0,0,0,0,1,1,0
Portulaca oleracea,0,65924501,Least Concern,Unknown,Plantae,Tracheophyta,Magnoliopsida,Caryophyllales,Portulacaceae,Portulaca,0,0,0,0,0,0,0,0,0,0,0,0,0,0,0,0,0,1,0,0
Ardea cinerea,0,166317370,Least Concern,Decreasing,Animalia,Chordata,Aves,Pelecaniformes,Ardeidae,Ardea,0,0,0,0,0,0,0,0,0,0,1,1,0,1,0,0,11,1,0,0
Euphorbia lathyris,0,Not Found,Unknown,Unknown,Plantae,Tracheophyta,Magnoliopsida,Malpighiales,Euphorbiaceae,Euphorbia,0,0,0,0,0,0,0,0,0,0,2,0,0,0,0,0,0,0,0,0
Falco columbarius,0,154505853,Least Concern,Stable,Animalia,Chordata,Aves,Falconiformes,Falconidae,Falco,0,0,0,1,0,0,0,0,0,0,0,0,0,0,0,0,0,0,0,0
Thlaspi arvense,0,Not Found,Unknown,Unknown,Plantae,Tracheophyta,Magnoliopsida,Brassicales,Brassicaceae,Thlaspi,0,0,0,5,0,0,0,0,0,0,0,0,0,0,0,0,0,0,0,0
Mustela nivalis,1,215863028,Least Concern,Unknown,Animalia,Chordata,Mammalia,Carnivora,Mustelidae,Mustela,0,0,0,0,0,0,0,0,0,0,0,1,0,0,0,0,0,0,0,0
Galium verum,0,2765936,Least Concern,Decreasing,Plantae,Tracheophyta,Magnoliopsida,Gentianales,Rubiaceae,Galium,0,0,0,0,0,0,0,0,0,0,0,0,0,0,0,0,0,1,0,0
Phasianus colchicus,0,166454046,Least Concern,Stable,Animalia,Chordata,Aves,Galliformes,Phasianidae,Phasianus,0,0,0,0,0,0,0,0,0,0,0,1,1,0,6,6,10,0,1,0
Oenanthe oenanthe,0,200214214,Least Concern,Unknown,Animalia,Chordata,Aves,Passeriformes,Muscicapidae,Oenanthe,0,0,0,0,0,0,0,0,0,0,0,0,0,0,2,0,0,0,0,0
Carex sylvatica,0,Not Found,Unknown,Unknown,Plantae,Tracheophyta,Liliopsida,Poales,Cyperaceae,Carex,0,0,0,0,0,0,0,0,0,0,0,0,0,0,0,0,0,0,2,0
Borago officinalis,0,2758153,Least Concern,Stable,Plantae,Tracheophyta,Magnoliopsida,Boraginales,Boraginaceae,Borago,0,0,0,0,0,0,0,0,0,0,0,0,0,0,0,0,0,2,0,0
Crataegus monogyna,0,68083007,Least Concern,Unknown,Plantae,Tracheophyta,Magnoliopsida,Rosales,Rosaceae,Crataegus,0,0,0,0,0,0,0,0,0,2,2,0,6,0,0,0,0,0,1,0
Pulvigera lyellii,0,87727934,Least Concern,Stable,Plantae,Bryophyta,Bryopsida,Orthotrichales,Orthotrichaceae,Pulvigera,0,0,0,0,0,0,0,0,0,0,0,0,0,0,0,0,0,0,1,0
Artemisia absinthium,0,2758093,Least Concern,Stable,Plantae,Tracheophyta,Magnoliopsida,Asterales,Asteraceae,Artemisia,0,0,0,0,0,0,0,0,0,0,0,0,0,0,0,0,0,1,0,0
Solanum tuberosum,0,Not Found,Unknown,Unknown,Plantae,Tracheophyta,Magnoliopsida,Solanales,Solanaceae,Solanum,0,0,0,0,0,0,0,0,0,0,0,0,0,0,0,0,0,0,2,0
Poecile palustris,0,166451604,Least Concern,Stable,Animalia,Chordata,Aves,Passeriformes,Paridae,Poecile,0,0,0,0,0,0,0,0,0,0,0,0,0,0,0,1,0,0,0,0
Homalothecium lutescens,0,87778095,Least Concern,Stable,Plantae,Bryophyta,Bryopsida,Hypnales,Brachytheciaceae,Homalothecium,0,0,0,0,0,0,0,0,0,0,0,0,0,0,0,0,0,0,1,0
Libellula depressa,0,208853768,Least Concern,Stable,Animalia,Arthropoda,Insecta,Odonata,Libellulidae,Libellula,0,0,0,0,0,1,0,0,0,0,0,0,0,0,0,0,0,0,0,0
Acer pseudoplatanus,0,125923004,Least Concern,Unknown,Plantae,Tracheophyta,Magnoliopsida,Sapindales,Sapindaceae,Acer,0,0,0,0,0,0,0,0,0,0,0,0,0,0,0,0,0,0,2,0
Ulmus hollandica,0,Not Found,Unknown,Unknown,Plantae,Tracheophyta,Magnoliopsida,Rosales,Ulmaceae,Ulmus,0,0,0,0,0,0,0,0,0,2,0,0,0,0,0,0,0,0,0,0
Syntrichia laevipila,0,87772128,Least Concern,Stable,Plantae,Bryophyta,Bryopsida,Pottiales,Pottiaceae,Syntrichia,0,0,0,0,0,0,0,0,0,0,0,0,0,0,0,0,0,0,1,0
Ligdia adustata,0,Not Found,Unknown,Unknown,Animalia,Arthropoda,Insecta,Lepidoptera,Geometridae,Ligdia,0,0,0,0,0,0,0,0,0,0,0,0,1,0,0,0,0,0,0,0
Origanum vulgare,0,2762598,Least Concern,Stable,Plantae,Tracheophyta,Magnoliopsida,Lamiales,Lamiaceae,Origanum,0,0,0,0,0,0,0,0,0,0,0,0,0,0,0,0,0,0,1,0
Hirundo rustica,0,166369730,Least Concern,Decreasing,Animalia,Chordata,Aves,Passeriformes,Hirundinidae,Hirundo,0,0,0,0,0,0,0,0,0,0,0,0,2,0,7,6,1,0,0,0
Juglans regia,0,61526700,Least Concern,Unknown,Plantae,Tracheophyta,Magnoliopsida,Fagales,Juglandaceae,Juglans,0,0,0,0,0,0,0,0,0,0,0,0,0,0,0,0,0,1,1,0
Agrimonia eupatoria,0,2757991,Least Concern,Decreasing,Plantae,Tracheophyta,Magnoliopsida,Rosales,Rosaceae,Agrimonia,0,0,0,0,0,0,0,0,0,0,0,0,2,0,0,0,0,0,2,0
Pica pica,0,264575751,Least Concern,Stable,Animalia,Chordata,Aves,Passeriformes,Corvidae,Pica,0,0,0,0,0,0,0,0,0,0,0,0,1,0,0,5,7,0,0,0
Phylloscopus collybita,0,264567918,Least Concern,Stable,Animalia,Chordata,Aves,Passeriformes,Phylloscopidae,Phylloscopus,0,0,0,0,0,0,0,0,0,0,0,0,0,0,6,4,1,0,0,0
Lactuca virosa,0,5889979,Data Deficient,Unknown,Plantae,Tracheophyta,Magnoliopsida,Asterales,Asteraceae,Lactuca,0,0,0,0,0,0,0,0,0,0,0,0,0,0,0,0,0,0,3,0
Sambucus nigra,0,88328586,Least Concern,Stable,Plantae,Tracheophyta,Magnoliopsida,Dipsacales,Viburnaceae,Sambucus,0,0,0,0,0,0,0,0,0,0,2,0,4,0,1,1,0,0,3,0
Chelidonium majus,0,2758225,Least Concern,Stable,Plantae,Tracheophyta,Magnoliopsida,Ranunculales,Papaveraceae,Chelidonium,0,0,0,0,0,0,0,0,0,0,0,0,0,0,0,0,0,0,3,0
Pilosella officinarum,0,Not Found,Unknown,Unknown,Plantae,Tracheophyta,Magnoliopsida,Asterales,Asteraceae,Pilosella,0,0,0,0,0,0,0,0,0,0,0,0,0,0,0,0,0,0,1,0
Phoenicurus ochruros,0,166353782,Least Concern,Stable,Animalia,Chordata,Aves,Passeriformes,Muscicapidae,Phoenicurus,0,0,0,0,0,0,0,0,0,0,0,0,0,0,0,6,1,0,0,0
Saxicola rubetra,0,264591332,Least Concern,Decreasing,Animalia,Chordata,Aves,Passeriformes,Muscicapidae,Saxicola,0,0,0,1,0,0,0,0,0,0,0,0,0,0,0,0,0,0,0,0
Lactuca serriola,0,6833259,Least Concern,Stable,Plantae,Tracheophyta,Magnoliopsida,Asterales,Asteraceae,Lactuca,0,0,0,0,0,0,0,0,0,0,0,0,0,0,2,0,0,0,2,0
Rhinanthus minor,0,Not Found,Unknown,Unknown,Plantae,Tracheophyta,Magnoliopsida,Lamiales,Orobanchaceae,Rhinanthus,0,0,0,0,0,0,0,0,0,0,0,0,0,0,0,0,0,0,1,0
Potamogeton lucens,0,5719533,Least Concern,Stable,Plantae,Tracheophyta,Liliopsida,Alismatales,Potamogetonaceae,Potamogeton,0,0,0,0,0,0,0,0,0,0,0,0,0,0,1,0,0,0,0,0
Erinaceus europaeus,1,213411773,Near Threatened,Decreasing,Animalia,Chordata,Mammalia,Erinaceomorpha,Erinaceidae,Erinaceus,0,0,0,0,0,0,0,0,0,0,0,0,0,1,0,0,1,0,0,0
Streptopelia turtur,0,166232970,Vulnerable,Decreasing,Animalia,Chordata,Aves,Columbiformes,Columbidae,Streptopelia,0,0,0,0,0,0,0,0,0,0,0,0,0,0,0,1,0,0,0,0
Gallinula chloropus,0,166459135,Least Concern,Decreasing,Animalia,Chordata,Aves,Gruiformes,Rallidae,Gallinula,0,0,0,0,0,0,0,0,0,0,0,0,0,0,0,0,1,0,0,0
Ranunculus bulbosus,0,Not Found,Unknown,Unknown,Plantae,Tracheophyta,Magnoliopsida,Ranunculales,Ranunculaceae,Ranunculus,0,0,0,0,0,0,0,0,0,0,2,0,0,0,0,0,0,0,0,0
Ficaria verna,0,55735247,Least Concern,Stable,Plantae,Tracheophyta,Magnoliopsida,Ranunculales,Ranunculaceae,Ficaria,0,0,0,0,0,0,0,0,0,0,2,0,0,0,0,0,0,0,0,0
Certhia brachydactyla,0,264570778,Least Concern,Increasing,Animalia,Chordata,Aves,Passeriformes,Certhiidae,Certhia,0,0,0,0,0,0,0,0,0,0,0,0,0,0,2,1,1,0,0,0
Spergularia rubra,0,Not Found,Unknown,Unknown,Plantae,Tracheophyta,Magnoliopsida,Caryophyllales,Caryophyllaceae,Spergularia,0,0,0,0,0,0,0,0,0,0,0,0,0,0,0,0,0,0,2,0
Galium parisiense,0,Not Found,Unknown,Unknown,Plantae,Tracheophyta,Magnoliopsida,Gentianales,Rubiaceae,Galium,0,0,0,0,0,0,0,0,0,0,0,0,0,0,0,0,0,0,1,0
Apus apus,0,166220766,Near Threatened,Decreasing,Animalia,Chordata,Aves,Apodiformes,Apodidae,Apus,0,0,0,0,0,0,0,0,0,0,0,0,0,0,0,1,0,0,0,0
Myosotis arvensis,0,Not Found,Unknown,Unknown,Plantae,Tracheophyta,Magnoliopsida,Boraginales,Boraginaceae,Myosotis,0,0,0,0,0,0,0,0,0,2,0,0,0,0,0,0,0,0,0,0
Circus cyaneus,0,210509233,Vulnerable,Decreasing,Animalia,Chordata,Aves,Accipitriformes,Accipitridae,Circus,0,0,0,2,0,0,0,0,0,0,0,1,1,2,16,13,1,0,0,0
Tragopogon pratensis,0,Not Found,Unknown,Unknown,Plantae,Tracheophyta,Magnoliopsida,Asterales,Asteraceae,Tragopogon,0,0,0,0,0,0,0,0,0,0,0,0,0,0,0,0,0,0,1,0
Artemisia vulgaris,0,2758117,Least Concern,Stable,Plantae,Tracheophyta,Magnoliopsida,Asterales,Asteraceae,Artemisia,0,0,0,0,0,0,0,0,0,0,0,0,0,0,0,0,0,0,2,0
Primula veris,0,2764893,Least Concern,Decreasing,Plantae,Tracheophyta,Magnoliopsida,Ericales,Primulaceae,Primula,0,0,0,0,0,0,0,0,0,2,2,0,2,0,0,0,0,0,0,0
Corvus frugilegus,0,166339000,Vulnerable,Decreasing,Animalia,Chordata,Aves,Passeriformes,Corvidae,Corvus,0,0,0,0,0,0,0,0,0,0,0,0,0,0,0,2,2,0,0,0
Bombus lapidarius,0,57350774,Least Concern,Increasing,Animalia,Arthropoda,Insecta,Hymenoptera,Apidae,Bombus,0,0,0,0,0,0,0,0,0,0,0,0,0,0,0,0,0,1,0,0
Picris hieracioides,0,Not Found,Unknown,Unknown,Plantae,Tracheophyta,Magnoliopsida,Asterales,Asteraceae,Picris,0,0,0,0,0,0,0,0,0,0,0,0,0,0,1,0,0,0,3,0
Rosa canina,0,2765713,Least Concern,Stable,Plantae,Tracheophyta,Magnoliopsida,Rosales,Rosaceae,Rosa,0,0,0,0,0,0,0,0,0,2,0,0,4,0,0,0,0,0,0,0
Cerastium fontanum,1,Not Found,Unknown,Unknown,Plantae,Tracheophyta,Magnoliopsida,Caryophyllales,Caryophyllaceae,Cerastium,0,0,0,0,0,0,0,0,0,0,0,0,1,0,0,0,0,0,1,0
Philadelphus coronarius,0,Not Found,Unknown,Unknown,Plantae,Tracheophyta,Magnoliopsida,Cornales,Hydrangeaceae,Philadelphus,0,0,0,0,0,0,0,0,0,0,0,0,0,0,0,0,0,1,0,0
Solanum dulcamara,0,2766163,Least Concern,Stable,Plantae,Tracheophyta,Magnoliopsida,Solanales,Solanaceae,Solanum,0,0,0,0,0,0,0,1,0,0,0,0,4,0,0,0,0,0,0,0
Onopordum acanthium,1,Not Found,Unknown,Unknown,Plantae,Tracheophyta,Magnoliopsida,Asterales,Asteraceae,Onopordum,0,0,0,0,0,0,0,0,0,0,0,0,0,0,0,0,0,0,2,0
Hypericum hirsutum,0,Not Found,Unknown,Unknown,Plantae,Tracheophyta,Magnoliopsida,Malpighiales,Hypericaceae,Hypericum,0,0,0,0,0,0,0,0,0,0,2,0,0,0,0,0,0,0,0,0
Larus fuscus,0,166275319,Least Concern,Increasing,Animalia,Chordata,Aves,Charadriiformes,Laridae,Larus,0,0,0,0,0,0,0,0,0,0,0,0,1,1,3,0,0,1,0,0
Orobanche minor,0,Not Found,Unknown,Unknown,Plantae,Tracheophyta,Magnoliopsida,Lamiales,Orobanchaceae,Orobanche,0,0,0,0,0,0,0,0,0,0,0,0,0,0,0,0,0,0,1,0
Bellis perennis,1,Not Found,Unknown,Unknown,Plantae,Tracheophyta,Magnoliopsida,Asterales,Asteraceae,Bellis,0,0,0,0,0,0,0,0,0,2,2,0,0,0,0,0,0,0,2,0
Rhamnus cathartica,1,128942433,Least Concern,Stable,Plantae,Tracheophyta,Magnoliopsida,Rosales,Rhamnaceae,Rhamnus,0,0,0,0,0,0,0,0,0,0,0,0,11,0,0,0,0,1,0,0
Sturnus vulgaris,1,166360937,Least Concern,Stable,Animalia,Chordata,Aves,Passeriformes,Sturnidae,Sturnus,0,0,0,0,0,0,0,0,0,0,0,0,1,0,14,8,14,1,0,0
Perdix perdix,0,154496308,Least Concern,Decreasing,Animalia,Chordata,Aves,Galliformes,Phasianidae,Perdix,0,0,0,1,1,0,0,0,0,0,0,0,0,1,0,3,4,0,0,0
Melanargia galathea,0,211384021,Least Concern,Increasing,Animalia,Arthropoda,Insecta,Lepidoptera,Nymphalidae,Melanargia,0,0,0,0,0,0,0,0,0,0,0,0,0,1,0,0,0,0,0,0
Trifolium dubium,1,Not Found,Unknown,Unknown,Plantae,Tracheophyta,Magnoliopsida,Fabales,Fabaceae,Trifolium,0,0,0,0,0,0,0,0,0,2,0,0,0,0,0,0,0,0,0,0
Anthriscus sylvestris,0,Not Found,Unknown,Unknown,Plantae,Tracheophyta,Magnoliopsida,Apiales,Apiaceae,Anthriscus,0,0,0,0,0,0,0,0,0,0,2,0,0,0,0,0,0,0,0,0
Larus argentatus,0,206585142,Least Concern,Decreasing,Animalia,Chordata,Aves,Charadriiformes,Laridae,Larus,0,0,0,0,0,0,0,0,0,0,0,0,0,0,2,0,0,0,0,0
Lullula arborea,0,264552604,Least Concern,Stable,Animalia,Chordata,Aves,Passeriformes,Alaudidae,Lullula,0,0,0,0,0,0,0,0,0,0,0,0,0,0,2,0,0,0,0,0
Fallopia convolvulus,0,Not Found,Unknown,Unknown,Plantae,Tracheophyta,Magnoliopsida,Caryophyllales,Polygonaceae,Fallopia,0,0,0,0,0,0,0,0,0,0,0,0,0,0,0,0,0,0,4,0
Alauda arvensis,0,200204640,Least Concern,Decreasing,Animalia,Chordata,Aves,Passeriformes,Alaudidae,Alauda,0,0,0,0,0,0,0,0,0,0,0,0,1,0,4,11,7,0,0,0
Brenthis daphne,0,211401212,Least Concern,Stable,Animalia,Arthropoda,Insecta,Lepidoptera,Nymphalidae,Brenthis,0,0,0,0,0,0,0,0,0,0,0,0,0,1,0,0,0,0,0,0
Linaria cannabina,0,166415057,Least Concern,Increasing,Animalia,Chordata,Aves,Passeriformes,Fringillidae,Linaria,0,0,0,9,3,2,0,0,0,0,0,0,1,0,6,10,3,0,0,0
Crepis vesicaria,0,Not Found,Unknown,Unknown,Plantae,Tracheophyta,Magnoliopsida,Asterales,Asteraceae,Crepis,0,0,0,0,0,0,0,0,0,0,0,0,0,0,0,0,0,0,1,0
Erodium cicutarium,1,Not Found,Unknown,Unknown,Plantae,Tracheophyta,Magnoliopsida,Geraniales,Geraniaceae,Erodium,0,0,0,0,0,0,0,0,0,0,0,0,0,0,0,0,0,0,2,0
Hordeum murinum,0,19409594,Least Concern,Stable,Plantae,Tracheophyta,Liliopsida,Poales,Poaceae,Hordeum,0,0,0,0,0,0,0,0,0,0,0,0,0,0,0,0,0,0,1,0
Sympetrum sanguineum,0,269770755,Least Concern,Stable,Animalia,Arthropoda,Insecta,Odonata,Libellulidae,Sympetrum,0,0,0,0,0,0,1,1,0,1,0,0,0,0,0,0,0,0,0,0
Acer campestre,0,2241515,Least Concern,Stable,Plantae,Tracheophyta,Magnoliopsida,Sapindales,Sapindaceae,Acer,0,0,0,0,0,0,0,0,0,0,2,0,0,0,0,0,0,0,0,0
Sylvia borin,0,264550759,Least Concern,Decreasing,Animalia,Chordata,Aves,Passeriformes,Sylviidae,Sylvia,0,0,0,0,0,0,0,0,0,0,0,0,0,0,0,1,0,0,0,0
Syntrichia montana,0,88382728,Least Concern,Increasing,Plantae,Bryophyta,Bryopsida,Pottiales,Pottiaceae,Syntrichia,0,0,0,0,0,0,0,0,0,0,0,0,0,0,0,0,0,0,2,0
Lepus europaeus,1,217911459,Least Concern,Stable,Animalia,Chordata,Mammalia,Lagomorpha,Leporidae,Lepus,0,0,0,0,0,0,0,0,0,0,0,0,0,0,0,0,3,0,0,0
Silene dioica,0,Not Found,Unknown,Unknown,Plantae,Tracheophyta,Magnoliopsida,Caryophyllales,Caryophyllaceae,Silene,0,0,0,0,0,0,0,0,0,0,0,0,0,0,0,0,0,0,1,0
Hypnum cupressiforme,0,87713959,Least Concern,Stable,Plantae,Bryophyta,Bryopsida,Hypnales,Hypnaceae,Hypnum,0,0,0,0,0,0,0,0,0,0,0,0,0,0,0,0,0,0,2,0
Setaria verticillata,1,Not Found,Unknown,Unknown,Plantae,Tracheophyta,Liliopsida,Poales,Poaceae,Setaria,0,0,0,0,0,0,0,0,0,0,0,0,0,0,0,0,0,0,1,0
Gonepteryx rhamni,0,211428909,Least Concern,Increasing,Animalia,Arthropoda,Insecta,Lepidoptera,Pieridae,Gonepteryx,0,0,0,0,0,0,0,0,0,0,0,1,1,0,0,1,2,0,0,0
Iphiclides podalirius,0,211130131,Least Concern,Stable,Animalia,Arthropoda,Insecta,Lepidoptera,Papilionidae,Iphiclides,0,0,0,0,0,0,0,0,0,0,0,0,1,6,0,0,0,0,0,0
Fringilla coelebs,0,166409759,Least Concern,Stable,Animalia,Chordata,Aves,Passeriformes,Fringillidae,Fringilla,0,0,0,0,0,0,0,0,0,0,0,0,1,0,3,11,10,2,0,0
Chenopodium vulvaria,0,Not Found,Unknown,Unknown,Plantae,Tracheophyta,Magnoliopsida,Caryophyllales,Amaranthaceae,Chenopodium,0,0,0,0,0,0,0,0,0,0,0,0,0,0,0,0,0,1,0,0
Juncus inflexus,0,43120269,Least Concern,Unknown,Plantae,Tracheophyta,Liliopsida,Poales,Juncaceae,Juncus,0,0,0,0,0,0,0,0,0,0,0,0,0,0,0,0,0,0,1,0
Sonchus oleraceus,1,Not Found,Unknown,Unknown,Plantae,Tracheophyta,Magnoliopsida,Asterales,Asteraceae,Sonchus,0,0,0,0,0,0,0,0,0,0,0,0,0,0,0,0,0,0,1,0
Malva sylvestris,0,2764355,Least Concern,Stable,Plantae,Tracheophyta,Magnoliopsida,Malvales,Malvaceae,Malva,0,0,0,0,0,0,0,0,0,0,0,0,0,0,0,0,0,0,1,0
Poa trivialis,0,Not Found,Unknown,Unknown,Plantae,Tracheophyta,Liliopsida,Poales,Poaceae,Poa,0,0,0,0,0,0,0,0,0,2,0,0,0,0,0,0,0,0,0,0
Saturnia pavonia,0,Not Found,Unknown,Unknown,Animalia,Arthropoda,Insecta,Lepidoptera,Saturniidae,Saturnia,0,0,0,0,2,0,0,0,0,0,0,0,0,0,0,0,0,0,0,0
Phacelia tanacetifolia,0,Not Found,Unknown,Unknown,Plantae,Tracheophyta,Magnoliopsida,Boraginales,Hydrophyllaceae,Phacelia,0,0,0,0,0,0,0,0,0,0,0,0,0,0,0,1,0,1,0,0
Garrulus glandarius,0,196469765,Least Concern,Stable,Animalia,Chordata,Aves,Passeriformes,Corvidae,Garrulus,0,0,0,0,0,0,0,0,0,0,0,0,2,0,18,1,1,1,0,0
Bromus sterilis,0,Not Found,Unknown,Unknown,Plantae,Tracheophyta,Liliopsida,Poales,Poaceae,Bromus,0,0,0,0,0,0,0,0,0,0,0,0,6,0,0,0,0,0,1,0
Ligustrum vulgare,1,Not Found,Unknown,Unknown,Plantae,Tracheophyta,Magnoliopsida,Lamiales,Oleaceae,Ligustrum,0,0,0,0,0,0,0,0,0,2,2,0,6,0,1,0,0,0,2,0
Matricaria discoidea,0,Not Found,Unknown,Unknown,Plantae,Tracheophyta,Magnoliopsida,Asterales,Asteraceae,Matricaria,0,0,0,0,0,0,0,0,0,0,0,0,0,0,0,0,0,0,1,0
Medicago lupulina,0,7248555,Least Concern,Stable,Plantae,Tracheophyta,Magnoliopsida,Fabales,Fabaceae,Medicago,0,0,0,0,0,0,0,0,0,2,0,0,0,0,0,0,0,0,1,0
Arenaria serpyllifolia,0,Not Found,Unknown,Unknown,Plantae,Tracheophyta,Magnoliopsida,Caryophyllales,Caryophyllaceae,Arenaria,0,0,0,0,0,0,0,0,0,0,0,0,0,0,0,0,0,0,1,0
Eleocharis palustris,0,1017558,Least Concern,Unknown,Plantae,Tracheophyta,Liliopsida,Poales,Cyperaceae,Eleocharis,0,0,0,0,0,0,0,2,0,0,0,0,0,0,2,0,0,0,1,0
Cymbalaria muralis,0,Not Found,Unknown,Unknown,Plantae,Tracheophyta,Magnoliopsida,Lamiales,Plantaginaceae,Cymbalaria,0,0,0,0,0,0,0,0,0,0,0,0,0,0,0,0,0,0,1,0
Microtus agrestis,0,221685446,Least Concern,Stable,Animalia,Chordata,Mammalia,Rodentia,Cricetidae,Microtus,0,0,0,0,0,1,0,0,0,0,0,0,0,0,0,0,0,0,0,0
Festuca myuros,0,Not Found,Unknown,Unknown,Plantae,Tracheophyta,Liliopsida,Poales,Poaceae,Festuca,0,0,0,0,0,0,0,0,0,0,0,0,0,0,0,0,0,0,1,0
Vicia hirsuta,0,Not Found,Unknown,Unknown,Plantae,Tracheophyta,Magnoliopsida,Fabales,Fabaceae,Vicia,0,0,0,0,0,0,0,0,0,2,0,0,0,0,0,0,0,0,1,0
Ribes uva-crispa,0,Not Found,Unknown,Unknown,Plantae,Tracheophyta,Magnoliopsida,Saxifragales,Grossulariaceae,Ribes,0,0,0,0,0,0,0,0,0,2,0,0,0,0,0,0,0,0,0,0
Malus domestica,0,Not Found,Unknown,Unknown,Plantae,Tracheophyta,Magnoliopsida,Rosales,Rosaceae,Malus,0,0,0,0,0,0,0,0,0,2,0,0,0,0,0,0,0,0,0,0
Turdus philomelos,0,166346863,Least Concern,Stable,Animalia,Chordata,Aves,Passeriformes,Turdidae,Turdus,0,0,0,0,0,0,0,0,0,0,0,0,1,0,3,0,5,0,0,0
Arum maculatum,0,Not Found,Unknown,Unknown,Plantae,Tracheophyta,Liliopsida,Alismatales,Araceae,Arum,0,0,0,0,0,0,0,0,0,0,2,0,0,0,0,0,0,0,0,0
Euphorbia peplus,0,Not Found,Unknown,Unknown,Plantae,Tracheophyta,Magnoliopsida,Malpighiales,Euphorbiaceae,Euphorbia,0,0,0,0,0,0,0,0,0,0,0,0,0,0,0,0,0,0,1,0
Ranunculus auricomus,0,Not Found,Unknown,Unknown,Plantae,Tracheophyta,Magnoliopsida,Ranunculales,Ranunculaceae,Ranunculus,0,0,0,0,0,0,0,0,0,2,0,0,0,0,0,0,0,0,0,0
Chaerophyllum temulum,0,Not Found,Unknown,Unknown,Plantae,Tracheophyta,Magnoliopsida,Apiales,Apiaceae,Chaerophyllum,0,0,0,0,0,0,0,0,0,0,0,0,2,0,0,0,0,0,0,0
Tripleurospermum inodorum,0,Not Found,Unknown,Unknown,Plantae,Tracheophyta,Magnoliopsida,Asterales,Asteraceae,Tripleurospermum,0,0,0,0,0,0,0,0,0,0,0,0,0,0,2,0,0,0,3,0
Fumaria officinalis,0,2764779,Least Concern,Stable,Plantae,Tracheophyta,Magnoliopsida,Ranunculales,Papaveraceae,Fumaria,0,0,0,4,0,0,0,0,0,0,0,0,0,0,0,0,0,0,0,0
Triticum aestivum,0,Not Found,Unknown,Unknown,Plantae,Tracheophyta,Liliopsida,Poales,Poaceae,Triticum,0,0,0,0,0,0,0,0,0,0,0,0,0,0,0,0,0,1,0,0
Trisetum flavescens,0,Not Found,Unknown,Unknown,Plantae,Tracheophyta,Liliopsida,Poales,Poaceae,Trisetum,0,0,0,0,0,0,0,0,0,0,0,0,0,0,0,0,0,0,1,0
Epilobium hirsutum,0,1044291,Least Concern,Unknown,Plantae,Tracheophyta,Magnoliopsida,Myrtales,Onagraceae,Epilobium,0,0,0,0,0,0,0,0,0,0,0,0,0,0,0,0,0,0,1,0
Viola arvensis,0,2766307,Least Concern,Stable,Plantae,Tracheophyta,Magnoliopsida,Malpighiales,Violaceae,Viola,0,0,0,0,0,0,0,0,0,0,0,0,0,0,0,0,0,0,1,0
Mustela erminea,1,215859338,Least Concern,Stable,Animalia,Chordata,Mammalia,Carnivora,Mustelidae,Mustela,0,0,0,1,0,0,0,0,0,0,0,0,0,0,0,0,0,0,0,0
Muscari comosum,0,Not Found,Unknown,Unknown,Plantae,Tracheophyta,Liliopsida,Asparagales,Asparagaceae,Muscari,0,0,0,0,0,0,0,0,0,0,2,0,0,0,0,0,0,0,0,0
Clematis vitalba,1,Not Found,Unknown,Unknown,Plantae,Tracheophyta,Magnoliopsida,Ranunculales,Ranunculaceae,Clematis,0,0,0,0,0,0,0,0,0,2,2,0,2,0,0,0,0,0,3,0
Trifolium pratense,0,20156449,Least Concern,Stable,Plantae,Tracheophyta,Magnoliopsida,Fabales,Fabaceae,Trifolium,0,0,0,0,0,0,0,0,0,4,0,0,0,0,0,0,0,0,2,0
Neottia ovata,0,7159373,Least Concern,Unknown,Plantae,Tracheophyta,Liliopsida,Asparagales,Orchidaceae,Neottia,0,0,0,0,0,0,0,0,0,2,2,0,0,0,0,0,0,0,0,0
Chroicocephalus ridibundus,0,Not Found,Unknown,Unknown,Animalia,Chordata,Aves,Charadriiformes,Laridae,Chroicocephalus,0,0,0,0,0,0,0,0,0,1,0,0,0,0,0,0,0,0,0,0
Saxifraga tridactylites,0,Not Found,Unknown,Unknown,Plantae,Tracheophyta,Magnoliopsida,Saxifragales,Saxifragaceae,Saxifraga,0,0,0,0,0,0,0,0,0,0,0,0,0,0,0,0,0,0,1,0
Ischnura pumilio,0,208851979,Least Concern,Stable,Animalia,Arthropoda,Insecta,Odonata,Coenagrionidae,Ischnura,0,0,0,0,0,0,1,0,0,0,0,0,0,0,0,0,0,0,0,0
Barbarea vulgaris,0,42338497,Least Concern,Stable,Plantae,Tracheophyta,Magnoliopsida,Brassicales,Brassicaceae,Barbarea,0,0,0,0,0,0,0,0,0,0,0,0,0,0,0,0,0,0,1,0
Emberiza citrinella,0,264581123,Least Concern,Decreasing,Animalia,Chordata,Aves,Passeriformes,Emberizidae,Emberiza,0,0,0,0,0,0,0,0,0,0,0,0,0,0,0,1,3,0,0,0
Araschnia levana,0,211384260,Least Concern,Increasing,Animalia,Arthropoda,Insecta,Lepidoptera,Nymphalidae,Araschnia,0,0,0,0,0,0,0,0,0,0,1,0,0,0,0,0,0,0,0,0
Betula pendula,0,3115662,Least Concern,Stable,Plantae,Tracheophyta,Magnoliopsida,Fagales,Betulaceae,Betula,0,0,0,0,0,0,0,0,0,0,2,0,0,0,0,0,0,0,0,0
Ulmus minor,0,69047375,Data Deficient,Unknown,Plantae,Tracheophyta,Magnoliopsida,Rosales,Ulmaceae,Ulmus,0,0,0,0,0,0,0,0,0,2,0,0,4,0,0,0,0,0,3,0
Conium maculatum,0,Not Found,Unknown,Unknown,Plantae,Tracheophyta,Magnoliopsida,Apiales,Apiaceae,Conium,0,0,0,0,0,0,0,0,0,0,0,0,2,0,0,0,0,0,0,0
Pieris brassicae,0,211399745,Least Concern,Decreasing,Animalia,Arthropoda,Insecta,Lepidoptera,Pieridae,Pieris,0,0,0,0,0,0,0,0,0,0,0,0,0,1,0,0,0,0,0,0
Sitta europaea,0,199569378,Least Concern,Stable,Animalia,Chordata,Aves,Passeriformes,Sittidae,Sitta,0,0,0,0,0,0,0,0,0,0,0,0,0,0,7,0,1,0,0,0
Lolium perenne,0,7262174,Least Concern,Stable,Plantae,Tracheophyta,Liliopsida,Poales,Poaceae,Lolium,0,0,0,0,0,0,0,0,0,0,0,0,2,0,1,0,0,0,5,0
Colutea arborescens,0,Not Found,Unknown,Unknown,Plantae,Tracheophyta,Magnoliopsida,Fabales,Fabaceae,Colutea,0,0,0,0,0,0,0,0,0,0,0,0,0,0,0,0,0,1,0,0
Fagopyrum esculentum,0,Not Found,Unknown,Unknown,Plantae,Tracheophyta,Magnoliopsida,Caryophyllales,Polygonaceae,Fagopyrum,0,0,0,0,0,0,0,0,0,0,0,0,0,0,0,0,0,2,0,0
Lamium maculatum,0,Not Found,Unknown,Unknown,Plantae,Tracheophyta,Magnoliopsida,Lamiales,Lamiaceae,Lamium,0,0,0,0,0,0,0,0,0,0,0,0,0,0,0,0,0,0,1,0
Viola hirta,0,Not Found,Unknown,Unknown,Plantae,Tracheophyta,Magnoliopsida,Malpighiales,Violaceae,Viola,0,0,0,0,0,0,0,0,0,2,2,0,0,0,0,0,0,0,0,0
Bryonia dioica,0,Not Found,Unknown,Unknown,Plantae,Tracheophyta,Magnoliopsida,Cucurbitales,Cucurbitaceae,Bryonia,0,0,0,0,0,0,0,0,0,0,2,0,6,0,0,0,0,0,3,0
Sparganium emersum,0,6417775,Least Concern,Stable,Plantae,Tracheophyta,Liliopsida,Poales,Typhaceae,Sparganium,0,0,0,0,0,0,0,0,0,0,0,0,0,0,1,0,0,0,0,0
Motacilla cinerea,0,221313612,Least Concern,Stable,Animalia,Chordata,Aves,Passeriformes,Motacillidae,Motacilla,0,0,0,0,0,0,0,0,1,0,0,0,0,0,0,0,1,0,0,0
Poa pratensis,1,78457132,Least Concern,Unknown,Plantae,Tracheophyta,Liliopsida,Poales,Poaceae,Poa,0,0,0,0,0,0,0,0,0,0,0,0,0,0,0,0,0,0,2,0
Corylus avellana,0,80567135,Least Concern,Stable,Plantae,Tracheophyta,Magnoliopsida,Fagales,Betulaceae,Corylus,0,0,0,0,0,0,0,0,0,2,2,0,0,0,1,0,0,0,1,0
Streptopelia decaocto,1,166435449,Least Concern,Stable,Animalia,Chordata,Aves,Columbiformes,Columbidae,Streptopelia,0,0,4,0,0,0,0,0,0,0,0,0,1,0,0,8,4,3,0,0
Scolopax rusticola,0,166241741,Least Concern,Decreasing,Animalia,Chordata,Aves,Charadriiformes,Scolopacidae,Scolopax,0,0,0,0,0,1,0,0,0,0,0,0,0,0,0,0,0,0,0,0
Ischnura elegans,0,208836177,Least Concern,Decreasing,Animalia,Arthropoda,Insecta,Odonata,Coenagrionidae,Ischnura,0,0,0,0,0,0,3,3,0,0,0,0,0,0,0,0,0,0,0,0
Trifolium repens,1,7089783,Least Concern,Stable,Plantae,Tracheophyta,Magnoliopsida,Fabales,Fabaceae,Trifolium,0,0,0,0,0,0,0,0,0,0,0,0,0,0,1,0,0,0,2,0
Parthenocissus inserta,0,Not Found,Unknown,Unknown,Plantae,Tracheophyta,Magnoliopsida,Vitales,Vitaceae,Parthenocissus,0,0,0,0,0,0,0,0,0,0,0,0,0,0,0,0,0,0,1,0
Dendrocopos major,0,166214479,Least Concern,Decreasing,Animalia,Chordata,Aves,Piciformes,Picidae,Dendrocopos,0,0,0,0,0,0,0,0,0,0,0,0,0,0,10,0,2,0,0,0
Rosa agrestis,0,2765707,Least Concern,Unknown,Plantae,Tracheophyta,Magnoliopsida,Rosales,Rosaceae,Rosa,0,0,0,4,0,0,0,0,0,2,0,0,0,0,0,0,0,0,0,0
Robinia pseudoacacia,1,20138922,Least Concern,Increasing,Plantae,Tracheophyta,Magnoliopsida,Fabales,Fabaceae,Robinia,0,0,0,0,0,0,0,0,0,2,2,0,2,0,0,0,0,0,1,0
Rumex obtusifolius,1,Not Found,Unknown,Unknown,Plantae,Tracheophyta,Magnoliopsida,Caryophyllales,Polygonaceae,Rumex,0,0,0,0,0,0,0,0,0,2,0,0,0,0,0,0,0,0,1,0
Ichthyosaura alpestris,0,228183943,Least Concern,Decreasing,Animalia,Chordata,Amphibia,Caudata,Salamandridae,Ichthyosaura,0,0,0,0,0,0,1,0,1,1,1,0,0,0,0,0,0,0,0,0
Heracleum sphondylium,0,Not Found,Unknown,Unknown,Plantae,Tracheophyta,Magnoliopsida,Apiales,Apiaceae,Heracleum,0,0,0,0,0,0,0,0,0,2,2,0,2,0,0,0,0,0,4,0
Celastrina argiolus,0,211396618,Least Concern,Increasing,Animalia,Arthropoda,Insecta,Lepidoptera,Lycaenidae,Celastrina,0,0,0,0,0,0,0,0,0,0,0,0,0,1,0,0,0,0,0,0
Anthus pratensis,0,154480081,Least Concern,Decreasing,Animalia,Chordata,Aves,Passeriformes,Motacillidae,Anthus,0,0,0,33,16,1,0,0,0,0,0,0,1,0,4,5,6,0,0,0
Symphyotrichum lanceolatum,0,67731087,Least Concern,Unknown,Plantae,Tracheophyta,Magnoliopsida,Asterales,Asteraceae,Symphyotrichum,0,0,0,0,0,1,0,0,0,0,0,0,0,0,0,0,0,0,0,0
Turdus iliacus,0,166346241,Least Concern,Decreasing,Animalia,Chordata,Aves,Passeriformes,Turdidae,Turdus,0,0,0,0,0,0,0,0,0,0,0,0,0,0,0,0,1,0,0,0
Argynnis paphia,0,211430868,Least Concern,Stable,Animalia,Arthropoda,Insecta,Lepidoptera,Nymphalidae,Argynnis,0,0,0,0,1,0,0,0,0,0,0,2,3,3,0,0,0,0,0,0
Saxicola rubicola,0,Not Found,Unknown,Unknown,Animalia,Chordata,Aves,Passeriformes,Muscicapidae,Saxicola,0,0,0,0,0,0,0,0,0,0,0,0,0,0,0,0,1,0,1,0
Echinochloa crus-galli,0,145082692,Least Concern,Increasing,Plantae,Tracheophyta,Liliopsida,Poales,Poaceae,Echinochloa,0,0,0,0,0,0,0,0,0,0,0,0,0,0,0,0,0,0,3,0
Pararge aegeria,0,211393133,Least Concern,Increasing,Animalia,Arthropoda,Insecta,Lepidoptera,Nymphalidae,Pararge,0,0,0,0,1,0,0,0,0,0,0,0,1,0,0,0,0,0,0,0
Alytes obstetricans,0,228179645,Least Concern,Decreasing,Animalia,Chordata,Amphibia,Anura,Alytidae,Alytes,0,0,0,0,0,0,3,2,1,0,0,2,0,0,0,0,0,0,0,0
Eurhynchium striatum,0,87768422,Least Concern,Stable,Plantae,Bryophyta,Bryopsida,Hypnales,Brachytheciaceae,Eurhynchium,0,0,0,0,0,0,0,0,0,0,0,0,0,0,0,0,0,0,1,0
Solanum nigrum,0,Not Found,Unknown,Unknown,Plantae,Tracheophyta,Magnoliopsida,Solanales,Solanaceae,Solanum,0,0,0,0,0,0,0,0,0,0,0,0,0,0,0,0,0,0,3,0
Geranium pusillum,0,Not Found,Unknown,Unknown,Plantae,Tracheophyta,Magnoliopsida,Geraniales,Geraniaceae,Geranium,0,0,0,0,0,0,0,0,0,0,0,0,0,0,0,0,0,0,1,0
Dipsacus fullonum,0,Not Found,Unknown,Unknown,Plantae,Tracheophyta,Magnoliopsida,Dipsacales,Caprifoliaceae,Dipsacus,0,0,0,0,0,0,0,0,0,0,2,0,0,0,0,0,0,0,1,0
Dendrocoptes medius,0,Not Found,Unknown,Unknown,Animalia,Chordata,Aves,Piciformes,Picidae,Dendrocoptes,0,0,0,0,0,0,0,0,0,0,0,0,0,0,2,0,0,0,0,0
Pieris napi,0,211406568,Least Concern,Decreasing,Animalia,Arthropoda,Insecta,Lepidoptera,Pieridae,Pieris,0,0,0,0,0,0,0,0,0,0,0,0,0,1,0,0,0,0,0,0
Erigeron canadensis,0,Not Found,Unknown,Unknown,Plantae,Tracheophyta,Magnoliopsida,Asterales,Asteraceae,Erigeron,0,0,0,0,0,0,0,0,0,0,0,0,0,0,0,0,0,0,3,0
Cyclamen hederifolium,0,2475736,Least Concern,Unknown,Plantae,Tracheophyta,Magnoliopsida,Ericales,Primulaceae,Cyclamen,0,0,0,0,0,0,0,0,0,0,0,0,0,0,0,0,0,1,0,0
Vicia sativa,0,1430281,Least Concern,Stable,Plantae,Tracheophyta,Magnoliopsida,Fabales,Fabaceae,Vicia,0,0,0,0,0,0,0,0,0,2,0,0,0,0,0,0,0,0,0,0
Pyrrhula pyrrhula,0,166418813,Least Concern,Increasing,Animalia,Chordata,Aves,Passeriformes,Fringillidae,Pyrrhula,0,0,0,0,0,1,0,0,0,0,0,0,0,0,0,0,0,0,0,0
Falco subbuteo,0,210514648,Least Concern,Unknown,Animalia,Chordata,Aves,Falconiformes,Falconidae,Falco,0,0,0,0,0,0,0,0,0,0,0,0,0,0,2,0,0,0,0,0
Acrocephalus scirpaceus,0,264583071,Least Concern,Stable,Animalia,Chordata,Aves,Passeriformes,Acrocephalidae,Acrocephalus,0,0,0,0,0,0,0,0,0,0,0,0,0,0,0,1,0,0,0,0
Sylvia atricapilla,0,166384785,Least Concern,Increasing,Animalia,Chordata,Aves,Passeriformes,Sylviidae,Sylvia,0,0,0,0,0,0,0,0,0,0,0,0,0,0,2,11,0,0,0,0
Chenopodium album,0,Not Found,Unknown,Unknown,Plantae,Tracheophyta,Magnoliopsida,Caryophyllales,Amaranthaceae,Chenopodium,0,0,0,0,0,0,0,0,0,0,0,0,0,0,0,0,0,0,3,0
Tilia platyphyllos,0,2764367,Least Concern,Decreasing,Plantae,Tracheophyta,Magnoliopsida,Malvales,Malvaceae,Tilia,0,0,0,0,0,0,0,0,0,2,0,0,0,0,0,0,0,0,1,0
Daucus carota,0,19412090,Least Concern,Stable,Plantae,Tracheophyta,Magnoliopsida,Apiales,Apiaceae,Daucus,0,0,0,0,0,0,0,0,0,0,0,0,0,0,1,0,0,0,1,0
Veronica chamaedrys,0,Not Found,Unknown,Unknown,Plantae,Tracheophyta,Magnoliopsida,Lamiales,Plantaginaceae,Veronica,0,0,0,0,0,0,0,0,0,2,0,0,0,0,0,0,0,0,0,0
Prunus padus,0,61616618,Least Concern,Stable,Plantae,Tracheophyta,Magnoliopsida,Rosales,Rosaceae,Prunus,0,0,0,0,0,0,0,0,0,0,0,0,0,0,2,0,0,0,0,0
