Species Name,Assessment ID,Red List Category,Population Trend,Kingdom,Phylum,Class,Order,Family,Genus,2020,2021,2022,2023,2024,2025
Accipiter cooperii,Not Found,Unknown,Unknown,Animalia,Chordata,Aves,Accipitriformes,Accipitridae,Accipiter,1,0,0,0,0,0
Acmispon glaber,Not Found,Unknown,Unknown,Plantae,Tracheophyta,Magnoliopsida,Fabales,Fabaceae,Acmispon,0,0,0,1,3,0
Adenostoma fasciculatum,Not Found,Unknown,Unknown,Plantae,Tracheophyta,Magnoliopsida,Rosales,Rosaceae,Adenostoma,0,0,0,0,1,0
Adiantum capillus-veneris,Not Found,Unknown,Unknown,Plantae,Tracheophyta,Polypodiopsida,Polypodiales,Pteridaceae,Adiantum,0,0,0,1,1,0
Aeonium haworthii,Not Found,Unknown,Unknown,Plantae,Tracheophyta,Magnoliopsida,Saxifragales,Crassulaceae,Aeonium,1,0,0,0,0,0
Aesculus californica,Not Found,Unknown,Unknown,Plantae,Tracheophyta,Magnoliopsida,Sapindales,Sapindaceae,Aesculus,0,0,0,0,1,0
Agaricus deserticola,Not Found,Unknown,Unknown,Fungi,Basidiomycota,Agaricomycetes,Agaricales,Agaricaceae,Agaricus,0,0,1,0,0,0
Agave americana,Not Found,Unknown,Unknown,Plantae,Tracheophyta,Liliopsida,Asparagales,Asparagaceae,Agave,3,0,0,1,1,0
Ageratina adenophora,Not Found,Unknown,Unknown,Plantae,Tracheophyta,Magnoliopsida,Asterales,Asteraceae,Ageratina,1,0,0,1,1,1
Aimophila ruficeps,Not Found,Unknown,Unknown,Animalia,Chordata,Aves,Passeriformes,Passerellidae,Aimophila,0,1,3,0,0,1
Aix sponsa,Not Found,Unknown,Unknown,Animalia,Chordata,Aves,Anseriformes,Anatidae,Aix,2,0,0,0,0,0
Alconeura quadrimaculata,Not Found,Unknown,Unknown,Animalia,Arthropoda,Insecta,Hemiptera,Cicadellidae,Alconeura,0,0,0,0,1,0
Alnus rhombifolia,Not Found,Unknown,Unknown,Plantae,Tracheophyta,Magnoliopsida,Fagales,Betulaceae,Alnus,0,1,0,1,1,0
Amaranthus cruentus,Not Found,Unknown,Unknown,Plantae,Tracheophyta,Magnoliopsida,Caryophyllales,Amaranthaceae,Amaranthus,0,2,0,0,0,0
Amazona oratrix,Not Found,Unknown,Unknown,Animalia,Chordata,Aves,Psittaciformes,Psittacidae,Amazona,1,0,0,0,1,1
Amazona viridigenalis,Not Found,Unknown,Unknown,Animalia,Chordata,Aves,Psittaciformes,Psittacidae,Amazona,1,1,1,0,0,3
Amphibolips quercuspomiformis,Not Found,Unknown,Unknown,Animalia,Arthropoda,Insecta,Hymenoptera,Cynipidae,Amphibolips,0,1,0,0,0,0
Anas crecca,Not Found,Unknown,Unknown,Animalia,Chordata,Aves,Anseriformes,Anatidae,Anas,0,1,0,0,0,0
Anas platyrhynchos,Not Found,Unknown,Unknown,Animalia,Chordata,Aves,Anseriformes,Anatidae,Anas,0,0,1,0,1,1
Anaxyrus boreas,Not Found,Unknown,Unknown,Animalia,Chordata,Amphibia,Anura,Bufonidae,Anaxyrus,0,1,0,0,0,0
Aphelocoma californica,Not Found,Unknown,Unknown,Animalia,Chordata,Aves,Passeriformes,Corvidae,Aphelocoma,2,24,5,3,2,6
Apis mellifera,Not Found,Unknown,Unknown,Animalia,Arthropoda,Insecta,Hymenoptera,Apidae,Apis,3,0,3,2,1,6
Aquarius remigis,Not Found,Unknown,Unknown,Animalia,Arthropoda,Insecta,Hemiptera,Gerridae,Aquarius,0,0,0,0,1,0
Arachnis picta,Not Found,Unknown,Unknown,Animalia,Arthropoda,Insecta,Lepidoptera,Erebidae,Arachnis,0,0,0,1,0,1
Aratinga erythrogenys,Not Found,Unknown,Unknown,Animalia,Chordata,Aves,Psittaciformes,Psittacidae,Aratinga,0,0,1,0,0,0
Aratinga mitrata,Not Found,Unknown,Unknown,Animalia,Chordata,Aves,Psittaciformes,Psittacidae,Aratinga,1,0,0,3,2,2
Arctostaphylos glandulosa,Not Found,Unknown,Unknown,Plantae,Tracheophyta,Magnoliopsida,Ericales,Ericaceae,Arctostaphylos,0,0,0,0,1,0
Arctostaphylos glauca,Not Found,Unknown,Unknown,Plantae,Tracheophyta,Magnoliopsida,Ericales,Ericaceae,Arctostaphylos,1,0,0,1,1,0
Ardea alba,Not Found,Unknown,Unknown,Animalia,Chordata,Aves,Pelecaniformes,Ardeidae,Ardea,0,0,1,0,0,1
Armadillidium vulgare,Not Found,Unknown,Unknown,Animalia,Arthropoda,Malacostraca,Isopoda,Armadillidiidae,Armadillidium,2,0,1,0,0,0
Armillaria mellea,Not Found,Unknown,Unknown,Fungi,Basidiomycota,Agaricomycetes,Agaricales,Physalacriaceae,Armillaria,0,0,0,1,1,0
Artemisia californica,Not Found,Unknown,Unknown,Plantae,Tracheophyta,Magnoliopsida,Asterales,Asteraceae,Artemisia,13,0,3,4,2,0
Artemisia douglasiana,Not Found,Unknown,Unknown,Plantae,Tracheophyta,Magnoliopsida,Asterales,Asteraceae,Artemisia,0,0,0,0,0,1
Arundo donax,Not Found,Unknown,Unknown,Plantae,Tracheophyta,Liliopsida,Poales,Poaceae,Arundo,0,1,0,0,0,3
Asparagus setaceus,Not Found,Unknown,Unknown,Plantae,Tracheophyta,Liliopsida,Asparagales,Asparagaceae,Asparagus,0,0,0,0,1,0
Asterella californica,Not Found,Unknown,Unknown,Plantae,Marchantiophyta,Marchantiopsida,Marchantiales,Aytoniaceae,Asterella,1,0,0,1,2,0
Atriplex canescens,Not Found,Unknown,Unknown,Plantae,Tracheophyta,Magnoliopsida,Caryophyllales,Amaranthaceae,Atriplex,0,0,1,0,0,0
Atriplex lentiformis,Not Found,Unknown,Unknown,Plantae,Tracheophyta,Magnoliopsida,Caryophyllales,Amaranthaceae,Atriplex,0,1,0,0,0,0
Aythya collaris,Not Found,Unknown,Unknown,Animalia,Chordata,Aves,Anseriformes,Anatidae,Aythya,1,0,0,0,7,0
Baccharis salicifolia,Not Found,Unknown,Unknown,Plantae,Tracheophyta,Magnoliopsida,Asterales,Asteraceae,Baccharis,5,0,2,5,0,2
Baeolophus inornatus,Not Found,Unknown,Unknown,Animalia,Chordata,Aves,Passeriformes,Paridae,Baeolophus,0,5,2,2,2,0
Batrachoseps nigriventris,Not Found,Unknown,Unknown,Animalia,Chordata,Amphibia,Caudata,Plethodontidae,Batrachoseps,1,0,2,1,0,0
Bibiodes halteralis,Not Found,Unknown,Unknown,Animalia,Arthropoda,Insecta,Diptera,Bibionidae,Bibiodes,0,0,0,1,0,0
Bidens pilosa,Not Found,Unknown,Unknown,Plantae,Tracheophyta,Magnoliopsida,Asterales,Asteraceae,Bidens,0,0,0,0,1,0
Boisea rubrolineata,Not Found,Unknown,Unknown,Animalia,Arthropoda,Insecta,Hemiptera,Rhopalidae,Boisea,0,0,0,2,0,0
Bolbitius titubans,Not Found,Unknown,Unknown,Fungi,Basidiomycota,Agaricomycetes,Agaricales,Bolbitiaceae,Bolbitius,1,0,1,0,0,0
Bombus melanopygus,Not Found,Unknown,Unknown,Animalia,Arthropoda,Insecta,Hymenoptera,Apidae,Bombus,0,0,0,0,1,0
Bombycilla cedrorum,Not Found,Unknown,Unknown,Animalia,Chordata,Aves,Passeriformes,Bombycillidae,Bombycilla,2,1,0,1,1,0
Branta canadensis,Not Found,Unknown,Unknown,Animalia,Chordata,Aves,Anseriformes,Anatidae,Branta,1,0,0,0,0,1
Brickellia californica,Not Found,Unknown,Unknown,Plantae,Tracheophyta,Magnoliopsida,Asterales,Asteraceae,Brickellia,0,1,2,1,1,5
Bubo virginianus,Not Found,Unknown,Unknown,Animalia,Chordata,Aves,Strigiformes,Strigidae,Bubo,1,1,1,1,1,2
Buteo jamaicensis,Not Found,Unknown,Unknown,Animalia,Chordata,Aves,Accipitriformes,Accipitridae,Buteo,1,2,2,2,2,10
Buteo lineatus,Not Found,Unknown,Unknown,Animalia,Chordata,Aves,Accipitriformes,Accipitridae,Buteo,0,1,0,2,1,4
Butorides virescens,Not Found,Unknown,Unknown,Animalia,Chordata,Aves,Pelecaniformes,Ardeidae,Butorides,1,0,1,1,0,0
Cairina moschata,Not Found,Unknown,Unknown,Animalia,Chordata,Aves,Anseriformes,Anatidae,Cairina,1,0,0,0,0,0
Calathus ruficollis,Not Found,Unknown,Unknown,Animalia,Arthropoda,Insecta,Coleoptera,Carabidae,Calathus,0,0,0,1,0,0
Calliandra haematocephala,Not Found,Unknown,Unknown,Plantae,Tracheophyta,Magnoliopsida,Fabales,Fabaceae,Calliandra,0,1,0,0,0,0
Callicladium imponens,Not Found,Unknown,Unknown,Plantae,Bryophyta,Bryopsida,Hypnales,Callicladiaceae,Callicladium,0,0,1,0,0,0
Callipepla californica,Not Found,Unknown,Unknown,Animalia,Chordata,Aves,Galliformes,Odontophoridae,Callipepla,0,0,0,0,0,1
Calypte anna,Not Found,Unknown,Unknown,Animalia,Chordata,Aves,Apodiformes,Trochilidae,Calypte,4,1,3,1,1,3
Canis latrans,Not Found,Unknown,Unknown,Animalia,Chordata,Mammalia,Carnivora,Canidae,Canis,0,1,0,0,5,4
Cardellina pusilla,Not Found,Unknown,Unknown,Animalia,Chordata,Aves,Passeriformes,Parulidae,Cardellina,0,0,1,0,0,0
Cathartes aura,Not Found,Unknown,Unknown,Animalia,Chordata,Aves,Accipitriformes,Cathartidae,Cathartes,0,2,0,0,1,1
Catharus guttatus,Not Found,Unknown,Unknown,Animalia,Chordata,Aves,Passeriformes,Turdidae,Catharus,0,0,0,1,0,1
Ceanothus crassifolius,Not Found,Unknown,Unknown,Plantae,Tracheophyta,Magnoliopsida,Rosales,Rhamnaceae,Ceanothus,1,0,0,1,2,0
Ceanothus leucodermis,Not Found,Unknown,Unknown,Plantae,Tracheophyta,Magnoliopsida,Rosales,Rhamnaceae,Ceanothus,0,0,0,0,2,0
Ceanothus oliganthus,Not Found,Unknown,Unknown,Plantae,Tracheophyta,Magnoliopsida,Rosales,Rhamnaceae,Ceanothus,0,0,0,1,0,0
Celastrina ladon,Not Found,Unknown,Unknown,Animalia,Arthropoda,Insecta,Lepidoptera,Lycaenidae,Celastrina,1,0,0,0,0,0
Cenchrus setaceus,Not Found,Unknown,Unknown,Plantae,Tracheophyta,Liliopsida,Poales,Poaceae,Cenchrus,3,0,0,1,1,2
Ceratiomyxa fruticulosa,Not Found,Unknown,Unknown,Protozoa,Mycetozoa,Protosteliomycetes,Ceratiomyxales,Ceratiomyxaceae,Ceratiomyxa,0,0,0,1,0,0
Ceratitis capitata,Not Found,Unknown,Unknown,Animalia,Arthropoda,Insecta,Diptera,Tephritidae,Ceratitis,0,0,0,0,1,0
Cercocarpus betuloides,Not Found,Unknown,Unknown,Plantae,Tracheophyta,Magnoliopsida,Rosales,Rosaceae,Cercocarpus,0,0,1,0,1,3
Cerococcus quercus,Not Found,Unknown,Unknown,Animalia,Arthropoda,Insecta,Hemiptera,Cerococcidae,Cerococcus,0,0,0,1,0,0
Chamaea fasciata,Not Found,Unknown,Unknown,Animalia,Chordata,Aves,Passeriformes,Sylviidae,Chamaea,0,0,1,0,0,0
Chenopodiastrum murale,Not Found,Unknown,Unknown,Plantae,Tracheophyta,Magnoliopsida,Caryophyllales,Amaranthaceae,Chenopodiastrum,0,0,0,0,1,0
Chlaenius cumatilis,Not Found,Unknown,Unknown,Animalia,Arthropoda,Insecta,Coleoptera,Carabidae,Chlaenius,0,0,0,1,0,0
Chlorophyllum brunneum,Not Found,Unknown,Unknown,Fungi,Basidiomycota,Agaricomycetes,Agaricales,Agaricaceae,Chlorophyllum,2,0,0,0,0,0
Chrysothrix xanthina,Not Found,Unknown,Unknown,Fungi,Ascomycota,Arthoniomycetes,Arthoniales,Chrysotrichaceae,Chrysothrix,0,0,0,0,1,0
Cistus ladanifer,Not Found,Unknown,Unknown,Plantae,Tracheophyta,Magnoliopsida,Malvales,Cistaceae,Cistus,0,0,0,1,0,0
Clematis lasiantha,Not Found,Unknown,Unknown,Plantae,Tracheophyta,Magnoliopsida,Ranunculales,Ranunculaceae,Clematis,1,0,0,0,0,0
Colaptes auratus,Not Found,Unknown,Unknown,Animalia,Chordata,Aves,Piciformes,Picidae,Colaptes,0,2,0,0,1,0
Colias eurytheme,Not Found,Unknown,Unknown,Animalia,Arthropoda,Insecta,Lepidoptera,Pieridae,Colias,0,0,0,0,1,0
Colonus hesperus,Not Found,Unknown,Unknown,Animalia,Arthropoda,Arachnida,Araneae,Salticidae,Colonus,0,0,0,0,0,1
Columba livia,Not Found,Unknown,Unknown,Animalia,Chordata,Aves,Columbiformes,Columbidae,Columba,0,0,0,0,1,2
Coprinellus flocculosus,Not Found,Unknown,Unknown,Fungi,Basidiomycota,Agaricomycetes,Agaricales,Psathyrellaceae,Coprinellus,0,0,0,0,0,1
Coprinellus radians,Not Found,Unknown,Unknown,Fungi,Basidiomycota,Agaricomycetes,Agaricales,Psathyrellaceae,Coprinellus,0,0,0,1,0,0
Corethrogyne filaginifolia,Not Found,Unknown,Unknown,Plantae,Tracheophyta,Magnoliopsida,Asterales,Asteraceae,Corethrogyne,0,0,0,0,1,0
Cornu aspersum,Not Found,Unknown,Unknown,Animalia,Mollusca,Gastropoda,Stylommatophora,Helicidae,Cornu,0,0,0,2,0,0
Corvus brachyrhynchos,Not Found,Unknown,Unknown,Animalia,Chordata,Aves,Passeriformes,Corvidae,Corvus,3,2,5,4,0,4
Corvus corax,Not Found,Unknown,Unknown,Animalia,Chordata,Aves,Passeriformes,Corvidae,Corvus,2,3,4,1,0,5
Cotula australis,Not Found,Unknown,Unknown,Plantae,Tracheophyta,Magnoliopsida,Asterales,Asteraceae,Cotula,1,0,0,0,0,0
Crassula connata,Not Found,Unknown,Unknown,Plantae,Tracheophyta,Magnoliopsida,Saxifragales,Crassulaceae,Crassula,0,0,0,1,0,0
Crepidotus applanatus,Not Found,Unknown,Unknown,Fungi,Basidiomycota,Agaricomycetes,Agaricales,Crepidotaceae,Crepidotus,0,0,0,1,0,0
Croton californicus,Not Found,Unknown,Unknown,Plantae,Tracheophyta,Magnoliopsida,Malpighiales,Euphorbiaceae,Croton,0,0,1,0,0,0
Cupaniopsis anacardioides,146621308,Least Concern,Stable,Plantae,Tracheophyta,Magnoliopsida,Sapindales,Sapindaceae,Cupaniopsis,0,0,1,0,0,0
Cupressus arizonica,Not Found,Unknown,Unknown,Plantae,Tracheophyta,Pinopsida,Pinales,Cupressaceae,Cupressus,0,0,0,0,1,0
Curicaberis peninsulanus,Not Found,Unknown,Unknown,Animalia,Arthropoda,Arachnida,Araneae,Sparassidae,Curicaberis,0,0,0,0,1,0
Cuscuta californica,Not Found,Unknown,Unknown,Plantae,Tracheophyta,Magnoliopsida,Solanales,Convolvulaceae,Cuscuta,0,0,0,3,0,0
Cuscuta subinclusa,Not Found,Unknown,Unknown,Plantae,Tracheophyta,Magnoliopsida,Solanales,Convolvulaceae,Cuscuta,0,0,0,1,0,0
Cyanocitta stelleri,Not Found,Unknown,Unknown,Animalia,Chordata,Aves,Passeriformes,Corvidae,Cyanocitta,0,0,1,0,0,0
Cyperus eragrostis,Not Found,Unknown,Unknown,Plantae,Tracheophyta,Liliopsida,Poales,Cyperaceae,Cyperus,0,0,0,1,0,0
Cyprinus carpio,Not Found,Unknown,Unknown,Animalia,Chordata,Unknown,Cypriniformes,Cyprinidae,Cyprinus,0,0,1,0,0,0
Danaus plexippus,Not Found,Unknown,Unknown,Animalia,Arthropoda,Insecta,Lepidoptera,Nymphalidae,Danaus,0,0,0,0,1,2
Delphinium cardinale,Not Found,Unknown,Unknown,Plantae,Tracheophyta,Magnoliopsida,Ranunculales,Ranunculaceae,Delphinium,0,0,1,1,2,0
Deroceras reticulatum,Not Found,Unknown,Unknown,Animalia,Mollusca,Gastropoda,Stylommatophora,Agriolimacidae,Deroceras,0,0,0,1,0,0
Descurainia pinnata,Not Found,Unknown,Unknown,Plantae,Tracheophyta,Magnoliopsida,Brassicales,Brassicaceae,Descurainia,0,0,1,1,0,0
Dilophus orbatus,Not Found,Unknown,Unknown,Animalia,Arthropoda,Insecta,Diptera,Bibionidae,Dilophus,0,0,0,0,1,0
Dione vanillae,Not Found,Unknown,Unknown,Animalia,Arthropoda,Insecta,Lepidoptera,Nymphalidae,Dione,0,0,0,0,0,2
Dioprosopa clavatus,Not Found,Unknown,Unknown,Animalia,Arthropoda,Insecta,Diptera,Syrphidae,Dioprosopa,0,0,0,1,0,0
Diplacus longiflorus,Not Found,Unknown,Unknown,Plantae,Tracheophyta,Magnoliopsida,Lamiales,Phrymaceae,Diplacus,0,0,0,0,3,0
Discus rotundatus,Not Found,Unknown,Unknown,Animalia,Mollusca,Gastropoda,Stylommatophora,Discidae,Discus,0,0,2,0,0,0
Dryobates nuttallii,Not Found,Unknown,Unknown,Animalia,Chordata,Aves,Piciformes,Picidae,Dryobates,2,4,0,1,0,0
Dryopteris arguta,Not Found,Unknown,Unknown,Plantae,Tracheophyta,Polypodiopsida,Polypodiales,Dryopteridaceae,Dryopteris,0,1,1,1,2,0
Dudleya cymosa,Not Found,Unknown,Unknown,Plantae,Tracheophyta,Magnoliopsida,Saxifragales,Crassulaceae,Dudleya,0,17,1,0,5,0
Dudleya lanceolata,Not Found,Unknown,Unknown,Plantae,Tracheophyta,Magnoliopsida,Saxifragales,Crassulaceae,Dudleya,1,1,9,3,1,1
Dysdera crocata,Not Found,Unknown,Unknown,Animalia,Arthropoda,Arachnida,Araneae,Dysderidae,Dysdera,0,0,0,0,1,0
Egretta thula,Not Found,Unknown,Unknown,Animalia,Chordata,Aves,Pelecaniformes,Ardeidae,Egretta,4,0,0,0,3,0
Eleodes osculans,Not Found,Unknown,Unknown,Animalia,Arthropoda,Insecta,Coleoptera,Tenebrionidae,Eleodes,0,0,0,1,1,0
Elgaria multicarinata,Not Found,Unknown,Unknown,Animalia,Chordata,Squamata,Unknown,Anguidae,Elgaria,1,1,0,0,0,0
Encelia californica,Not Found,Unknown,Unknown,Plantae,Tracheophyta,Magnoliopsida,Asterales,Asteraceae,Encelia,8,0,2,2,2,0
Endotropis crocea,Not Found,Unknown,Unknown,Plantae,Tracheophyta,Magnoliopsida,Rosales,Rhamnaceae,Endotropis,0,0,0,1,2,0
Epilobium canum,Not Found,Unknown,Unknown,Plantae,Tracheophyta,Magnoliopsida,Myrtales,Onagraceae,Epilobium,0,1,1,0,1,0
Ericameria parishii,Not Found,Unknown,Unknown,Plantae,Tracheophyta,Magnoliopsida,Asterales,Asteraceae,Ericameria,0,0,1,0,0,0
Ericameria pinifolia,Not Found,Unknown,Unknown,Plantae,Tracheophyta,Magnoliopsida,Asterales,Asteraceae,Ericameria,1,0,0,0,1,0
Eriodictyon crassifolium,Not Found,Unknown,Unknown,Plantae,Tracheophyta,Magnoliopsida,Boraginales,Namaceae,Eriodictyon,0,2,1,1,1,1
Eriodictyon trichocalyx,Not Found,Unknown,Unknown,Plantae,Tracheophyta,Magnoliopsida,Boraginales,Namaceae,Eriodictyon,0,0,1,0,0,0
Eriogonum elongatum,Not Found,Unknown,Unknown,Plantae,Tracheophyta,Magnoliopsida,Caryophyllales,Polygonaceae,Eriogonum,1,0,0,1,1,1
Eriogonum fasciculatum,Not Found,Unknown,Unknown,Plantae,Tracheophyta,Magnoliopsida,Caryophyllales,Polygonaceae,Eriogonum,6,0,2,3,3,2
Eriophyllum confertiflorum,Not Found,Unknown,Unknown,Plantae,Tracheophyta,Magnoliopsida,Asterales,Asteraceae,Eriophyllum,0,0,0,0,4,0
Erodium cicutarium,Not Found,Unknown,Unknown,Plantae,Tracheophyta,Magnoliopsida,Geraniales,Geraniaceae,Erodium,0,0,0,1,1,0
Erodium moschatum,Not Found,Unknown,Unknown,Plantae,Tracheophyta,Magnoliopsida,Geraniales,Geraniaceae,Erodium,2,0,0,1,0,0
Erythranthe guttata,Not Found,Unknown,Unknown,Plantae,Tracheophyta,Magnoliopsida,Lamiales,Phrymaceae,Erythranthe,0,0,0,0,2,0
Euborellia annulipes,Not Found,Unknown,Unknown,Animalia,Arthropoda,Insecta,Dermaptera,Anisolabididae,Euborellia,0,0,1,0,0,0
Eupeodes fumipennis,Not Found,Unknown,Unknown,Animalia,Arthropoda,Insecta,Diptera,Syrphidae,Eupeodes,0,0,1,0,0,0
Eupeodes volucris,Not Found,Unknown,Unknown,Animalia,Arthropoda,Insecta,Diptera,Syrphidae,Eupeodes,0,0,0,0,1,0
Euphorbia dendroides,Not Found,Unknown,Unknown,Plantae,Tracheophyta,Magnoliopsida,Malpighiales,Euphorbiaceae,Euphorbia,1,0,0,1,0,0
Euphorbia melanadenia,Not Found,Unknown,Unknown,Plantae,Tracheophyta,Magnoliopsida,Malpighiales,Euphorbiaceae,Euphorbia,0,0,1,0,0,0
Euphorbia peplus,Not Found,Unknown,Unknown,Plantae,Tracheophyta,Magnoliopsida,Malpighiales,Euphorbiaceae,Euphorbia,0,0,1,0,0,0
Eupithecia miserulata,Not Found,Unknown,Unknown,Animalia,Arthropoda,Insecta,Lepidoptera,Geometridae,Eupithecia,0,0,0,0,1,0
Falco columbarius,Not Found,Unknown,Unknown,Animalia,Chordata,Aves,Falconiformes,Falconidae,Falco,0,1,0,0,1,0
Falco peregrinus,Not Found,Unknown,Unknown,Animalia,Chordata,Aves,Falconiformes,Falconidae,Falco,0,0,0,1,1,1
Falco sparverius,Not Found,Unknown,Unknown,Animalia,Chordata,Aves,Falconiformes,Falconidae,Falco,0,0,1,1,0,0
Ficus carica,Not Found,Unknown,Unknown,Plantae,Tracheophyta,Magnoliopsida,Rosales,Moraceae,Ficus,0,0,0,0,1,0
Flavopunctelia flaventior,Not Found,Unknown,Unknown,Fungi,Ascomycota,Lecanoromycetes,Lecanorales,Parmeliaceae,Flavopunctelia,0,0,0,1,0,0
Forficula dentata,Not Found,Unknown,Unknown,Animalia,Arthropoda,Insecta,Dermaptera,Forficulidae,Forficula,0,0,0,1,1,0
Frangula californica,Not Found,Unknown,Unknown,Plantae,Tracheophyta,Magnoliopsida,Rosales,Rhamnaceae,Frangula,1,0,1,1,2,0
Fulica americana,Not Found,Unknown,Unknown,Animalia,Chordata,Aves,Gruiformes,Rallidae,Fulica,2,0,0,0,1,0
Furcraea foetida,Not Found,Unknown,Unknown,Plantae,Tracheophyta,Liliopsida,Asparagales,Asparagaceae,Furcraea,1,0,1,0,0,0
Galium angustifolium,Not Found,Unknown,Unknown,Plantae,Tracheophyta,Magnoliopsida,Gentianales,Rubiaceae,Galium,0,0,0,0,1,0
Garrya veatchii,Not Found,Unknown,Unknown,Plantae,Tracheophyta,Magnoliopsida,Garryales,Garryaceae,Garrya,0,0,0,0,1,0
Geothlypis trichas,137315462,Least Concern,Decreasing,Animalia,Chordata,Aves,Passeriformes,Parulidae,Geothlypis,0,0,0,0,1,0
Glyptostoma gabrielense,Not Found,Unknown,Unknown,Animalia,Mollusca,Gastropoda,Stylommatophora,Megomphicidae,Glyptostoma,0,0,0,1,2,0
Gosodesmus claremontus,Not Found,Unknown,Unknown,Animalia,Arthropoda,Diplopoda,Platydesmida,Andrognathidae,Gosodesmus,0,0,1,0,0,0
Gymnopilus aurantiophyllus,Not Found,Unknown,Unknown,Fungi,Basidiomycota,Agaricomycetes,Agaricales,Hymenogastraceae,Gymnopilus,0,0,0,1,1,0
Habronattus oregonensis,Not Found,Unknown,Unknown,Animalia,Arthropoda,Arachnida,Araneae,Salticidae,Habronattus,0,0,1,0,0,0
Haemorhous mexicanus,Not Found,Unknown,Unknown,Animalia,Chordata,Aves,Passeriformes,Fringillidae,Haemorhous,1,13,4,5,0,3
Haemorhous purpureus,Not Found,Unknown,Unknown,Animalia,Chordata,Aves,Passeriformes,Fringillidae,Haemorhous,2,1,0,0,0,0
Haliaeetus leucocephalus,Not Found,Unknown,Unknown,Animalia,Chordata,Aves,Accipitriformes,Accipitridae,Haliaeetus,1,0,0,0,0,0
Haplophthalmus danicus,Not Found,Unknown,Unknown,Animalia,Arthropoda,Malacostraca,Isopoda,Trichoniscidae,Haplophthalmus,0,0,1,0,0,0
Haplotrema caelatum,Not Found,Unknown,Unknown,Animalia,Mollusca,Gastropoda,Stylommatophora,Haplotrematidae,Haplotrema,0,1,0,0,0,0
Harmonia axyridis,Not Found,Unknown,Unknown,Animalia,Arthropoda,Insecta,Coleoptera,Coccinellidae,Harmonia,1,0,0,1,0,1
Hazardia squarrosa,Not Found,Unknown,Unknown,Plantae,Tracheophyta,Magnoliopsida,Asterales,Asteraceae,Hazardia,0,0,0,0,1,0
Hebestatis theveneti,Not Found,Unknown,Unknown,Animalia,Arthropoda,Arachnida,Araneae,Halonoproctidae,Hebestatis,0,0,1,0,0,0
Helianthus annuus,47600755,Least Concern,Stable,Plantae,Tracheophyta,Magnoliopsida,Asterales,Asteraceae,Helianthus,0,0,0,1,0,0
Helminthoglypta tudiculata,Not Found,Unknown,Unknown,Animalia,Mollusca,Gastropoda,Stylommatophora,Xanthonychidae,Helminthoglypta,0,0,0,4,1,0
Helops confluens,Not Found,Unknown,Unknown,Animalia,Arthropoda,Insecta,Coleoptera,Tenebrionidae,Helops,0,0,0,1,0,0
Hesperoyucca whipplei,163128194,Least Concern,Stable,Plantae,Tracheophyta,Liliopsida,Asparagales,Asparagaceae,Hesperoyucca,10,2,3,2,1,2
Heteromeles arbutifolia,156822117,Least Concern,Stable,Plantae,Tracheophyta,Magnoliopsida,Rosales,Rosaceae,Heteromeles,6,2,1,5,0,2
Heterotheca grandiflora,Not Found,Unknown,Unknown,Plantae,Tracheophyta,Magnoliopsida,Asterales,Asteraceae,Heterotheca,0,0,1,0,1,0
Hibana incursa,Not Found,Unknown,Unknown,Animalia,Arthropoda,Arachnida,Araneae,Anyphaenidae,Hibana,0,0,0,0,1,0
Hirschfeldia incana,Not Found,Unknown,Unknown,Plantae,Tracheophyta,Magnoliopsida,Brassicales,Brassicaceae,Hirschfeldia,1,0,0,0,1,0
Homalodisca vitripennis,Not Found,Unknown,Unknown,Animalia,Arthropoda,Insecta,Hemiptera,Cicadellidae,Homalodisca,0,0,1,0,0,0
Hoplosphyrum boreale,Not Found,Unknown,Unknown,Animalia,Arthropoda,Insecta,Orthoptera,Mogoplistidae,Hoplosphyrum,0,0,0,2,0,1
Hylephila phyleus,Not Found,Unknown,Unknown,Animalia,Arthropoda,Insecta,Lepidoptera,Hesperiidae,Hylephila,0,0,0,0,0,1
Ixodes pacificus,Not Found,Unknown,Unknown,Animalia,Arthropoda,Arachnida,Ixodida,Ixodidae,Ixodes,0,0,0,1,0,0
Jadera haematoloma,Not Found,Unknown,Unknown,Animalia,Arthropoda,Insecta,Hemiptera,Rhopalidae,Jadera,0,0,0,0,1,0
Junco hyemalis,Not Found,Unknown,Unknown,Animalia,Chordata,Aves,Passeriformes,Passerellidae,Junco,0,10,5,0,0,4
Keckiella cordifolia,Not Found,Unknown,Unknown,Plantae,Tracheophyta,Magnoliopsida,Lamiales,Plantaginaceae,Keckiella,1,0,1,0,0,0
Lactarius alnicola,Not Found,Unknown,Unknown,Fungi,Basidiomycota,Agaricomycetes,Russulales,Russulaceae,Lactarius,0,0,0,3,0,0
Lamium amplexicaule,Not Found,Unknown,Unknown,Plantae,Tracheophyta,Magnoliopsida,Lamiales,Lamiaceae,Lamium,0,0,1,0,0,0
Larus californicus,132542511,Least Concern,Decreasing,Animalia,Chordata,Aves,Charadriiformes,Laridae,Larus,0,1,0,0,0,0
Larus occidentalis,132543621,Least Concern,Increasing,Animalia,Chordata,Aves,Charadriiformes,Laridae,Larus,1,0,0,0,0,0
Lathyrus vestitus,Not Found,Unknown,Unknown,Plantae,Tracheophyta,Magnoliopsida,Fabales,Fabaceae,Lathyrus,0,0,0,0,1,0
Latrodectus geometricus,Not Found,Unknown,Unknown,Animalia,Arthropoda,Arachnida,Araneae,Theridiidae,Latrodectus,0,0,0,1,0,0
Leiothlypis celata,Not Found,Unknown,Unknown,Animalia,Chordata,Aves,Passeriformes,Parulidae,Leiothlypis,0,0,0,0,0,2
Lepechinia fragrans,Not Found,Unknown,Unknown,Plantae,Tracheophyta,Magnoliopsida,Lamiales,Lamiaceae,Lepechinia,0,0,0,0,2,0
Lepidospartum squamatum,Not Found,Unknown,Unknown,Plantae,Tracheophyta,Magnoliopsida,Asterales,Asteraceae,Lepidospartum,6,0,1,5,0,2
Leptoglossus occidentalis,Not Found,Unknown,Unknown,Animalia,Arthropoda,Insecta,Hemiptera,Coreidae,Leptoglossus,0,0,1,0,0,0
Leratiomyces ceres,Not Found,Unknown,Unknown,Fungi,Basidiomycota,Agaricomycetes,Agaricales,Strophariaceae,Leratiomyces,0,0,0,6,1,0
Leuronychus pacificus,Not Found,Unknown,Unknown,Animalia,Arthropoda,Arachnida,Opiliones,Sclerosomatidae,Leuronychus,0,0,0,0,1,0
Limacus flavus,Not Found,Unknown,Unknown,Animalia,Mollusca,Gastropoda,Stylommatophora,Limacidae,Limacus,0,0,0,1,1,0
Linanthus californicus,Not Found,Unknown,Unknown,Plantae,Tracheophyta,Magnoliopsida,Ericales,Polemoniaceae,Linanthus,0,0,1,0,2,0
Linepithema humile,Not Found,Unknown,Unknown,Animalia,Arthropoda,Insecta,Hymenoptera,Formicidae,Linepithema,1,0,1,0,0,1
Liometopum occidentale,Not Found,Unknown,Unknown,Animalia,Arthropoda,Insecta,Hymenoptera,Formicidae,Liometopum,0,0,0,0,0,1
Lobularia maritima,Not Found,Unknown,Unknown,Plantae,Tracheophyta,Magnoliopsida,Brassicales,Brassicaceae,Lobularia,3,0,0,1,3,0
Lonchura punctulata,Not Found,Unknown,Unknown,Animalia,Chordata,Aves,Passeriformes,Estrildidae,Lonchura,0,0,0,0,0,1
Lonicera subspicata,Not Found,Unknown,Unknown,Plantae,Tracheophyta,Magnoliopsida,Dipsacales,Caprifoliaceae,Lonicera,0,0,1,0,1,0
Lophodytes cucullatus,Not Found,Unknown,Unknown,Animalia,Chordata,Aves,Anseriformes,Anatidae,Lophodytes,7,1,10,1,7,1
Lumbricus terrestris,Not Found,Unknown,Unknown,Animalia,Annelida,Clitellata,Crassiclitellata,Lumbricidae,Lumbricus,0,0,2,0,0,0
Lupinus hirsutissimus,Not Found,Unknown,Unknown,Plantae,Tracheophyta,Magnoliopsida,Fabales,Fabaceae,Lupinus,0,0,0,1,0,0
Lupinus sparsiflorus,Not Found,Unknown,Unknown,Plantae,Tracheophyta,Magnoliopsida,Fabales,Fabaceae,Lupinus,0,0,0,0,3,0
Lynx rufus,Not Found,Unknown,Unknown,Animalia,Chordata,Mammalia,Carnivora,Felidae,Lynx,0,1,1,2,1,1
Lysurus mokusin,Not Found,Unknown,Unknown,Fungi,Basidiomycota,Agaricomycetes,Phallales,Phallaceae,Lysurus,0,0,0,0,0,1
Malacothrix saxatilis,Not Found,Unknown,Unknown,Plantae,Tracheophyta,Magnoliopsida,Asterales,Asteraceae,Malacothrix,0,0,2,1,4,1
Malosma laurina,Not Found,Unknown,Unknown,Plantae,Tracheophyta,Magnoliopsida,Sapindales,Anacardiaceae,Malosma,10,0,0,2,1,2
Marah macrocarpa,Not Found,Unknown,Unknown,Plantae,Tracheophyta,Magnoliopsida,Cucurbitales,Cucurbitaceae,Marah,5,0,7,6,0,0
Marasmius albogriseus,Not Found,Unknown,Unknown,Fungi,Basidiomycota,Agaricomycetes,Agaricales,Marasmiaceae,Marasmius,0,0,0,2,0,0
Marasmius plicatulus,Not Found,Unknown,Unknown,Fungi,Basidiomycota,Agaricomycetes,Agaricales,Marasmiaceae,Marasmius,0,0,0,1,0,0
Marrubium vulgare,Not Found,Unknown,Unknown,Plantae,Tracheophyta,Magnoliopsida,Lamiales,Lamiaceae,Marrubium,3,0,1,0,0,0
Megahexura fulva,Not Found,Unknown,Unknown,Animalia,Arthropoda,Arachnida,Araneae,Megahexuridae,Megahexura,1,0,1,0,0,0
Melanerpes formicivorus,Not Found,Unknown,Unknown,Animalia,Chordata,Aves,Piciformes,Picidae,Melanerpes,0,6,4,1,3,9
Melospiza lincolnii,Not Found,Unknown,Unknown,Animalia,Chordata,Aves,Passeriformes,Passerellidae,Melospiza,0,2,1,0,0,0
Melospiza melodia,Not Found,Unknown,Unknown,Animalia,Chordata,Aves,Passeriformes,Passerellidae,Melospiza,1,0,0,0,0,1
Melozone crissalis,Not Found,Unknown,Unknown,Animalia,Chordata,Aves,Passeriformes,Passerellidae,Melozone,2,9,8,2,4,5
Menemerus bivittatus,Not Found,Unknown,Unknown,Animalia,Arthropoda,Arachnida,Araneae,Salticidae,Menemerus,0,0,0,0,1,0
Metacyrba taeniola,Not Found,Unknown,Unknown,Animalia,Arthropoda,Arachnida,Araneae,Salticidae,Metacyrba,1,0,0,1,1,0
Metaltella simoni,Not Found,Unknown,Unknown,Animalia,Arthropoda,Arachnida,Araneae,Desidae,Metaltella,0,0,0,0,0,1
Mimus polyglottos,Not Found,Unknown,Unknown,Animalia,Chordata,Aves,Passeriformes,Mimidae,Mimus,1,14,7,0,2,6
Mirabilis laevis,Not Found,Unknown,Unknown,Plantae,Tracheophyta,Magnoliopsida,Caryophyllales,Nyctaginaceae,Mirabilis,0,0,0,1,0,0
Mollisia cinerea,Not Found,Unknown,Unknown,Fungi,Ascomycota,Leotiomycetes,Helotiales,Mollisiaceae,Mollisia,0,0,0,0,1,0
Morchella rufobrunnea,Not Found,Unknown,Unknown,Fungi,Ascomycota,Pezizomycetes,Pezizales,Morchellaceae,Morchella,0,1,0,0,0,0
Murgantia histrionica,Not Found,Unknown,Unknown,Animalia,Arthropoda,Insecta,Hemiptera,Pentatomidae,Murgantia,1,0,0,0,0,0
Myriopteris covillei,Not Found,Unknown,Unknown,Plantae,Tracheophyta,Polypodiopsida,Polypodiales,Pteridaceae,Myriopteris,0,0,1,0,0,0
Myxarium nucleatum,Not Found,Unknown,Unknown,Fungi,Basidiomycota,Agaricomycetes,Auriculariales,Hyaloriaceae,Myxarium,0,0,0,0,1,0
Naematelia aurantia,Not Found,Unknown,Unknown,Fungi,Basidiomycota,Tremellomycetes,Tremellales,Naemateliaceae,Naematelia,0,0,0,1,0,0
Nemophila menziesii,Not Found,Unknown,Unknown,Plantae,Tracheophyta,Magnoliopsida,Boraginales,Hydrophyllaceae,Nemophila,0,0,0,0,1,0
Neoscona crucifera,Not Found,Unknown,Unknown,Animalia,Arthropoda,Arachnida,Araneae,Araneidae,Neoscona,0,0,0,0,1,0
Neotephritis finalis,Not Found,Unknown,Unknown,Animalia,Arthropoda,Insecta,Diptera,Tephritidae,Neotephritis,0,0,0,1,0,0
Neotoma macrotis,Not Found,Unknown,Unknown,Animalia,Chordata,Mammalia,Rodentia,Cricetidae,Neotoma,0,0,0,0,1,0
Nicotiana glauca,Not Found,Unknown,Unknown,Plantae,Tracheophyta,Magnoliopsida,Solanales,Solanaceae,Nicotiana,3,1,0,2,0,2
Nymphalis antiopa,Not Found,Unknown,Unknown,Animalia,Arthropoda,Insecta,Lepidoptera,Nymphalidae,Nymphalis,1,0,0,0,1,3
Odocoileus hemionus,Not Found,Unknown,Unknown,Animalia,Chordata,Mammalia,Artiodactyla,Cervidae,Odocoileus,3,0,0,2,1,3
Oenothera elata,Not Found,Unknown,Unknown,Plantae,Tracheophyta,Magnoliopsida,Myrtales,Onagraceae,Oenothera,0,0,0,0,1,0
Olea europaea,Not Found,Unknown,Unknown,Plantae,Tracheophyta,Magnoliopsida,Lamiales,Oleaceae,Olea,1,0,0,0,0,0
Oloptum miliaceum,Not Found,Unknown,Unknown,Plantae,Tracheophyta,Liliopsida,Poales,Poaceae,Oloptum,0,0,0,1,0,0
Omphalotus olivascens,Not Found,Unknown,Unknown,Fungi,Basidiomycota,Agaricomycetes,Agaricales,Omphalotaceae,Omphalotus,0,0,0,2,1,0
Opuntia ficus-indica,Not Found,Unknown,Unknown,Plantae,Tracheophyta,Magnoliopsida,Caryophyllales,Cactaceae,Opuntia,0,0,0,1,0,0
Opuntia littoralis,Not Found,Unknown,Unknown,Plantae,Tracheophyta,Magnoliopsida,Caryophyllales,Cactaceae,Opuntia,5,0,2,1,1,0
Otospermophilus beecheyi,Not Found,Unknown,Unknown,Animalia,Chordata,Mammalia,Rodentia,Sciuridae,Otospermophilus,1,0,0,0,0,0
Oxalis corniculata,Not Found,Unknown,Unknown,Plantae,Tracheophyta,Magnoliopsida,Oxalidales,Oxalidaceae,Oxalis,0,0,0,0,1,0
Oxalis pes-caprae,Not Found,Unknown,Unknown,Plantae,Tracheophyta,Magnoliopsida,Oxalidales,Oxalidaceae,Oxalis,0,1,1,2,0,1
Paruroctonus silvestrii,Not Found,Unknown,Unknown,Animalia,Arthropoda,Arachnida,Scorpiones,Vaejovidae,Paruroctonus,0,0,0,1,0,0
Passer domesticus,Not Found,Unknown,Unknown,Animalia,Chordata,Aves,Passeriformes,Passeridae,Passer,0,0,3,2,1,1
Patagioenas fasciata,Not Found,Unknown,Unknown,Animalia,Chordata,Aves,Columbiformes,Columbidae,Patagioenas,1,2,8,1,2,6
Pavo cristatus,Not Found,Unknown,Unknown,Animalia,Chordata,Aves,Galliformes,Phasianidae,Pavo,1,1,7,1,7,13
Pelegrina aeneola,Not Found,Unknown,Unknown,Animalia,Arthropoda,Arachnida,Araneae,Salticidae,Pelegrina,0,0,1,0,0,0
Pellaea andromedifolia,Not Found,Unknown,Unknown,Plantae,Tracheophyta,Polypodiopsida,Polypodiales,Pteridaceae,Pellaea,0,2,7,2,7,0
Pellaea mucronata,Not Found,Unknown,Unknown,Plantae,Tracheophyta,Polypodiopsida,Polypodiales,Pteridaceae,Pellaea,0,1,2,1,1,0
Peniophora albobadia,Not Found,Unknown,Unknown,Fungi,Basidiomycota,Agaricomycetes,Russulales,Peniophoraceae,Peniophora,0,0,0,0,1,0
Pentagramma triangularis,Not Found,Unknown,Unknown,Plantae,Tracheophyta,Polypodiopsida,Polypodiales,Pteridaceae,Pentagramma,0,0,2,0,1,0
Periplaneta americana,Not Found,Unknown,Unknown,Animalia,Arthropoda,Insecta,Blattodea,Blattidae,Periplaneta,1,0,0,0,0,0
Persicaria capitata,Not Found,Unknown,Unknown,Plantae,Tracheophyta,Magnoliopsida,Caryophyllales,Polygonaceae,Persicaria,0,0,0,0,1,0
Phacelia distans,Not Found,Unknown,Unknown,Plantae,Tracheophyta,Magnoliopsida,Boraginales,Hydrophyllaceae,Phacelia,0,0,1,0,2,0
Phacelia minor,Not Found,Unknown,Unknown,Plantae,Tracheophyta,Magnoliopsida,Boraginales,Hydrophyllaceae,Phacelia,0,0,0,1,0,0
Phacelia ramosissima,Not Found,Unknown,Unknown,Plantae,Tracheophyta,Magnoliopsida,Boraginales,Hydrophyllaceae,Phacelia,0,1,0,0,3,0
Phaeolus schweinitzii,Not Found,Unknown,Unknown,Fungi,Basidiomycota,Agaricomycetes,Polyporales,Laetiporaceae,Phaeolus,0,0,0,0,1,0
Phainopepla nitens,Not Found,Unknown,Unknown,Animalia,Chordata,Aves,Passeriformes,Ptilogonatidae,Phainopepla,0,0,0,0,0,1
Phallus hadriani,Not Found,Unknown,Unknown,Fungi,Basidiomycota,Agaricomycetes,Phallales,Phallaceae,Phallus,1,0,0,0,0,0
Pheidole hyatti,Not Found,Unknown,Unknown,Animalia,Arthropoda,Insecta,Hymenoptera,Formicidae,Pheidole,0,0,0,2,0,0
Phellinus gilvus,Not Found,Unknown,Unknown,Fungi,Basidiomycota,Agaricomycetes,Hymenochaetales,Hymenochaetaceae,Phellinus,0,0,1,0,0,0
Phidippus adumbratus,Not Found,Unknown,Unknown,Animalia,Arthropoda,Arachnida,Araneae,Salticidae,Phidippus,0,0,2,0,0,0
Phidippus audax,Not Found,Unknown,Unknown,Animalia,Arthropoda,Arachnida,Araneae,Salticidae,Phidippus,0,0,0,1,0,0
Phlebia tremellosa,Not Found,Unknown,Unknown,Fungi,Basidiomycota,Agaricomycetes,Polyporales,Meruliaceae,Phlebia,0,0,0,0,2,0
Phloeodes diabolicus,Not Found,Unknown,Unknown,Animalia,Arthropoda,Insecta,Coleoptera,Zopheridae,Phloeodes,0,0,0,1,0,0
Phoebis sennae,Not Found,Unknown,Unknown,Animalia,Arthropoda,Insecta,Lepidoptera,Pieridae,Phoebis,1,0,0,0,0,1
Phyllocnistis citrella,Not Found,Unknown,Unknown,Animalia,Arthropoda,Insecta,Lepidoptera,Gracillariidae,Phyllocnistis,1,0,0,0,0,0
Pieris rapae,Not Found,Unknown,Unknown,Animalia,Arthropoda,Insecta,Lepidoptera,Pieridae,Pieris,0,0,0,0,1,0
Pinus canariensis,Not Found,Unknown,Unknown,Plantae,Tracheophyta,Pinopsida,Pinales,Pinaceae,Pinus,0,0,0,1,0,0
Pinus coulteri,Not Found,Unknown,Unknown,Plantae,Tracheophyta,Pinopsida,Pinales,Pinaceae,Pinus,0,0,1,0,1,0
Pinus halepensis,Not Found,Unknown,Unknown,Plantae,Tracheophyta,Pinopsida,Pinales,Pinaceae,Pinus,0,0,0,1,0,0
Pipilo maculatus,Not Found,Unknown,Unknown,Animalia,Chordata,Aves,Passeriformes,Passerellidae,Pipilo,0,5,1,0,0,4
Plantago major,Not Found,Unknown,Unknown,Plantae,Tracheophyta,Magnoliopsida,Lamiales,Plantaginaceae,Plantago,0,0,0,0,0,1
Platanus racemosa,Not Found,Unknown,Unknown,Plantae,Tracheophyta,Magnoliopsida,Proteales,Platanaceae,Platanus,1,1,0,3,0,0
Platycixius calvus,Not Found,Unknown,Unknown,Animalia,Arthropoda,Insecta,Hemiptera,Cixiidae,Platycixius,0,0,0,1,0,0
Plestiodon skiltonianus,Not Found,Unknown,Unknown,Animalia,Chordata,Squamata,Unknown,Scincidae,Plestiodon,0,0,1,2,0,0
Poecile gambeli,Not Found,Unknown,Unknown,Animalia,Chordata,Aves,Passeriformes,Paridae,Poecile,0,3,0,1,0,0
Polistes aurifer,Not Found,Unknown,Unknown,Animalia,Arthropoda,Insecta,Hymenoptera,Eumenidae,Polistes,0,0,0,1,0,0
Polycarpon tetraphyllum,Not Found,Unknown,Unknown,Plantae,Tracheophyta,Magnoliopsida,Caryophyllales,Caryophyllaceae,Polycarpon,0,0,0,0,1,0
Polygyra cereolus,Not Found,Unknown,Unknown,Animalia,Mollusca,Gastropoda,Stylommatophora,Polygyridae,Polygyra,0,0,1,0,0,0
Polypodium californicum,Not Found,Unknown,Unknown,Plantae,Tracheophyta,Polypodiopsida,Polypodiales,Polypodiaceae,Polypodium,0,0,1,0,1,0
Polystichum imbricans,Not Found,Unknown,Unknown,Plantae,Tracheophyta,Polypodiopsida,Polypodiales,Dryopteridaceae,Polystichum,0,0,0,0,1,0
Polytrichum juniperinum,Not Found,Unknown,Unknown,Plantae,Bryophyta,Polytrichopsida,Polytrichales,Polytrichaceae,Polytrichum,0,0,1,0,0,0
Populus trichocarpa,Not Found,Unknown,Unknown,Plantae,Tracheophyta,Magnoliopsida,Malpighiales,Salicaceae,Populus,0,0,0,1,0,1
Porcellio dilatatus,Not Found,Unknown,Unknown,Animalia,Arthropoda,Malacostraca,Isopoda,Porcellionidae,Porcellio,0,0,0,1,0,0
Procambarus clarkii,Not Found,Unknown,Unknown,Animalia,Arthropoda,Malacostraca,Decapoda,Cambaridae,Procambarus,0,0,0,1,0,0
Procyon lotor,Not Found,Unknown,Unknown,Animalia,Chordata,Mammalia,Carnivora,Procyonidae,Procyon,1,0,0,0,0,1
Prunus ilicifolia,Not Found,Unknown,Unknown,Plantae,Tracheophyta,Magnoliopsida,Rosales,Rosaceae,Prunus,1,0,0,1,0,2
Psaltriparus minimus,Not Found,Unknown,Unknown,Animalia,Chordata,Aves,Passeriformes,Aegithalidae,Psaltriparus,0,0,1,0,0,3
Pseudacris cadaverina,Not Found,Unknown,Unknown,Animalia,Chordata,Amphibia,Anura,Hylidae,Pseudacris,0,0,0,0,1,0
Pseudognaphalium biolettii,Not Found,Unknown,Unknown,Plantae,Tracheophyta,Magnoliopsida,Asterales,Asteraceae,Pseudognaphalium,0,0,2,3,1,0
Pseudognaphalium californicum,Not Found,Unknown,Unknown,Plantae,Tracheophyta,Magnoliopsida,Asterales,Asteraceae,Pseudognaphalium,1,0,0,0,0,0
Pseudognaphalium microcephalum,Not Found,Unknown,Unknown,Plantae,Tracheophyta,Magnoliopsida,Asterales,Asteraceae,Pseudognaphalium,0,0,0,2,3,0
Pseudotsuga macrocarpa,Not Found,Unknown,Unknown,Plantae,Tracheophyta,Pinopsida,Pinales,Pinaceae,Pseudotsuga,0,0,1,0,2,0
Pterostegia drymarioides,Not Found,Unknown,Unknown,Plantae,Tracheophyta,Magnoliopsida,Caryophyllales,Polygonaceae,Pterostegia,0,0,0,0,1,0
Pycnonotus jocosus,Not Found,Unknown,Unknown,Animalia,Chordata,Aves,Passeriformes,Pycnonotidae,Pycnonotus,5,3,6,0,5,7
Quercus agrifolia,Not Found,Unknown,Unknown,Plantae,Tracheophyta,Magnoliopsida,Fagales,Fagaceae,Quercus,4,2,0,4,1,5
Quercus berberidifolia,Not Found,Unknown,Unknown,Plantae,Tracheophyta,Magnoliopsida,Fagales,Fagaceae,Quercus,1,0,0,0,0,0
Quercus chrysolepis,Not Found,Unknown,Unknown,Plantae,Tracheophyta,Magnoliopsida,Fagales,Fagaceae,Quercus,0,0,0,1,2,2
Quercus durata,Not Found,Unknown,Unknown,Plantae,Tracheophyta,Magnoliopsida,Fagales,Fagaceae,Quercus,0,0,0,1,0,0
Quercus wislizeni,Not Found,Unknown,Unknown,Plantae,Tracheophyta,Magnoliopsida,Fagales,Fagaceae,Quercus,0,0,0,0,0,2
Regulus calendula,Not Found,Unknown,Unknown,Animalia,Chordata,Aves,Passeriformes,Regulidae,Regulus,1,2,3,4,0,3
Rhus integrifolia,Not Found,Unknown,Unknown,Plantae,Tracheophyta,Magnoliopsida,Sapindales,Anacardiaceae,Rhus,0,1,0,1,2,1
Rhus ovata,Not Found,Unknown,Unknown,Plantae,Tracheophyta,Magnoliopsida,Sapindales,Anacardiaceae,Rhus,5,1,3,2,1,1
Ribes aureum,Not Found,Unknown,Unknown,Plantae,Tracheophyta,Magnoliopsida,Saxifragales,Grossulariaceae,Ribes,4,0,4,3,1,0
Ribes californicum,Not Found,Unknown,Unknown,Plantae,Tracheophyta,Magnoliopsida,Saxifragales,Grossulariaceae,Ribes,0,1,2,1,5,2
Ribes malvaceum,Not Found,Unknown,Unknown,Plantae,Tracheophyta,Magnoliopsida,Saxifragales,Grossulariaceae,Ribes,0,0,1,1,1,0
Ricinus communis,Not Found,Unknown,Unknown,Plantae,Tracheophyta,Magnoliopsida,Malpighiales,Euphorbiaceae,Ricinus,6,1,1,3,2,0
Rosa californica,Not Found,Unknown,Unknown,Plantae,Tracheophyta,Magnoliopsida,Rosales,Rosaceae,Rosa,1,0,0,0,0,0
Salix lasiolepis,Not Found,Unknown,Unknown,Plantae,Tracheophyta,Magnoliopsida,Malpighiales,Salicaceae,Salix,1,1,0,0,0,0
Salvia apiana,Not Found,Unknown,Unknown,Plantae,Tracheophyta,Magnoliopsida,Lamiales,Lamiaceae,Salvia,4,0,2,1,3,0
Salvia columbariae,Not Found,Unknown,Unknown,Plantae,Tracheophyta,Magnoliopsida,Lamiales,Lamiaceae,Salvia,0,0,0,0,3,0
Salvia leucophylla,Not Found,Unknown,Unknown,Plantae,Tracheophyta,Magnoliopsida,Lamiales,Lamiaceae,Salvia,0,0,0,0,1,0
Salvia mellifera,Not Found,Unknown,Unknown,Plantae,Tracheophyta,Magnoliopsida,Lamiales,Lamiaceae,Salvia,2,1,1,3,5,0
Salvia rosmarinus,Not Found,Unknown,Unknown,Plantae,Tracheophyta,Magnoliopsida,Lamiales,Lamiaceae,Salvia,0,0,0,0,1,0
Sambucus cerulea,Not Found,Unknown,Unknown,Plantae,Tracheophyta,Magnoliopsida,Dipsacales,Viburnaceae,Sambucus,1,0,0,0,0,0
Sayornis nigricans,Not Found,Unknown,Unknown,Animalia,Chordata,Aves,Passeriformes,Tyrannidae,Sayornis,3,9,1,1,0,11
Sayornis saya,Not Found,Unknown,Unknown,Animalia,Chordata,Aves,Passeriformes,Tyrannidae,Sayornis,0,0,0,0,0,2
Sceloporus occidentalis,Not Found,Unknown,Unknown,Animalia,Chordata,Squamata,Unknown,Phrynosomatidae,Sceloporus,2,2,1,0,1,5
Schistocerca nitens,Not Found,Unknown,Unknown,Animalia,Arthropoda,Insecta,Orthoptera,Acrididae,Schistocerca,1,0,0,0,0,0
Schizophyllum commune,Not Found,Unknown,Unknown,Fungi,Basidiomycota,Agaricomycetes,Agaricales,Schizophyllaceae,Schizophyllum,2,0,0,1,1,0
Sciurus niger,Not Found,Unknown,Unknown,Animalia,Chordata,Mammalia,Rodentia,Sciuridae,Sciurus,12,3,7,0,3,6
Scolopendra polymorpha,Not Found,Unknown,Unknown,Animalia,Arthropoda,Chilopoda,Scolopendromorpha,Scolopendridae,Scolopendra,0,0,0,1,2,0
Selaginella bigelovii,Not Found,Unknown,Unknown,Plantae,Tracheophyta,Lycopodiopsida,Selaginellales,Selaginellaceae,Selaginella,0,1,2,4,0,0
Selasphorus sasin,Not Found,Unknown,Unknown,Animalia,Chordata,Aves,Apodiformes,Trochilidae,Selasphorus,1,2,5,1,0,4
Senna didymobotrya,Not Found,Unknown,Unknown,Plantae,Tracheophyta,Magnoliopsida,Fabales,Fabaceae,Senna,1,0,0,0,1,0
Setophaga auduboni,Not Found,Unknown,Unknown,Animalia,Chordata,Aves,Passeriformes,Parulidae,Setophaga,0,21,1,1,1,0
Setophaga coronata,Not Found,Unknown,Unknown,Animalia,Chordata,Aves,Passeriformes,Parulidae,Setophaga,3,3,6,6,1,14
Setophaga nigrescens,Not Found,Unknown,Unknown,Animalia,Chordata,Aves,Passeriformes,Parulidae,Setophaga,0,0,0,0,1,0
Setophaga townsendi,Not Found,Unknown,Unknown,Animalia,Chordata,Aves,Passeriformes,Parulidae,Setophaga,1,0,1,3,0,2
Sialia mexicana,Not Found,Unknown,Unknown,Animalia,Chordata,Aves,Passeriformes,Turdidae,Sialia,1,3,1,2,1,9
Silene laciniata,Not Found,Unknown,Unknown,Plantae,Tracheophyta,Magnoliopsida,Caryophyllales,Caryophyllaceae,Silene,0,0,0,0,1,0
Silybum marianum,Not Found,Unknown,Unknown,Plantae,Tracheophyta,Magnoliopsida,Asterales,Asteraceae,Silybum,0,0,0,2,0,0
Sitalcina lobata,Not Found,Unknown,Unknown,Animalia,Arthropoda,Arachnida,Opiliones,Phalangodidae,Sitalcina,0,0,0,0,2,0
Sitta canadensis,Not Found,Unknown,Unknown,Animalia,Chordata,Aves,Passeriformes,Sittidae,Sitta,0,0,0,0,1,0
Sitta carolinensis,Not Found,Unknown,Unknown,Animalia,Chordata,Aves,Passeriformes,Sittidae,Sitta,0,0,0,1,0,0
Solanum douglasii,Not Found,Unknown,Unknown,Plantae,Tracheophyta,Magnoliopsida,Solanales,Solanaceae,Solanum,0,0,0,1,4,0
Solanum mauritianum,Not Found,Unknown,Unknown,Plantae,Tracheophyta,Magnoliopsida,Solanales,Solanaceae,Solanum,0,0,0,0,1,1
Sonchus oleraceus,Not Found,Unknown,Unknown,Plantae,Tracheophyta,Magnoliopsida,Asterales,Asteraceae,Sonchus,2,0,0,0,2,0
Spartium junceum,Not Found,Unknown,Unknown,Plantae,Tracheophyta,Magnoliopsida,Fabales,Fabaceae,Spartium,1,1,0,1,0,1
Sphyrapicus ruber,Not Found,Unknown,Unknown,Animalia,Chordata,Aves,Piciformes,Picidae,Sphyrapicus,0,1,0,0,1,0
Spinus psaltria,Not Found,Unknown,Unknown,Animalia,Chordata,Aves,Passeriformes,Fringillidae,Spinus,3,8,4,2,2,4
Spinus tristis,Not Found,Unknown,Unknown,Animalia,Chordata,Aves,Passeriformes,Fringillidae,Spinus,0,0,0,0,1,0
Spizella passerina,Not Found,Unknown,Unknown,Animalia,Chordata,Aves,Passeriformes,Passerellidae,Spizella,4,1,0,0,0,0
Stachys albens,Not Found,Unknown,Unknown,Plantae,Tracheophyta,Magnoliopsida,Lamiales,Lamiaceae,Stachys,0,0,0,0,1,0
Steatoda grossa,Not Found,Unknown,Unknown,Animalia,Arthropoda,Arachnida,Araneae,Theridiidae,Steatoda,0,0,0,0,0,1
Steatoda nobilis,Not Found,Unknown,Unknown,Animalia,Arthropoda,Arachnida,Araneae,Theridiidae,Steatoda,1,0,0,0,0,1
Stellaria media,Not Found,Unknown,Unknown,Plantae,Tracheophyta,Magnoliopsida,Caryophyllales,Caryophyllaceae,Stellaria,0,0,2,1,1,0
Stephanomeria cichoriacea,Not Found,Unknown,Unknown,Plantae,Tracheophyta,Magnoliopsida,Asterales,Asteraceae,Stephanomeria,0,0,0,0,0,1
Stereum hirsutum,Not Found,Unknown,Unknown,Fungi,Basidiomycota,Agaricomycetes,Russulales,Stereaceae,Stereum,0,0,1,2,0,1
Streptopelia decaocto,Not Found,Unknown,Unknown,Animalia,Chordata,Aves,Columbiformes,Columbidae,Streptopelia,1,0,0,0,0,0
Sturnus vulgaris,Not Found,Unknown,Unknown,Animalia,Chordata,Aves,Passeriformes,Sturnidae,Sturnus,1,2,0,0,0,1
Suillellus amygdalinus,Not Found,Unknown,Unknown,Fungi,Basidiomycota,Agaricomycetes,Boletales,Boletaceae,Suillellus,0,0,0,1,0,0
Superstitionia donensis,Not Found,Unknown,Unknown,Animalia,Arthropoda,Arachnida,Scorpiones,Superstitioniidae,Superstitionia,0,0,0,2,0,0
Sylvilagus audubonii,Not Found,Unknown,Unknown,Animalia,Chordata,Mammalia,Lagomorpha,Leporidae,Sylvilagus,0,0,0,0,1,0
Sympetrum corruptum,Not Found,Unknown,Unknown,Animalia,Arthropoda,Insecta,Odonata,Libellulidae,Sympetrum,0,0,1,0,0,0
Synchytrium papillatum,Not Found,Unknown,Unknown,Fungi,Chytridiomycota,Chytridiomycetes,Chytridiales,Synchytriaceae,Synchytrium,0,0,0,1,0,0
Taraxacum officinale,Not Found,Unknown,Unknown,Plantae,Tracheophyta,Magnoliopsida,Asterales,Asteraceae,Taraxacum,0,0,1,0,0,0
Targionia hypophylla,Not Found,Unknown,Unknown,Plantae,Marchantiophyta,Marchantiopsida,Marchantiales,Targioniaceae,Targionia,0,0,0,0,1,0
Thomomys bottae,Not Found,Unknown,Unknown,Animalia,Chordata,Mammalia,Rodentia,Geomyidae,Thomomys,0,0,1,1,1,1
Thryomanes bewickii,Not Found,Unknown,Unknown,Animalia,Chordata,Aves,Passeriformes,Troglodytidae,Thryomanes,1,0,5,0,0,6
Toxicodendron diversilobum,Not Found,Unknown,Unknown,Plantae,Tracheophyta,Magnoliopsida,Sapindales,Anacardiaceae,Toxicodendron,2,0,0,6,0,1
Toxostoma redivivum,Not Found,Unknown,Unknown,Animalia,Chordata,Aves,Passeriformes,Mimidae,Toxostoma,0,0,0,0,1,0
Trachelas pacificus,Not Found,Unknown,Unknown,Animalia,Arthropoda,Arachnida,Araneae,Trachelidae,Trachelas,1,0,0,1,0,0
Trachemys scripta,Not Found,Unknown,Unknown,Animalia,Chordata,Testudines,Unknown,Emydidae,Trachemys,0,2,0,0,4,2
Trametes versicolor,Not Found,Unknown,Unknown,Fungi,Basidiomycota,Agaricomycetes,Polyporales,Polyporaceae,Trametes,1,0,0,1,0,0
Tremella mesenterica,Not Found,Unknown,Unknown,Fungi,Basidiomycota,Tremellomycetes,Tremellales,Tremellaceae,Tremella,0,0,1,0,0,0
Trichaptum abietinum,Not Found,Unknown,Unknown,Fungi,Basidiomycota,Agaricomycetes,Hymenochaetales,Unknown,Trichaptum,1,0,0,0,0,0
Trifolium repens,Not Found,Unknown,Unknown,Plantae,Tracheophyta,Magnoliopsida,Fabales,Fabaceae,Trifolium,0,0,0,0,0,1
Tubaria furfuracea,Not Found,Unknown,Unknown,Fungi,Basidiomycota,Agaricomycetes,Agaricales,Tubariaceae,Tubaria,0,0,0,1,0,0
Turdus migratorius,Not Found,Unknown,Unknown,Animalia,Chordata,Aves,Passeriformes,Turdidae,Turdus,3,0,2,2,0,0
Turricula parryi,Not Found,Unknown,Unknown,Plantae,Tracheophyta,Magnoliopsida,Boraginales,Namaceae,Turricula,0,0,1,0,0,0
Tylobolus claremontus,Not Found,Unknown,Unknown,Animalia,Arthropoda,Diplopoda,Spirobolida,Spirobolidae,Tylobolus,0,0,1,3,1,0
Tyrannus vociferans,Not Found,Unknown,Unknown,Animalia,Chordata,Aves,Passeriformes,Tyrannidae,Tyrannus,0,1,0,1,0,1
Uloborus diversus,Not Found,Unknown,Unknown,Animalia,Arthropoda,Arachnida,Araneae,Uloboridae,Uloborus,0,0,0,1,0,0
Umbellularia californica,Not Found,Unknown,Unknown,Plantae,Tracheophyta,Magnoliopsida,Laurales,Lauraceae,Umbellularia,4,1,4,3,4,1
Unknown,Not Found,Unknown,Unknown,Unknown,Unknown,Unknown,Unknown,Unknown,Unknown,12,7,5,18,4,4
Urtica urens,Not Found,Unknown,Unknown,Plantae,Tracheophyta,Magnoliopsida,Rosales,Urticaceae,Urtica,0,0,0,1,0,0
Uta stansburiana,Not Found,Unknown,Unknown,Animalia,Chordata,Squamata,Unknown,Phrynosomatidae,Uta,0,1,1,0,0,1
Vanessa atalanta,Not Found,Unknown,Unknown,Animalia,Arthropoda,Insecta,Lepidoptera,Nymphalidae,Vanessa,0,0,2,0,0,0
Vanessa cardui,Not Found,Unknown,Unknown,Animalia,Arthropoda,Insecta,Lepidoptera,Nymphalidae,Vanessa,1,0,1,0,0,0
Verbascum virgatum,Not Found,Unknown,Unknown,Plantae,Tracheophyta,Magnoliopsida,Lamiales,Scrophulariaceae,Verbascum,1,0,0,0,1,0
Vidua macroura,Not Found,Unknown,Unknown,Animalia,Chordata,Aves,Passeriformes,Viduidae,Vidua,0,0,0,0,0,1
Vinca major,Not Found,Unknown,Unknown,Plantae,Tracheophyta,Magnoliopsida,Gentianales,Apocynaceae,Vinca,0,0,0,0,1,0
Vireo huttoni,Not Found,Unknown,Unknown,Animalia,Chordata,Aves,Passeriformes,Vireonidae,Vireo,1,0,0,0,0,0
Volvopluteus gloiocephalus,Not Found,Unknown,Unknown,Fungi,Basidiomycota,Agaricomycetes,Agaricales,Pluteaceae,Volvopluteus,3,0,0,1,0,0
Woodwardia fimbriata,Not Found,Unknown,Unknown,Plantae,Tracheophyta,Polypodiopsida,Polypodiales,Blechnaceae,Woodwardia,0,0,0,1,0,0
Xanthoparmelia cumberlandia,Not Found,Unknown,Unknown,Fungi,Ascomycota,Lecanoromycetes,Lecanorales,Parmeliaceae,Xanthoparmelia,1,0,0,0,0,0
Zenaida macroura,Not Found,Unknown,Unknown,Animalia,Chordata,Aves,Columbiformes,Columbidae,Zenaida,0,34,7,1,1,6
Zonotrichia atricapilla,Not Found,Unknown,Unknown,Animalia,Chordata,Aves,Passeriformes,Passerellidae,Zonotrichia,2,4,2,1,0,3
Zonotrichia leucophrys,Not Found,Unknown,Unknown,Animalia,Chordata,Aves,Passeriformes,Passerellidae,Zonotrichia,4,13,8,0,1,4
