Species Name,Assessment ID,Red List Category,Population Trend,Kingdom,Phylum,Class,Order,Family,Genus,2020,2021,2022,2023,2024,2025
Acacia dealbata,Not Found,Unknown,Unknown,Plantae,Tracheophyta,Magnoliopsida,Fabales,Fabaceae,Acacia,0,0,0,0,0,1
Accipiter striatus,Not Found,Unknown,Unknown,Animalia,Chordata,Aves,Accipitriformes,Accipitridae,Accipiter,1,0,0,0,0,0
Acer negundo,Not Found,Unknown,Unknown,Plantae,Tracheophyta,Magnoliopsida,Sapindales,Sapindaceae,Acer,1,0,0,0,2,0
Acmispon glaber,Not Found,Unknown,Unknown,Plantae,Tracheophyta,Magnoliopsida,Fabales,Fabaceae,Acmispon,1,0,0,0,2,0
Acourtia microcephala,Not Found,Unknown,Unknown,Plantae,Tracheophyta,Magnoliopsida,Asterales,Asteraceae,Acourtia,0,0,0,1,2,0
Actitis macularius,Not Found,Unknown,Unknown,Animalia,Chordata,Aves,Charadriiformes,Scolopacidae,Actitis,5,3,9,3,0,6
Adenostoma fasciculatum,Not Found,Unknown,Unknown,Plantae,Tracheophyta,Magnoliopsida,Rosales,Rosaceae,Adenostoma,0,0,1,0,0,0
Aeronautes saxatalis,Not Found,Unknown,Unknown,Animalia,Chordata,Aves,Apodiformes,Apodidae,Aeronautes,0,0,2,0,0,1
Aesculus californica,Not Found,Unknown,Unknown,Plantae,Tracheophyta,Magnoliopsida,Sapindales,Sapindaceae,Aesculus,1,0,0,0,0,0
Agaricus californicus,Not Found,Unknown,Unknown,Fungi,Basidiomycota,Agaricomycetes,Agaricales,Agaricaceae,Agaricus,0,0,0,1,1,0
Agelaius phoeniceus,Not Found,Unknown,Unknown,Animalia,Chordata,Aves,Passeriformes,Icteridae,Agelaius,4,4,1,0,0,4
Agelaius tricolor,Not Found,Unknown,Unknown,Animalia,Chordata,Aves,Passeriformes,Icteridae,Agelaius,0,1,0,0,0,0
Ageratina adenophora,Not Found,Unknown,Unknown,Plantae,Tracheophyta,Magnoliopsida,Asterales,Asteraceae,Ageratina,1,0,0,0,0,0
Agrocybe pediades,Not Found,Unknown,Unknown,Fungi,Basidiomycota,Agaricomycetes,Agaricales,Strophariaceae,Agrocybe,0,0,0,2,0,0
Alopecosa kochi,Not Found,Unknown,Unknown,Animalia,Arthropoda,Arachnida,Araneae,Lycosidae,Alopecosa,0,0,0,0,1,0
Alopochen aegyptiaca,Not Found,Unknown,Unknown,Animalia,Chordata,Aves,Anseriformes,Anatidae,Alopochen,1,2,3,1,1,0
Amazona finschi,Not Found,Unknown,Unknown,Animalia,Chordata,Aves,Psittaciformes,Psittacidae,Amazona,0,0,0,0,0,2
Amazona viridigenalis,Not Found,Unknown,Unknown,Animalia,Chordata,Aves,Psittaciformes,Psittacidae,Amazona,3,0,0,0,0,0
Anas acuta,Not Found,Unknown,Unknown,Animalia,Chordata,Aves,Anseriformes,Anatidae,Anas,0,4,1,0,0,0
Anas crecca,Not Found,Unknown,Unknown,Animalia,Chordata,Aves,Anseriformes,Anatidae,Anas,8,3,1,0,0,3
Anas platyrhynchos,Not Found,Unknown,Unknown,Animalia,Chordata,Aves,Anseriformes,Anatidae,Anas,9,13,7,5,2,4
Aneides lugubris,53975004,Least Concern,Stable,Animalia,Chordata,Amphibia,Caudata,Plethodontidae,Aneides,0,0,0,0,1,0
Anniella stebbinsi,Not Found,Unknown,Unknown,Animalia,Chordata,Squamata,Unknown,Anguidae,Anniella,0,0,0,1,0,0
Anthus rubescens,Not Found,Unknown,Unknown,Animalia,Chordata,Aves,Passeriformes,Motacillidae,Anthus,2,0,2,1,0,3
Aphelocoma californica,Not Found,Unknown,Unknown,Animalia,Chordata,Aves,Passeriformes,Corvidae,Aphelocoma,2,2,0,0,2,5
Aphonopelma steindachneri,Not Found,Unknown,Unknown,Animalia,Arthropoda,Arachnida,Araneae,Theraphosidae,Aphonopelma,1,0,0,0,0,0
Apis mellifera,Not Found,Unknown,Unknown,Animalia,Arthropoda,Insecta,Hymenoptera,Apidae,Apis,0,3,5,1,4,3
Aquarius remigis,Not Found,Unknown,Unknown,Animalia,Arthropoda,Insecta,Hemiptera,Gerridae,Aquarius,1,0,0,0,0,0
Arctostaphylos bicolor,Not Found,Unknown,Unknown,Plantae,Tracheophyta,Magnoliopsida,Ericales,Ericaceae,Arctostaphylos,1,0,0,1,0,0
Arctostaphylos glandulosa,Not Found,Unknown,Unknown,Plantae,Tracheophyta,Magnoliopsida,Ericales,Ericaceae,Arctostaphylos,0,0,0,2,0,0
Arctostaphylos glauca,Not Found,Unknown,Unknown,Plantae,Tracheophyta,Magnoliopsida,Ericales,Ericaceae,Arctostaphylos,0,0,0,2,0,0
Ardea alba,Not Found,Unknown,Unknown,Animalia,Chordata,Aves,Pelecaniformes,Ardeidae,Ardea,6,8,6,3,0,4
Ardea herodias,Not Found,Unknown,Unknown,Animalia,Chordata,Aves,Pelecaniformes,Ardeidae,Ardea,7,7,4,4,1,6
Armadillidium vulgare,Not Found,Unknown,Unknown,Animalia,Arthropoda,Malacostraca,Isopoda,Armadillidiidae,Armadillidium,0,0,0,2,0,0
Armillaria mellea,Not Found,Unknown,Unknown,Fungi,Basidiomycota,Agaricomycetes,Agaricales,Physalacriaceae,Armillaria,0,0,0,2,0,0
Artemisia californica,Not Found,Unknown,Unknown,Plantae,Tracheophyta,Magnoliopsida,Asterales,Asteraceae,Artemisia,2,0,2,0,1,0
Aspidotis californica,Not Found,Unknown,Unknown,Plantae,Tracheophyta,Polypodiopsida,Polypodiales,Pteridaceae,Aspidotis,1,0,0,0,0,0
Asterella californica,Not Found,Unknown,Unknown,Plantae,Marchantiophyta,Marchantiopsida,Marchantiales,Aytoniaceae,Asterella,0,0,0,0,1,0
Aythya collaris,Not Found,Unknown,Unknown,Animalia,Chordata,Aves,Anseriformes,Anatidae,Aythya,9,2,11,0,0,3
Azolla filiculoides,Not Found,Unknown,Unknown,Plantae,Tracheophyta,Polypodiopsida,Salviniales,Salviniaceae,Azolla,0,0,0,0,0,1
Baccharis pilularis,Not Found,Unknown,Unknown,Plantae,Tracheophyta,Magnoliopsida,Asterales,Asteraceae,Baccharis,0,0,1,2,1,0
Baccharis salicifolia,Not Found,Unknown,Unknown,Plantae,Tracheophyta,Magnoliopsida,Asterales,Asteraceae,Baccharis,0,0,3,2,2,2
Baeolophus inornatus,Not Found,Unknown,Unknown,Animalia,Chordata,Aves,Passeriformes,Paridae,Baeolophus,2,1,2,1,2,0
Batrachoseps nigriventris,Not Found,Unknown,Unknown,Animalia,Chordata,Amphibia,Caudata,Plethodontidae,Batrachoseps,0,0,0,1,0,0
Bellis perennis,Not Found,Unknown,Unknown,Plantae,Tracheophyta,Magnoliopsida,Asterales,Asteraceae,Bellis,0,0,0,0,0,1
Bibiodes halteralis,Not Found,Unknown,Unknown,Animalia,Arthropoda,Insecta,Diptera,Bibionidae,Bibiodes,0,0,0,1,0,0
Bidens alba,Not Found,Unknown,Unknown,Plantae,Tracheophyta,Magnoliopsida,Asterales,Asteraceae,Bidens,0,0,0,0,0,1
Bjerkandera fumosa,Not Found,Unknown,Unknown,Fungi,Basidiomycota,Agaricomycetes,Polyporales,Phanerochaetaceae,Bjerkandera,0,0,0,1,0,0
Bolbitius titubans,Not Found,Unknown,Unknown,Fungi,Basidiomycota,Agaricomycetes,Agaricales,Bolbitiaceae,Bolbitius,1,0,0,4,0,0
Bombus melanopygus,Not Found,Unknown,Unknown,Animalia,Arthropoda,Insecta,Hymenoptera,Apidae,Bombus,0,0,0,1,0,0
Bombycilla cedrorum,137475540,Least Concern,Increasing,Animalia,Chordata,Aves,Passeriformes,Bombycillidae,Bombycilla,1,0,0,0,0,1
Branta canadensis,Not Found,Unknown,Unknown,Animalia,Chordata,Aves,Anseriformes,Anatidae,Branta,1,5,3,2,0,4
Brickellia californica,Not Found,Unknown,Unknown,Plantae,Tracheophyta,Magnoliopsida,Asterales,Asteraceae,Brickellia,0,0,1,0,2,0
Brotogeris chiriri,Not Found,Unknown,Unknown,Animalia,Chordata,Aves,Psittaciformes,Psittacidae,Brotogeris,1,0,0,0,0,0
Bubo virginianus,132039486,Least Concern,Stable,Animalia,Chordata,Aves,Strigiformes,Strigidae,Bubo,0,0,1,1,0,1
Bucephala albeola,Not Found,Unknown,Unknown,Animalia,Chordata,Aves,Anseriformes,Anatidae,Bucephala,5,5,6,2,0,0
Buteo jamaicensis,Not Found,Unknown,Unknown,Animalia,Chordata,Aves,Accipitriformes,Accipitridae,Buteo,7,3,7,6,11,11
Buteo lineatus,Not Found,Unknown,Unknown,Animalia,Chordata,Aves,Accipitriformes,Accipitridae,Buteo,2,5,6,2,1,4
Butorides virescens,Not Found,Unknown,Unknown,Animalia,Chordata,Aves,Pelecaniformes,Ardeidae,Butorides,1,2,0,4,0,0
Cairina moschata,Not Found,Unknown,Unknown,Animalia,Chordata,Aves,Anseriformes,Anatidae,Cairina,0,3,2,1,0,0
Calidris minutilla,Not Found,Unknown,Unknown,Animalia,Chordata,Aves,Charadriiformes,Scolopacidae,Calidris,2,2,2,1,0,0
Callipepla californica,Not Found,Unknown,Unknown,Animalia,Chordata,Aves,Galliformes,Odontophoridae,Callipepla,0,0,0,1,0,2
Calypte anna,186913595,Least Concern,Increasing,Animalia,Chordata,Aves,Apodiformes,Trochilidae,Calypte,1,3,3,1,1,6
Candelariella vitellina,Not Found,Unknown,Unknown,Fungi,Ascomycota,Candelariomycetes,Candelariales,Candelariaceae,Candelariella,0,0,0,1,0,0
Candolleomyces candolleanus,Not Found,Unknown,Unknown,Fungi,Basidiomycota,Agaricomycetes,Agaricales,Psathyrellaceae,Candolleomyces,0,0,0,1,1,0
Canis latrans,Not Found,Unknown,Unknown,Animalia,Chordata,Mammalia,Carnivora,Canidae,Canis,1,0,0,1,3,4
Capsella bursa-pastoris,Not Found,Unknown,Unknown,Plantae,Tracheophyta,Magnoliopsida,Brassicales,Brassicaceae,Capsella,0,0,0,0,0,1
Cathartes aura,Not Found,Unknown,Unknown,Animalia,Chordata,Aves,Accipitriformes,Cathartidae,Cathartes,1,0,1,0,0,0
Catharus guttatus,Not Found,Unknown,Unknown,Animalia,Chordata,Aves,Passeriformes,Turdidae,Catharus,0,4,0,0,0,2
Ceanothus crassifolius,Not Found,Unknown,Unknown,Plantae,Tracheophyta,Magnoliopsida,Rosales,Rhamnaceae,Ceanothus,1,0,0,5,1,0
Ceanothus megacarpus,Not Found,Unknown,Unknown,Plantae,Tracheophyta,Magnoliopsida,Rosales,Rhamnaceae,Ceanothus,1,0,0,1,0,0
Cenchrus longisetus,Not Found,Unknown,Unknown,Plantae,Tracheophyta,Liliopsida,Poales,Poaceae,Cenchrus,0,0,0,0,0,1
Cenchrus setaceus,Not Found,Unknown,Unknown,Plantae,Tracheophyta,Liliopsida,Poales,Poaceae,Cenchrus,0,0,2,0,4,1
Cercocarpus betuloides,Not Found,Unknown,Unknown,Plantae,Tracheophyta,Magnoliopsida,Rosales,Rosaceae,Cercocarpus,0,0,1,0,0,0
Chamaea fasciata,Not Found,Unknown,Unknown,Animalia,Chordata,Aves,Passeriformes,Sylviidae,Chamaea,0,1,0,0,0,2
Charadrius vociferus,Not Found,Unknown,Unknown,Animalia,Chordata,Aves,Charadriiformes,Charadriidae,Charadrius,0,1,1,0,0,1
Chenopodiastrum murale,Not Found,Unknown,Unknown,Plantae,Tracheophyta,Magnoliopsida,Caryophyllales,Amaranthaceae,Chenopodiastrum,0,0,0,0,1,0
Chondestes grammacus,136926221,Least Concern,Decreasing,Animalia,Chordata,Aves,Passeriformes,Passerellidae,Chondestes,0,0,4,0,0,0
Chroicocephalus philadelphia,Not Found,Unknown,Unknown,Animalia,Chordata,Aves,Charadriiformes,Laridae,Chroicocephalus,0,0,0,0,1,0
Cirsium vulgare,Not Found,Unknown,Unknown,Plantae,Tracheophyta,Magnoliopsida,Asterales,Asteraceae,Cirsium,0,0,0,0,1,0
Coccinella septempunctata,Not Found,Unknown,Unknown,Animalia,Arthropoda,Insecta,Coleoptera,Coccinellidae,Coccinella,0,0,0,0,1,0
Colaptes auratus,Not Found,Unknown,Unknown,Animalia,Chordata,Aves,Piciformes,Picidae,Colaptes,0,2,0,0,2,1
Colinus virginianus,Not Found,Unknown,Unknown,Animalia,Chordata,Aves,Galliformes,Odontophoridae,Colinus,0,0,0,0,0,1
Columba livia,Not Found,Unknown,Unknown,Animalia,Chordata,Aves,Columbiformes,Columbidae,Columba,4,0,0,0,3,1
Corethrogyne filaginifolia,Not Found,Unknown,Unknown,Plantae,Tracheophyta,Magnoliopsida,Asterales,Asteraceae,Corethrogyne,0,0,0,0,1,0
Cornu aspersum,Not Found,Unknown,Unknown,Animalia,Mollusca,Gastropoda,Stylommatophora,Helicidae,Cornu,1,1,0,0,0,1
Corvus brachyrhynchos,Not Found,Unknown,Unknown,Animalia,Chordata,Aves,Passeriformes,Corvidae,Corvus,1,3,0,1,0,1
Corvus corax,Not Found,Unknown,Unknown,Animalia,Chordata,Aves,Passeriformes,Corvidae,Corvus,1,5,1,2,5,3
Crassula multicava,Not Found,Unknown,Unknown,Plantae,Tracheophyta,Magnoliopsida,Saxifragales,Crassulaceae,Crassula,0,1,0,0,0,0
Crotalus oreganus,Not Found,Unknown,Unknown,Animalia,Chordata,Squamata,Unknown,Viperidae,Crotalus,0,1,0,0,0,0
Cyanocitta stelleri,118809071,Least Concern,Increasing,Animalia,Chordata,Aves,Passeriformes,Corvidae,Cyanocitta,0,0,1,0,0,0
Dacrymyces chrysospermus,Not Found,Unknown,Unknown,Fungi,Basidiomycota,Dacrymycetes,Dacrymycetales,Dacrymycetaceae,Dacrymyces,0,0,1,0,0,0
Danaus plexippus,Not Found,Unknown,Unknown,Animalia,Arthropoda,Insecta,Lepidoptera,Nymphalidae,Danaus,0,1,0,0,0,0
Dargida procinctus,Not Found,Unknown,Unknown,Animalia,Arthropoda,Insecta,Lepidoptera,Noctuidae,Dargida,1,0,0,0,0,0
Datura wrightii,Not Found,Unknown,Unknown,Plantae,Tracheophyta,Magnoliopsida,Solanales,Solanaceae,Datura,0,1,2,2,1,1
Dermacentor occidentalis,Not Found,Unknown,Unknown,Animalia,Arthropoda,Arachnida,Ixodida,Ixodidae,Dermacentor,0,0,1,0,0,0
Diaspis echinocacti,Not Found,Unknown,Unknown,Animalia,Arthropoda,Insecta,Hemiptera,Diaspididae,Diaspis,0,0,0,1,0,0
Didelphis virginiana,Not Found,Unknown,Unknown,Animalia,Chordata,Mammalia,Didelphimorphia,Didelphidae,Didelphis,0,1,0,0,0,0
Dione vanillae,Not Found,Unknown,Unknown,Animalia,Arthropoda,Insecta,Lepidoptera,Nymphalidae,Dione,0,0,0,0,1,0
Diplacus longiflorus,Not Found,Unknown,Unknown,Plantae,Tracheophyta,Magnoliopsida,Lamiales,Phrymaceae,Diplacus,0,0,1,0,0,0
Diplacus puniceus,Not Found,Unknown,Unknown,Plantae,Tracheophyta,Magnoliopsida,Lamiales,Phrymaceae,Diplacus,0,0,1,0,0,0
Discus rotundatus,Not Found,Unknown,Unknown,Animalia,Mollusca,Gastropoda,Stylommatophora,Discidae,Discus,0,0,0,1,0,0
Drymocallis glandulosa,Not Found,Unknown,Unknown,Plantae,Tracheophyta,Magnoliopsida,Rosales,Rosaceae,Drymocallis,0,0,0,0,1,0
Dryobates nuttallii,Not Found,Unknown,Unknown,Animalia,Chordata,Aves,Piciformes,Picidae,Dryobates,3,6,4,2,0,2
Dryobates pubescens,Not Found,Unknown,Unknown,Animalia,Chordata,Aves,Piciformes,Picidae,Dryobates,1,0,1,0,0,0
Dudleya lanceolata,Not Found,Unknown,Unknown,Plantae,Tracheophyta,Magnoliopsida,Saxifragales,Crassulaceae,Dudleya,0,0,1,0,2,0
Dysdera crocata,Not Found,Unknown,Unknown,Animalia,Arthropoda,Arachnida,Araneae,Dysderidae,Dysdera,0,0,1,0,1,0
Egretta thula,Not Found,Unknown,Unknown,Animalia,Chordata,Aves,Pelecaniformes,Ardeidae,Egretta,0,2,1,0,0,3
Elgaria multicarinata,Not Found,Unknown,Unknown,Animalia,Chordata,Squamata,Unknown,Anguidae,Elgaria,1,2,0,0,0,0
Empidonax wrightii,Not Found,Unknown,Unknown,Animalia,Chordata,Aves,Passeriformes,Tyrannidae,Empidonax,0,1,0,0,0,0
Encelia farinosa,Not Found,Unknown,Unknown,Plantae,Tracheophyta,Magnoliopsida,Asterales,Asteraceae,Encelia,0,1,0,0,0,0
Entoloma sericeum,Not Found,Unknown,Unknown,Fungi,Basidiomycota,Agaricomycetes,Agaricales,Entolomataceae,Entoloma,0,0,0,1,0,0
Epilobium ciliatum,Not Found,Unknown,Unknown,Plantae,Tracheophyta,Magnoliopsida,Myrtales,Onagraceae,Epilobium,0,0,0,0,0,2
Eriogonum elongatum,Not Found,Unknown,Unknown,Plantae,Tracheophyta,Magnoliopsida,Caryophyllales,Polygonaceae,Eriogonum,0,0,0,2,0,0
Eriogonum fasciculatum,Not Found,Unknown,Unknown,Plantae,Tracheophyta,Magnoliopsida,Caryophyllales,Polygonaceae,Eriogonum,0,0,0,2,5,1
Eriophyllum confertiflorum,Not Found,Unknown,Unknown,Plantae,Tracheophyta,Magnoliopsida,Asterales,Asteraceae,Eriophyllum,0,0,0,0,1,0
Erodium cicutarium,Not Found,Unknown,Unknown,Plantae,Tracheophyta,Magnoliopsida,Geraniales,Geraniaceae,Erodium,1,0,2,1,7,0
Erodium moschatum,Not Found,Unknown,Unknown,Plantae,Tracheophyta,Magnoliopsida,Geraniales,Geraniaceae,Erodium,0,0,0,0,2,0
Eschscholzia californica,Not Found,Unknown,Unknown,Plantae,Tracheophyta,Magnoliopsida,Ranunculales,Papaveraceae,Eschscholzia,0,1,0,0,0,0
Eupeodes fumipennis,Not Found,Unknown,Unknown,Animalia,Arthropoda,Insecta,Diptera,Syrphidae,Eupeodes,0,0,0,0,1,0
Euphagus cyanocephalus,Not Found,Unknown,Unknown,Animalia,Chordata,Aves,Passeriformes,Icteridae,Euphagus,5,0,2,1,1,0
Euphorbia maculata,Not Found,Unknown,Unknown,Plantae,Tracheophyta,Magnoliopsida,Malpighiales,Euphorbiaceae,Euphorbia,0,0,0,1,0,0
Euphorbia melanadenia,Not Found,Unknown,Unknown,Plantae,Tracheophyta,Magnoliopsida,Malpighiales,Euphorbiaceae,Euphorbia,2,0,0,2,5,0
Euphorbia peplus,Not Found,Unknown,Unknown,Plantae,Tracheophyta,Magnoliopsida,Malpighiales,Euphorbiaceae,Euphorbia,0,0,0,0,0,1
Falco columbarius,Not Found,Unknown,Unknown,Animalia,Chordata,Aves,Falconiformes,Falconidae,Falco,1,1,2,0,2,0
Falco peregrinus,Not Found,Unknown,Unknown,Animalia,Chordata,Aves,Falconiformes,Falconidae,Falco,7,1,1,0,0,1
Felis catus,Not Found,Unknown,Unknown,Animalia,Chordata,Mammalia,Carnivora,Felidae,Felis,0,0,1,0,1,0
Frangula californica,Not Found,Unknown,Unknown,Plantae,Tracheophyta,Magnoliopsida,Rosales,Rhamnaceae,Frangula,0,0,1,0,1,0
Fulica americana,Not Found,Unknown,Unknown,Animalia,Chordata,Aves,Gruiformes,Rallidae,Fulica,1,7,3,0,1,7
Galium angustifolium,Not Found,Unknown,Unknown,Plantae,Tracheophyta,Magnoliopsida,Gentianales,Rubiaceae,Galium,0,0,0,0,1,0
Gallinago delicata,Not Found,Unknown,Unknown,Animalia,Chordata,Aves,Charadriiformes,Scolopacidae,Gallinago,0,0,0,0,0,1
Gazania linearis,Not Found,Unknown,Unknown,Plantae,Tracheophyta,Magnoliopsida,Asterales,Asteraceae,Gazania,0,0,0,0,0,1
Geothlypis trichas,Not Found,Unknown,Unknown,Animalia,Chordata,Aves,Passeriformes,Parulidae,Geothlypis,3,3,1,1,0,2
Gryllodes sigillatus,Not Found,Unknown,Unknown,Animalia,Arthropoda,Insecta,Orthoptera,Gryllidae,Gryllodes,1,0,1,0,0,2
Gymnopilus ventricosus,Not Found,Unknown,Unknown,Fungi,Basidiomycota,Agaricomycetes,Agaricales,Hymenogastraceae,Gymnopilus,0,0,0,0,1,0
Gynaikothrips ficorum,Not Found,Unknown,Unknown,Animalia,Arthropoda,Insecta,Thysanoptera,Phlaeothripidae,Gynaikothrips,0,0,0,0,0,1
Haemorhous mexicanus,132001810,Least Concern,Increasing,Animalia,Chordata,Aves,Passeriformes,Fringillidae,Haemorhous,1,4,0,2,8,2
Haemorhous purpureus,94672558,Least Concern,Decreasing,Animalia,Chordata,Aves,Passeriformes,Fringillidae,Haemorhous,0,1,2,0,0,0
Harmonia axyridis,Not Found,Unknown,Unknown,Animalia,Arthropoda,Insecta,Coleoptera,Coccinellidae,Harmonia,1,0,2,0,1,0
Hazardia squarrosa,Not Found,Unknown,Unknown,Plantae,Tracheophyta,Magnoliopsida,Asterales,Asteraceae,Hazardia,0,0,0,0,1,0
Helianthus annuus,47600755,Least Concern,Stable,Plantae,Tracheophyta,Magnoliopsida,Asterales,Asteraceae,Helianthus,0,0,0,0,2,0
Helichrysum luteoalbum,Not Found,Unknown,Unknown,Plantae,Tracheophyta,Magnoliopsida,Asterales,Asteraceae,Helichrysum,0,0,0,0,0,1
Herpyllus propinquus,Not Found,Unknown,Unknown,Animalia,Arthropoda,Arachnida,Araneae,Gnaphosidae,Herpyllus,1,0,0,0,0,0
Hesperoyucca whipplei,163128194,Least Concern,Stable,Plantae,Tracheophyta,Liliopsida,Asparagales,Asparagaceae,Hesperoyucca,1,0,0,0,3,0
Heteromeles arbutifolia,156822117,Least Concern,Stable,Plantae,Tracheophyta,Magnoliopsida,Rosales,Rosaceae,Heteromeles,6,0,0,8,9,4
Heterotheca grandiflora,Not Found,Unknown,Unknown,Plantae,Tracheophyta,Magnoliopsida,Asterales,Asteraceae,Heterotheca,1,0,0,3,1,0
Hibana incursa,Not Found,Unknown,Unknown,Animalia,Arthropoda,Arachnida,Araneae,Anyphaenidae,Hibana,0,0,1,0,0,0
Himantopus mexicanus,Not Found,Unknown,Unknown,Animalia,Chordata,Aves,Charadriiformes,Recurvirostridae,Himantopus,5,4,2,3,1,5
Hirschfeldia incana,Not Found,Unknown,Unknown,Plantae,Tracheophyta,Magnoliopsida,Brassicales,Brassicaceae,Hirschfeldia,0,0,0,0,2,0
Iris oratoria,Not Found,Unknown,Unknown,Animalia,Arthropoda,Insecta,Mantodea,Eremiaphilidae,Iris,0,0,0,0,1,0
Jadera haematoloma,Not Found,Unknown,Unknown,Animalia,Arthropoda,Insecta,Hemiptera,Rhopalidae,Jadera,1,0,0,0,0,0
Junco hyemalis,Not Found,Unknown,Unknown,Animalia,Chordata,Aves,Passeriformes,Passerellidae,Junco,2,5,2,4,1,1
Junonia grisea,Not Found,Unknown,Unknown,Animalia,Arthropoda,Insecta,Lepidoptera,Nymphalidae,Junonia,0,0,0,0,1,0
Keckiella cordifolia,Not Found,Unknown,Unknown,Plantae,Tracheophyta,Magnoliopsida,Lamiales,Plantaginaceae,Keckiella,0,0,1,0,0,0
Lactarius alnicola,Not Found,Unknown,Unknown,Fungi,Basidiomycota,Agaricomycetes,Russulales,Russulaceae,Lactarius,0,0,0,0,1,0
Lactarius rufulus,Not Found,Unknown,Unknown,Fungi,Basidiomycota,Agaricomycetes,Russulales,Russulaceae,Lactarius,0,0,0,1,0,0
Laetiporus gilbertsonii,Not Found,Unknown,Unknown,Fungi,Basidiomycota,Agaricomycetes,Polyporales,Laetiporaceae,Laetiporus,0,1,0,0,0,0
Lamium amplexicaule,Not Found,Unknown,Unknown,Plantae,Tracheophyta,Magnoliopsida,Lamiales,Lamiaceae,Lamium,0,0,0,0,0,1
Largus californicus,Not Found,Unknown,Unknown,Animalia,Arthropoda,Insecta,Hemiptera,Largidae,Largus,0,0,0,0,3,0
Larus delawarensis,Not Found,Unknown,Unknown,Animalia,Chordata,Aves,Charadriiformes,Laridae,Larus,1,0,0,0,0,2
Larus occidentalis,Not Found,Unknown,Unknown,Animalia,Chordata,Aves,Charadriiformes,Laridae,Larus,0,1,2,0,0,1
Larus smithsonianus,Not Found,Unknown,Unknown,Animalia,Chordata,Aves,Charadriiformes,Laridae,Larus,2,1,1,1,0,0
Leiothlypis celata,Not Found,Unknown,Unknown,Animalia,Chordata,Aves,Passeriformes,Parulidae,Leiothlypis,1,1,0,1,2,1
Lepiota decorata,Not Found,Unknown,Unknown,Fungi,Basidiomycota,Agaricomycetes,Agaricales,Agaricaceae,Lepiota,0,0,0,1,0,0
Leptoglossus occidentalis,Not Found,Unknown,Unknown,Animalia,Arthropoda,Insecta,Hemiptera,Coreidae,Leptoglossus,0,0,0,1,0,0
Leratiomyces ceres,Not Found,Unknown,Unknown,Fungi,Basidiomycota,Agaricomycetes,Agaricales,Strophariaceae,Leratiomyces,1,0,1,3,2,0
Leratiomyces percevalii,Not Found,Unknown,Unknown,Fungi,Basidiomycota,Agaricomycetes,Agaricales,Strophariaceae,Leratiomyces,0,0,0,8,0,0
Limenitis bredowii,Not Found,Unknown,Unknown,Animalia,Arthropoda,Insecta,Lepidoptera,Nymphalidae,Limenitis,1,0,0,0,1,0
Linepithema humile,Not Found,Unknown,Unknown,Animalia,Arthropoda,Insecta,Hymenoptera,Formicidae,Linepithema,0,0,0,1,0,3
Liometopum occidentale,Not Found,Unknown,Unknown,Animalia,Arthropoda,Insecta,Hymenoptera,Formicidae,Liometopum,2,0,0,0,0,0
Liorhyssus hyalinus,Not Found,Unknown,Unknown,Animalia,Arthropoda,Insecta,Hemiptera,Rhopalidae,Liorhyssus,0,0,0,0,1,0
Lobularia maritima,Not Found,Unknown,Unknown,Plantae,Tracheophyta,Magnoliopsida,Brassicales,Brassicaceae,Lobularia,0,0,1,0,0,0
Lonchura punctulata,Not Found,Unknown,Unknown,Animalia,Chordata,Aves,Passeriformes,Estrildidae,Lonchura,0,0,1,0,0,0
Lonicera japonica,Not Found,Unknown,Unknown,Plantae,Tracheophyta,Magnoliopsida,Dipsacales,Caprifoliaceae,Lonicera,0,0,0,0,0,1
Lonicera subspicata,Not Found,Unknown,Unknown,Plantae,Tracheophyta,Magnoliopsida,Dipsacales,Caprifoliaceae,Lonicera,0,0,0,1,0,0
Lophodytes cucullatus,Not Found,Unknown,Unknown,Animalia,Chordata,Aves,Anseriformes,Anatidae,Lophodytes,4,4,2,0,0,1
Ludwigia peploides,Not Found,Unknown,Unknown,Plantae,Tracheophyta,Magnoliopsida,Myrtales,Onagraceae,Ludwigia,0,0,0,0,0,1
Lumbricus terrestris,Not Found,Unknown,Unknown,Animalia,Annelida,Clitellata,Crassiclitellata,Lumbricidae,Lumbricus,0,0,0,0,1,0
Lupinus hirsutissimus,Not Found,Unknown,Unknown,Plantae,Tracheophyta,Magnoliopsida,Fabales,Fabaceae,Lupinus,0,0,1,0,0,0
Lupinus succulentus,Not Found,Unknown,Unknown,Plantae,Tracheophyta,Magnoliopsida,Fabales,Fabaceae,Lupinus,1,0,0,0,1,0
Lygaeus kalmii,Not Found,Unknown,Unknown,Animalia,Arthropoda,Insecta,Hemiptera,Lygaeidae,Lygaeus,0,0,0,0,1,0
Lysimachia arvensis,Not Found,Unknown,Unknown,Plantae,Tracheophyta,Magnoliopsida,Ericales,Primulaceae,Lysimachia,0,0,0,1,0,0
Lysurus mokusin,Not Found,Unknown,Unknown,Fungi,Basidiomycota,Agaricomycetes,Phallales,Phallaceae,Lysurus,0,0,0,1,0,0
Malacothrix saxatilis,Not Found,Unknown,Unknown,Plantae,Tracheophyta,Magnoliopsida,Asterales,Asteraceae,Malacothrix,2,0,0,1,0,0
Malosma laurina,Not Found,Unknown,Unknown,Plantae,Tracheophyta,Magnoliopsida,Sapindales,Anacardiaceae,Malosma,0,1,1,1,4,1
Marah macrocarpa,Not Found,Unknown,Unknown,Plantae,Tracheophyta,Magnoliopsida,Cucurbitales,Cucurbitaceae,Marah,0,0,0,2,4,0
Marasmius plicatulus,Not Found,Unknown,Unknown,Fungi,Basidiomycota,Agaricomycetes,Agaricales,Marasmiaceae,Marasmius,0,0,1,2,0,0
Mareca americana,Not Found,Unknown,Unknown,Animalia,Chordata,Aves,Anseriformes,Anatidae,Mareca,10,8,2,2,0,3
Marrubium vulgare,Not Found,Unknown,Unknown,Plantae,Tracheophyta,Magnoliopsida,Lamiales,Lamiaceae,Marrubium,2,0,0,2,0,0
Masticophis flagellum,Not Found,Unknown,Unknown,Animalia,Chordata,Squamata,Unknown,Colubridae,Masticophis,0,0,1,0,0,0
Medicago lupulina,Not Found,Unknown,Unknown,Plantae,Tracheophyta,Magnoliopsida,Fabales,Fabaceae,Medicago,0,0,0,0,0,1
Medicago polymorpha,Not Found,Unknown,Unknown,Plantae,Tracheophyta,Magnoliopsida,Fabales,Fabaceae,Medicago,0,0,0,0,0,1
Megaceryle alcyon,Not Found,Unknown,Unknown,Animalia,Chordata,Aves,Coraciiformes,Alcedinidae,Megaceryle,0,2,0,0,0,0
Melanerpes formicivorus,Not Found,Unknown,Unknown,Animalia,Chordata,Aves,Piciformes,Picidae,Melanerpes,3,6,5,0,3,11
Melilotus albus,Not Found,Unknown,Unknown,Plantae,Tracheophyta,Magnoliopsida,Fabales,Fabaceae,Melilotus,0,0,0,0,1,0
Melospiza georgiana,Not Found,Unknown,Unknown,Animalia,Chordata,Aves,Passeriformes,Passerellidae,Melospiza,0,0,0,2,0,0
Melospiza lincolnii,Not Found,Unknown,Unknown,Animalia,Chordata,Aves,Passeriformes,Passerellidae,Melospiza,1,3,0,0,0,1
Melospiza melodia,Not Found,Unknown,Unknown,Animalia,Chordata,Aves,Passeriformes,Passerellidae,Melospiza,5,5,3,6,1,0
Melozone crissalis,Not Found,Unknown,Unknown,Animalia,Chordata,Aves,Passeriformes,Passerellidae,Melozone,1,5,3,4,3,1
Metaltella simoni,Not Found,Unknown,Unknown,Animalia,Arthropoda,Arachnida,Araneae,Desidae,Metaltella,0,0,0,0,0,1
Microcentrum rhombifolium,Not Found,Unknown,Unknown,Animalia,Arthropoda,Insecta,Orthoptera,Tettigoniidae,Microcentrum,0,0,0,0,0,1
Microtus californicus,Not Found,Unknown,Unknown,Animalia,Chordata,Mammalia,Rodentia,Cricetidae,Microtus,0,0,1,0,0,0
Mimus polyglottos,Not Found,Unknown,Unknown,Animalia,Chordata,Aves,Passeriformes,Mimidae,Mimus,1,1,1,3,4,2
Mirabilis jalapa,Not Found,Unknown,Unknown,Plantae,Tracheophyta,Magnoliopsida,Caryophyllales,Nyctaginaceae,Mirabilis,2,0,0,0,0,0
Mirabilis laevis,Not Found,Unknown,Unknown,Plantae,Tracheophyta,Magnoliopsida,Caryophyllales,Nyctaginaceae,Mirabilis,0,0,0,5,0,0
Molothrus ater,Not Found,Unknown,Unknown,Animalia,Chordata,Aves,Passeriformes,Icteridae,Molothrus,0,0,0,0,0,1
Mus musculus,Not Found,Unknown,Unknown,Animalia,Chordata,Mammalia,Rodentia,Muridae,Mus,0,0,1,0,0,0
Mycena acicula,Not Found,Unknown,Unknown,Fungi,Basidiomycota,Agaricomycetes,Agaricales,Mycenaceae,Mycena,0,0,0,1,0,0
Mycena leptocephala,Not Found,Unknown,Unknown,Fungi,Basidiomycota,Agaricomycetes,Agaricales,Mycenaceae,Mycena,0,0,0,0,1,0
Nicotiana glauca,Not Found,Unknown,Unknown,Plantae,Tracheophyta,Magnoliopsida,Solanales,Solanaceae,Nicotiana,2,0,2,0,6,1
Novius cardinalis,Not Found,Unknown,Unknown,Animalia,Arthropoda,Insecta,Coleoptera,Coccinellidae,Novius,0,1,0,0,0,0
Nycticorax nycticorax,Not Found,Unknown,Unknown,Animalia,Chordata,Aves,Pelecaniformes,Ardeidae,Nycticorax,0,5,2,0,0,11
Nymphalis antiopa,Not Found,Unknown,Unknown,Animalia,Arthropoda,Insecta,Lepidoptera,Nymphalidae,Nymphalis,2,0,0,0,1,0
Ocypus olens,Not Found,Unknown,Unknown,Animalia,Arthropoda,Insecta,Coleoptera,Staphylinidae,Ocypus,0,0,0,2,0,0
Odocoileus hemionus,Not Found,Unknown,Unknown,Animalia,Chordata,Mammalia,Artiodactyla,Cervidae,Odocoileus,0,0,0,1,0,0
Oecobius navus,Not Found,Unknown,Unknown,Animalia,Arthropoda,Arachnida,Araneae,Oecobiidae,Oecobius,0,0,0,0,0,1
Oenothera gaura,Not Found,Unknown,Unknown,Plantae,Tracheophyta,Magnoliopsida,Myrtales,Onagraceae,Oenothera,0,0,1,0,0,0
Oenothera speciosa,Not Found,Unknown,Unknown,Plantae,Tracheophyta,Magnoliopsida,Myrtales,Onagraceae,Oenothera,1,0,0,0,0,0
Oloptum miliaceum,Not Found,Unknown,Unknown,Plantae,Tracheophyta,Liliopsida,Poales,Poaceae,Oloptum,0,0,0,0,0,1
Omphalotus olivascens,Not Found,Unknown,Unknown,Fungi,Basidiomycota,Agaricomycetes,Agaricales,Omphalotaceae,Omphalotus,4,0,0,5,1,1
Opuntia ficus-indica,Not Found,Unknown,Unknown,Plantae,Tracheophyta,Magnoliopsida,Caryophyllales,Cactaceae,Opuntia,0,0,0,0,1,0
Otospermophilus beecheyi,Not Found,Unknown,Unknown,Animalia,Chordata,Mammalia,Rodentia,Sciuridae,Otospermophilus,4,3,2,2,3,1
Oxalis pes-caprae,Not Found,Unknown,Unknown,Plantae,Tracheophyta,Magnoliopsida,Oxalidales,Oxalidaceae,Oxalis,0,0,1,1,0,5
Oxalis purpurea,Not Found,Unknown,Unknown,Plantae,Tracheophyta,Magnoliopsida,Oxalidales,Oxalidaceae,Oxalis,0,0,0,0,1,0
Paeonia californica,Not Found,Unknown,Unknown,Plantae,Tracheophyta,Magnoliopsida,Saxifragales,Paeoniaceae,Paeonia,0,0,0,0,1,0
Pandion haliaetus,Not Found,Unknown,Unknown,Animalia,Chordata,Aves,Accipitriformes,Pandionidae,Pandion,1,0,0,1,0,0
Paragus haemorrhous,Not Found,Unknown,Unknown,Animalia,Arthropoda,Insecta,Diptera,Syrphidae,Paragus,0,0,0,0,1,0
Parietaria judaica,Not Found,Unknown,Unknown,Plantae,Tracheophyta,Magnoliopsida,Rosales,Urticaceae,Parietaria,0,0,0,0,0,1
Passer domesticus,Not Found,Unknown,Unknown,Animalia,Chordata,Aves,Passeriformes,Passeridae,Passer,0,2,0,2,1,1
Passerella iliaca,Not Found,Unknown,Unknown,Animalia,Chordata,Aves,Passeriformes,Passerellidae,Passerella,0,0,0,1,0,1
Patagioenas fasciata,Not Found,Unknown,Unknown,Animalia,Chordata,Aves,Columbiformes,Columbidae,Patagioenas,1,3,2,0,1,0
Pavo cristatus,Not Found,Unknown,Unknown,Animalia,Chordata,Aves,Galliformes,Phasianidae,Pavo,0,0,0,0,1,0
Pediculus humanus,Not Found,Unknown,Unknown,Animalia,Arthropoda,Insecta,Psocodea,Pediculidae,Pediculus,1,0,0,0,0,0
Pellaea andromedifolia,Not Found,Unknown,Unknown,Plantae,Tracheophyta,Polypodiopsida,Polypodiales,Pteridaceae,Pellaea,0,0,0,2,1,0
Peniophora albobadia,Not Found,Unknown,Unknown,Fungi,Basidiomycota,Agaricomycetes,Russulales,Peniophoraceae,Peniophora,0,0,0,1,0,0
Penstemon spectabilis,Not Found,Unknown,Unknown,Plantae,Tracheophyta,Magnoliopsida,Lamiales,Plantaginaceae,Penstemon,0,0,0,0,1,0
Pentagramma triangularis,Not Found,Unknown,Unknown,Plantae,Tracheophyta,Polypodiopsida,Polypodiales,Pteridaceae,Pentagramma,1,0,0,1,2,0
Periplaneta americana,Not Found,Unknown,Unknown,Animalia,Arthropoda,Insecta,Blattodea,Blattidae,Periplaneta,0,1,0,0,0,0
Persicaria lapathifolia,Not Found,Unknown,Unknown,Plantae,Tracheophyta,Magnoliopsida,Caryophyllales,Polygonaceae,Persicaria,0,0,0,0,0,1
Phacelia minor,Not Found,Unknown,Unknown,Plantae,Tracheophyta,Magnoliopsida,Boraginales,Hydrophyllaceae,Phacelia,0,0,0,0,2,0
Phacelia ramosissima,Not Found,Unknown,Unknown,Plantae,Tracheophyta,Magnoliopsida,Boraginales,Hydrophyllaceae,Phacelia,0,0,0,0,1,0
Phainopepla nitens,Not Found,Unknown,Unknown,Animalia,Chordata,Aves,Passeriformes,Ptilogonatidae,Phainopepla,0,0,0,4,0,0
Phalacrocorax auritus,Not Found,Unknown,Unknown,Animalia,Chordata,Aves,Suliformes,Phalacrocoracidae,Phalacrocorax,3,6,4,1,1,10
Phoebis sennae,Not Found,Unknown,Unknown,Animalia,Arthropoda,Insecta,Lepidoptera,Pieridae,Phoebis,1,0,0,0,0,0
Pholcus phalangioides,Not Found,Unknown,Unknown,Animalia,Arthropoda,Arachnida,Araneae,Pholcidae,Pholcus,0,1,0,0,0,0
Pipilo maculatus,Not Found,Unknown,Unknown,Animalia,Chordata,Aves,Passeriformes,Passerellidae,Pipilo,0,2,1,0,0,1
Piranga flava,Not Found,Unknown,Unknown,Animalia,Chordata,Aves,Passeriformes,Cardinalidae,Piranga,0,0,0,0,3,0
Pituophis catenifer,Not Found,Unknown,Unknown,Animalia,Chordata,Squamata,Unknown,Colubridae,Pituophis,0,1,2,0,0,0
Plantago major,Not Found,Unknown,Unknown,Plantae,Tracheophyta,Magnoliopsida,Lamiales,Plantaginaceae,Plantago,0,0,0,0,0,4
Platanus racemosa,Not Found,Unknown,Unknown,Plantae,Tracheophyta,Magnoliopsida,Proteales,Platanaceae,Platanus,0,0,0,0,1,0
Plegadis chihi,Not Found,Unknown,Unknown,Animalia,Chordata,Aves,Pelecaniformes,Threskiornithidae,Plegadis,0,0,0,0,0,2
Poa annua,Not Found,Unknown,Unknown,Plantae,Tracheophyta,Liliopsida,Poales,Poaceae,Poa,0,0,0,0,0,1
Podiceps nigricollis,Not Found,Unknown,Unknown,Animalia,Chordata,Aves,Podicipediformes,Podicipedidae,Podiceps,0,1,0,0,0,0
Podilymbus podiceps,Not Found,Unknown,Unknown,Animalia,Chordata,Aves,Podicipediformes,Podicipedidae,Podilymbus,6,3,0,0,0,2
Poecile gambeli,Not Found,Unknown,Unknown,Animalia,Chordata,Aves,Passeriformes,Paridae,Poecile,0,1,0,0,0,0
Polypodium californicum,Not Found,Unknown,Unknown,Plantae,Tracheophyta,Polypodiopsida,Polypodiales,Polypodiaceae,Polypodium,1,0,0,0,1,0
Porcellio laevis,Not Found,Unknown,Unknown,Animalia,Arthropoda,Malacostraca,Isopoda,Porcellionidae,Porcellio,0,0,1,0,0,0
Procyon lotor,Not Found,Unknown,Unknown,Animalia,Chordata,Mammalia,Carnivora,Procyonidae,Procyon,1,0,0,0,0,0
Prunus ilicifolia,Not Found,Unknown,Unknown,Plantae,Tracheophyta,Magnoliopsida,Rosales,Rosaceae,Prunus,1,1,0,0,1,0
Psaltriparus minimus,Not Found,Unknown,Unknown,Animalia,Chordata,Aves,Passeriformes,Aegithalidae,Psaltriparus,2,1,1,1,2,1
Psathyrella bipellis,Not Found,Unknown,Unknown,Fungi,Basidiomycota,Agaricomycetes,Agaricales,Psathyrellaceae,Psathyrella,0,0,0,0,1,0
Psathyrella longipes,Not Found,Unknown,Unknown,Fungi,Basidiomycota,Agaricomycetes,Agaricales,Psathyrellaceae,Psathyrella,0,0,1,0,0,0
Psathyrella uliginicola,Not Found,Unknown,Unknown,Fungi,Basidiomycota,Agaricomycetes,Agaricales,Psathyrellaceae,Psathyrella,0,0,1,0,0,0
Pseudognaphalium biolettii,Not Found,Unknown,Unknown,Plantae,Tracheophyta,Magnoliopsida,Asterales,Asteraceae,Pseudognaphalium,1,0,2,3,2,0
Pycnonotus jocosus,Not Found,Unknown,Unknown,Animalia,Chordata,Aves,Passeriformes,Pycnonotidae,Pycnonotus,0,0,0,2,0,0
Pyracantha coccinea,Not Found,Unknown,Unknown,Plantae,Tracheophyta,Magnoliopsida,Rosales,Rosaceae,Pyracantha,0,0,0,0,1,0
Quercus agrifolia,Not Found,Unknown,Unknown,Plantae,Tracheophyta,Magnoliopsida,Fagales,Fagaceae,Quercus,0,0,1,3,1,1
Quercus durata,Not Found,Unknown,Unknown,Plantae,Tracheophyta,Magnoliopsida,Fagales,Fagaceae,Quercus,0,0,0,0,3,0
Quercus engelmannii,Not Found,Unknown,Unknown,Plantae,Tracheophyta,Magnoliopsida,Fagales,Fagaceae,Quercus,0,0,0,1,0,0
Quercus ewanii,Not Found,Unknown,Unknown,Plantae,Tracheophyta,Magnoliopsida,Fagales,Fagaceae,Quercus,0,0,0,5,4,1
Quercus wislizeni,Not Found,Unknown,Unknown,Plantae,Tracheophyta,Magnoliopsida,Fagales,Fagaceae,Quercus,0,0,0,1,0,0
Raphanus raphanistrum,Not Found,Unknown,Unknown,Plantae,Tracheophyta,Magnoliopsida,Brassicales,Brassicaceae,Raphanus,0,0,0,0,0,1
Rattus rattus,Not Found,Unknown,Unknown,Animalia,Chordata,Mammalia,Rodentia,Muridae,Rattus,0,1,0,0,0,0
Regulus calendula,Not Found,Unknown,Unknown,Animalia,Chordata,Aves,Passeriformes,Regulidae,Regulus,3,2,2,5,0,3
Rhus integrifolia,Not Found,Unknown,Unknown,Plantae,Tracheophyta,Magnoliopsida,Sapindales,Anacardiaceae,Rhus,1,0,1,4,1,1
Rhus ovata,Not Found,Unknown,Unknown,Plantae,Tracheophyta,Magnoliopsida,Sapindales,Anacardiaceae,Rhus,1,0,0,6,2,1
Ribes aureum,Not Found,Unknown,Unknown,Plantae,Tracheophyta,Magnoliopsida,Saxifragales,Grossulariaceae,Ribes,0,0,7,0,1,0
Ribes indecorum,Not Found,Unknown,Unknown,Plantae,Tracheophyta,Magnoliopsida,Saxifragales,Grossulariaceae,Ribes,0,0,0,0,1,0
Ribes malvaceum,Not Found,Unknown,Unknown,Plantae,Tracheophyta,Magnoliopsida,Saxifragales,Grossulariaceae,Ribes,0,0,1,4,1,0
Ribes speciosum,Not Found,Unknown,Unknown,Plantae,Tracheophyta,Magnoliopsida,Saxifragales,Grossulariaceae,Ribes,0,0,0,1,2,0
Ricinus communis,Not Found,Unknown,Unknown,Plantae,Tracheophyta,Magnoliopsida,Malpighiales,Euphorbiaceae,Ricinus,1,0,4,0,9,1
Romneya coulteri,Not Found,Unknown,Unknown,Plantae,Tracheophyta,Magnoliopsida,Ranunculales,Papaveraceae,Romneya,0,0,0,0,1,0
Salvia apiana,Not Found,Unknown,Unknown,Plantae,Tracheophyta,Magnoliopsida,Lamiales,Lamiaceae,Salvia,0,0,0,0,0,1
Salvia mellifera,Not Found,Unknown,Unknown,Plantae,Tracheophyta,Magnoliopsida,Lamiales,Lamiaceae,Salvia,1,0,1,1,2,0
Salvia spathacea,Not Found,Unknown,Unknown,Plantae,Tracheophyta,Magnoliopsida,Lamiales,Lamiaceae,Salvia,0,0,2,0,1,0
Sambucus cerulea,Not Found,Unknown,Unknown,Plantae,Tracheophyta,Magnoliopsida,Dipsacales,Viburnaceae,Sambucus,0,0,1,2,0,0
Sayornis nigricans,Not Found,Unknown,Unknown,Animalia,Chordata,Aves,Passeriformes,Tyrannidae,Sayornis,2,13,7,7,5,11
Sayornis phoebe,Not Found,Unknown,Unknown,Animalia,Chordata,Aves,Passeriformes,Tyrannidae,Sayornis,11,4,13,0,0,0
Sayornis saya,Not Found,Unknown,Unknown,Animalia,Chordata,Aves,Passeriformes,Tyrannidae,Sayornis,1,2,6,2,0,2
Sceloporus occidentalis,Not Found,Unknown,Unknown,Animalia,Chordata,Squamata,Unknown,Phrynosomatidae,Sceloporus,7,2,4,1,3,2
Schinus molle,Not Found,Unknown,Unknown,Plantae,Tracheophyta,Magnoliopsida,Sapindales,Anacardiaceae,Schinus,0,0,0,0,1,0
Schistocerca nitens,Not Found,Unknown,Unknown,Animalia,Arthropoda,Insecta,Orthoptera,Acrididae,Schistocerca,0,1,2,0,2,0
Sciurus griseus,Not Found,Unknown,Unknown,Animalia,Chordata,Mammalia,Rodentia,Sciuridae,Sciurus,0,0,1,0,0,0
Sciurus niger,Not Found,Unknown,Unknown,Animalia,Chordata,Mammalia,Rodentia,Sciuridae,Sciurus,5,7,6,1,4,3
Scolopendra polymorpha,Not Found,Unknown,Unknown,Animalia,Arthropoda,Chilopoda,Scolopendromorpha,Scolopendridae,Scolopendra,0,0,0,1,0,0
Scrophularia californica,Not Found,Unknown,Unknown,Plantae,Tracheophyta,Magnoliopsida,Lamiales,Scrophulariaceae,Scrophularia,0,0,1,0,0,0
Searsia lancea,Not Found,Unknown,Unknown,Plantae,Tracheophyta,Magnoliopsida,Sapindales,Anacardiaceae,Searsia,0,0,1,0,0,0
Selasphorus sasin,Not Found,Unknown,Unknown,Animalia,Chordata,Aves,Apodiformes,Trochilidae,Selasphorus,2,8,0,1,0,0
Setophaga auduboni,Not Found,Unknown,Unknown,Animalia,Chordata,Aves,Passeriformes,Parulidae,Setophaga,1,1,1,1,1,0
Setophaga coronata,Not Found,Unknown,Unknown,Animalia,Chordata,Aves,Passeriformes,Parulidae,Setophaga,2,8,4,6,4,6
Setophaga petechia,Not Found,Unknown,Unknown,Animalia,Chordata,Aves,Passeriformes,Parulidae,Setophaga,0,1,0,0,0,0
Setophaga townsendi,Not Found,Unknown,Unknown,Animalia,Chordata,Aves,Passeriformes,Parulidae,Setophaga,1,0,1,1,1,0
Sialia mexicana,Not Found,Unknown,Unknown,Animalia,Chordata,Aves,Passeriformes,Turdidae,Sialia,0,0,1,1,0,1
Sitta carolinensis,Not Found,Unknown,Unknown,Animalia,Chordata,Aves,Passeriformes,Sittidae,Sitta,1,1,1,0,0,0
Sminthurinus atrapallidus,Not Found,Unknown,Unknown,Animalia,Arthropoda,Collembola,Symphypleona,Katiannidae,Sminthurinus,0,0,0,0,1,0
Sonchus asper,Not Found,Unknown,Unknown,Plantae,Tracheophyta,Magnoliopsida,Asterales,Asteraceae,Sonchus,0,0,0,1,0,0
Spartium junceum,Not Found,Unknown,Unknown,Plantae,Tracheophyta,Magnoliopsida,Fabales,Fabaceae,Spartium,0,0,1,0,1,0
Spatula cyanoptera,Not Found,Unknown,Unknown,Animalia,Chordata,Aves,Anseriformes,Anatidae,Spatula,7,3,2,0,0,1
Spatula discors,Not Found,Unknown,Unknown,Animalia,Chordata,Aves,Anseriformes,Anatidae,Spatula,3,3,1,3,0,4
Sphyrapicus ruber,Not Found,Unknown,Unknown,Animalia,Chordata,Aves,Piciformes,Picidae,Sphyrapicus,0,0,0,0,1,0
Spinus psaltria,Not Found,Unknown,Unknown,Animalia,Chordata,Aves,Passeriformes,Fringillidae,Spinus,3,2,4,1,6,5
Spinus tristis,Not Found,Unknown,Unknown,Animalia,Chordata,Aves,Passeriformes,Fringillidae,Spinus,0,0,0,0,1,0
Spizella passerina,Not Found,Unknown,Unknown,Animalia,Chordata,Aves,Passeriformes,Passerellidae,Spizella,1,1,1,1,2,1
Stagmomantis limbata,Not Found,Unknown,Unknown,Animalia,Arthropoda,Insecta,Mantodea,Mantidae,Stagmomantis,0,0,0,0,1,0
Steatoda grossa,Not Found,Unknown,Unknown,Animalia,Arthropoda,Arachnida,Araneae,Theridiidae,Steatoda,0,0,0,0,0,1
Steatoda nobilis,Not Found,Unknown,Unknown,Animalia,Arthropoda,Arachnida,Araneae,Theridiidae,Steatoda,0,0,0,0,1,0
Stellaria media,Not Found,Unknown,Unknown,Plantae,Tracheophyta,Magnoliopsida,Caryophyllales,Caryophyllaceae,Stellaria,0,0,0,0,1,0
Stereum hirsutum,Not Found,Unknown,Unknown,Fungi,Basidiomycota,Agaricomycetes,Russulales,Stereaceae,Stereum,0,0,0,5,0,0
Streptopelia decaocto,Not Found,Unknown,Unknown,Animalia,Chordata,Aves,Columbiformes,Columbidae,Streptopelia,1,1,2,0,0,1
Sturnella neglecta,Not Found,Unknown,Unknown,Animalia,Chordata,Aves,Passeriformes,Icteridae,Sturnella,0,1,0,0,0,0
Sturnus vulgaris,Not Found,Unknown,Unknown,Animalia,Chordata,Aves,Passeriformes,Sturnidae,Sturnus,1,1,1,0,1,0
Sylvilagus audubonii,Not Found,Unknown,Unknown,Animalia,Chordata,Mammalia,Lagomorpha,Leporidae,Sylvilagus,2,3,0,2,0,0
Tecomaria capensis,Not Found,Unknown,Unknown,Plantae,Tracheophyta,Magnoliopsida,Lamiales,Bignoniaceae,Tecomaria,0,0,0,0,1,0
Thryomanes bewickii,Not Found,Unknown,Unknown,Animalia,Chordata,Aves,Passeriformes,Troglodytidae,Thryomanes,0,0,1,1,0,3
Tortula muralis,Not Found,Unknown,Unknown,Plantae,Bryophyta,Bryopsida,Pottiales,Pottiaceae,Tortula,0,0,0,1,0,0
Toxostoma redivivum,Not Found,Unknown,Unknown,Animalia,Chordata,Aves,Passeriformes,Mimidae,Toxostoma,0,0,0,2,0,0
Tremella mesenterica,Not Found,Unknown,Unknown,Fungi,Basidiomycota,Tremellomycetes,Tremellales,Tremellaceae,Tremella,0,0,0,1,0,0
Trichoderma viride,Not Found,Unknown,Unknown,Fungi,Ascomycota,Sordariomycetes,Hypocreales,Hypocreaceae,Trichoderma,0,0,1,0,0,0
Trichostema lanatum,Not Found,Unknown,Unknown,Plantae,Tracheophyta,Magnoliopsida,Lamiales,Lamiaceae,Trichostema,0,0,0,2,2,0
Trifolium repens,Not Found,Unknown,Unknown,Plantae,Tracheophyta,Magnoliopsida,Fabales,Fabaceae,Trifolium,0,0,0,0,0,1
Tringa melanoleuca,Not Found,Unknown,Unknown,Animalia,Chordata,Aves,Charadriiformes,Scolopacidae,Tringa,2,4,2,3,0,4
Troglodytes aedon,Not Found,Unknown,Unknown,Animalia,Chordata,Aves,Passeriformes,Troglodytidae,Troglodytes,0,1,0,0,1,0
Turdus migratorius,Not Found,Unknown,Unknown,Animalia,Chordata,Aves,Passeriformes,Turdidae,Turdus,1,0,0,4,0,6
Typha domingensis,Not Found,Unknown,Unknown,Plantae,Tracheophyta,Liliopsida,Poales,Typhaceae,Typha,0,0,0,0,0,1
Tyrannus crassirostris,Not Found,Unknown,Unknown,Animalia,Chordata,Aves,Passeriformes,Tyrannidae,Tyrannus,0,0,0,0,5,1
Tyrannus vociferans,Not Found,Unknown,Unknown,Animalia,Chordata,Aves,Passeriformes,Tyrannidae,Tyrannus,4,2,5,0,4,0
Umbellularia californica,Not Found,Unknown,Unknown,Plantae,Tracheophyta,Magnoliopsida,Laurales,Lauraceae,Umbellularia,0,0,1,1,0,0
Unknown,Not Found,Unknown,Unknown,Unknown,Unknown,Unknown,Unknown,Unknown,Unknown,8,4,5,10,2,3
Urocyon cinereoargenteus,Not Found,Unknown,Unknown,Animalia,Chordata,Mammalia,Carnivora,Canidae,Urocyon,0,1,0,0,0,0
Urtica urens,Not Found,Unknown,Unknown,Plantae,Tracheophyta,Magnoliopsida,Rosales,Urticaceae,Urtica,0,0,0,1,0,0
Uta stansburiana,Not Found,Unknown,Unknown,Animalia,Chordata,Squamata,Unknown,Phrynosomatidae,Uta,1,0,0,0,3,0
Vanessa cardui,Not Found,Unknown,Unknown,Animalia,Arthropoda,Insecta,Lepidoptera,Nymphalidae,Vanessa,0,0,0,0,3,0
Verbesina encelioides,Not Found,Unknown,Unknown,Plantae,Tracheophyta,Magnoliopsida,Asterales,Asteraceae,Verbesina,0,0,0,1,0,0
Veronica anagallis-aquatica,Not Found,Unknown,Unknown,Plantae,Tracheophyta,Magnoliopsida,Lamiales,Plantaginaceae,Veronica,0,0,0,0,0,1
Viburnum tinus,Not Found,Unknown,Unknown,Plantae,Tracheophyta,Magnoliopsida,Dipsacales,Viburnaceae,Viburnum,0,0,1,0,0,0
Vidua macroura,Not Found,Unknown,Unknown,Animalia,Chordata,Aves,Passeriformes,Viduidae,Vidua,0,1,0,0,0,0
Vinca major,Not Found,Unknown,Unknown,Plantae,Tracheophyta,Magnoliopsida,Gentianales,Apocynaceae,Vinca,0,0,2,0,0,0
Vireo huttoni,Not Found,Unknown,Unknown,Animalia,Chordata,Aves,Passeriformes,Vireonidae,Vireo,0,0,0,0,1,0
Volvopluteus gloiocephalus,Not Found,Unknown,Unknown,Fungi,Basidiomycota,Agaricomycetes,Agaricales,Pluteaceae,Volvopluteus,1,0,0,2,0,0
Zenaida macroura,Not Found,Unknown,Unknown,Animalia,Chordata,Aves,Columbiformes,Columbidae,Zenaida,2,4,3,0,3,1
Zonotrichia atricapilla,Not Found,Unknown,Unknown,Animalia,Chordata,Aves,Passeriformes,Passerellidae,Zonotrichia,0,1,0,0,0,3
Zonotrichia leucophrys,Not Found,Unknown,Unknown,Animalia,Chordata,Aves,Passeriformes,Passerellidae,Zonotrichia,2,3,6,7,6,10
