Species Name,Assessment ID,Red List Category,Population Trend,Kingdom,Phylum,Class,Order,Family,Genus,2020,2021,2022,2023,2024,2025
Abortiporus biennis,Not Found,Unknown,Unknown,Fungi,Basidiomycota,Agaricomycetes,Polyporales,Podoscyphaceae,Abortiporus,0,0,0,0,3,0
Acacia podalyriifolia,Not Found,Unknown,Unknown,Plantae,Tracheophyta,Magnoliopsida,Fabales,Fabaceae,Acacia,0,0,0,0,1,0
Accipiter cooperii,Not Found,Unknown,Unknown,Animalia,Chordata,Aves,Accipitriformes,Accipitridae,Accipiter,2,2,0,0,0,0
Accipiter striatus,Not Found,Unknown,Unknown,Animalia,Chordata,Aves,Accipitriformes,Accipitridae,Accipiter,2,0,1,0,0,0
Achillea millefolium,Not Found,Unknown,Unknown,Plantae,Tracheophyta,Magnoliopsida,Asterales,Asteraceae,Achillea,1,0,0,0,0,0
Acmispon glaber,Not Found,Unknown,Unknown,Plantae,Tracheophyta,Magnoliopsida,Fabales,Fabaceae,Acmispon,0,0,0,0,0,1
Aeronautes saxatalis,Not Found,Unknown,Unknown,Animalia,Chordata,Aves,Apodiformes,Apodidae,Aeronautes,0,1,0,0,0,0
Agaricus californicus,Not Found,Unknown,Unknown,Fungi,Basidiomycota,Agaricomycetes,Agaricales,Agaricaceae,Agaricus,0,0,0,0,1,0
Agaricus xanthodermus,Not Found,Unknown,Unknown,Fungi,Basidiomycota,Agaricomycetes,Agaricales,Agaricaceae,Agaricus,0,0,0,2,1,0
Agrocybe pediades,Not Found,Unknown,Unknown,Fungi,Basidiomycota,Agaricomycetes,Agaricales,Strophariaceae,Agrocybe,0,0,0,1,0,0
Akamptogonus novarae,Not Found,Unknown,Unknown,Animalia,Arthropoda,Diplopoda,Polydesmida,Paradoxosomatidae,Akamptogonus,1,0,0,0,0,0
Allacrotelsa spinulata,Not Found,Unknown,Unknown,Animalia,Arthropoda,Insecta,Zygentoma,Lepismatidae,Allacrotelsa,0,0,1,0,0,0
Allograpta obliqua,Not Found,Unknown,Unknown,Animalia,Arthropoda,Insecta,Diptera,Syrphidae,Allograpta,0,0,1,0,0,0
Alopochen aegyptiaca,Not Found,Unknown,Unknown,Animalia,Chordata,Aves,Anseriformes,Anatidae,Alopochen,0,0,2,0,0,2
Alphitobius laevigatus,Not Found,Unknown,Unknown,Animalia,Arthropoda,Insecta,Coleoptera,Tenebrionidae,Alphitobius,0,0,1,0,0,0
Amanita novinupta,Not Found,Unknown,Unknown,Fungi,Basidiomycota,Agaricomycetes,Agaricales,Amanitaceae,Amanita,0,0,0,0,1,0
Amazona viridigenalis,Not Found,Unknown,Unknown,Animalia,Chordata,Aves,Psittaciformes,Psittacidae,Amazona,2,0,1,0,0,0
Amphibolips quercuspomiformis,Not Found,Unknown,Unknown,Animalia,Arthropoda,Insecta,Hymenoptera,Cynipidae,Amphibolips,0,0,1,0,0,3
Anas acuta,Not Found,Unknown,Unknown,Animalia,Chordata,Aves,Anseriformes,Anatidae,Anas,0,1,0,0,0,0
Anas platyrhynchos,Not Found,Unknown,Unknown,Animalia,Chordata,Aves,Anseriformes,Anatidae,Anas,2,7,4,4,0,10
Anicla infecta,Not Found,Unknown,Unknown,Animalia,Arthropoda,Insecta,Lepidoptera,Noctuidae,Anicla,0,0,1,0,0,0
Anser caerulescens,Not Found,Unknown,Unknown,Animalia,Chordata,Aves,Anseriformes,Anatidae,Anser,0,0,2,0,0,0
Anser cygnoides,Not Found,Unknown,Unknown,Animalia,Chordata,Aves,Anseriformes,Anatidae,Anser,1,3,0,0,1,2
Anser rossii,Not Found,Unknown,Unknown,Animalia,Chordata,Aves,Anseriformes,Anatidae,Anser,0,1,0,0,0,0
Anthomyia ochripes,Not Found,Unknown,Unknown,Animalia,Arthropoda,Insecta,Diptera,Anthomyiidae,Anthomyia,0,0,1,0,0,0
Anthus rubescens,Not Found,Unknown,Unknown,Animalia,Chordata,Aves,Passeriformes,Motacillidae,Anthus,0,2,0,0,0,0
Aphelocoma californica,Not Found,Unknown,Unknown,Animalia,Chordata,Aves,Passeriformes,Corvidae,Aphelocoma,1,2,0,1,1,3
Aphis nerii,Not Found,Unknown,Unknown,Animalia,Arthropoda,Insecta,Hemiptera,Aphididae,Aphis,2,0,0,0,0,0
Aphis spiraecola,Not Found,Unknown,Unknown,Animalia,Arthropoda,Insecta,Hemiptera,Aphididae,Aphis,2,0,0,0,0,0
Apis mellifera,Not Found,Unknown,Unknown,Animalia,Arthropoda,Insecta,Hymenoptera,Apidae,Apis,4,0,2,5,2,36
Aquarius remigis,Not Found,Unknown,Unknown,Animalia,Arthropoda,Insecta,Hemiptera,Gerridae,Aquarius,1,0,0,0,0,0
Arabidopsis thaliana,Not Found,Unknown,Unknown,Plantae,Tracheophyta,Magnoliopsida,Brassicales,Brassicaceae,Arabidopsis,1,0,0,0,0,0
Aratinga mitrata,Not Found,Unknown,Unknown,Animalia,Chordata,Aves,Psittaciformes,Psittacidae,Aratinga,0,1,0,1,1,0
Araujia sericifera,Not Found,Unknown,Unknown,Plantae,Tracheophyta,Magnoliopsida,Gentianales,Apocynaceae,Araujia,0,1,0,0,0,0
Arctotheca prostrata,Not Found,Unknown,Unknown,Plantae,Tracheophyta,Magnoliopsida,Asterales,Asteraceae,Arctotheca,1,0,0,0,0,0
Ardea alba,Not Found,Unknown,Unknown,Animalia,Chordata,Aves,Pelecaniformes,Ardeidae,Ardea,0,0,1,0,0,0
Ardea herodias,Not Found,Unknown,Unknown,Animalia,Chordata,Aves,Pelecaniformes,Ardeidae,Ardea,0,0,0,0,0,2
Armadillidium vulgare,Not Found,Unknown,Unknown,Animalia,Arthropoda,Malacostraca,Isopoda,Armadillidiidae,Armadillidium,4,0,1,1,2,2
Armillaria mellea,Not Found,Unknown,Unknown,Fungi,Basidiomycota,Agaricomycetes,Agaricales,Physalacriaceae,Armillaria,1,0,2,1,1,1
Artemisia californica,Not Found,Unknown,Unknown,Plantae,Tracheophyta,Magnoliopsida,Asterales,Asteraceae,Artemisia,2,0,3,1,0,0
Asclepias curassavica,Not Found,Unknown,Unknown,Plantae,Tracheophyta,Magnoliopsida,Gentianales,Apocynaceae,Asclepias,0,1,0,0,0,1
Asparagus aethiopicus,Not Found,Unknown,Unknown,Plantae,Tracheophyta,Liliopsida,Asparagales,Asparagaceae,Asparagus,0,0,0,0,0,1
Atriplex canescens,Not Found,Unknown,Unknown,Plantae,Tracheophyta,Magnoliopsida,Caryophyllales,Amaranthaceae,Atriplex,1,0,0,0,0,0
Atriplex lentiformis,Not Found,Unknown,Unknown,Plantae,Tracheophyta,Magnoliopsida,Caryophyllales,Amaranthaceae,Atriplex,0,0,0,0,0,1
Aythya collaris,Not Found,Unknown,Unknown,Animalia,Chordata,Aves,Anseriformes,Anatidae,Aythya,1,1,0,1,1,4
Baccharis salicifolia,Not Found,Unknown,Unknown,Plantae,Tracheophyta,Magnoliopsida,Asterales,Asteraceae,Baccharis,0,0,0,1,0,0
Baeolophus inornatus,Not Found,Unknown,Unknown,Animalia,Chordata,Aves,Passeriformes,Paridae,Baeolophus,0,2,0,0,0,0
Bartheletia paradoxa,Not Found,Unknown,Unknown,Fungi,Basidiomycota,Wallemiomycetes,Unknown,Unknown,Bartheletia,4,0,0,0,0,0
Batrachoseps nigriventris,Not Found,Unknown,Unknown,Animalia,Chordata,Amphibia,Caudata,Plethodontidae,Batrachoseps,0,0,1,0,0,0
Bellis perennis,Not Found,Unknown,Unknown,Plantae,Tracheophyta,Magnoliopsida,Asterales,Asteraceae,Bellis,0,0,1,2,1,1
Bipalium adventitium,Not Found,Unknown,Unknown,Animalia,Platyhelminthes,Unknown,Tricladida,Geoplanidae,Bipalium,1,0,0,0,0,0
Bolbitius titubans,Not Found,Unknown,Unknown,Fungi,Basidiomycota,Agaricomycetes,Agaricales,Bolbitiaceae,Bolbitius,0,0,0,0,1,0
Bombus melanopygus,Not Found,Unknown,Unknown,Animalia,Arthropoda,Insecta,Hymenoptera,Apidae,Bombus,1,0,0,0,0,0
Bombus sonorus,Not Found,Unknown,Unknown,Animalia,Arthropoda,Insecta,Hymenoptera,Apidae,Bombus,0,0,0,1,0,0
Bombus vosnesenskii,Not Found,Unknown,Unknown,Animalia,Arthropoda,Insecta,Hymenoptera,Apidae,Bombus,0,0,0,0,1,0
Bombycilla cedrorum,Not Found,Unknown,Unknown,Animalia,Chordata,Aves,Passeriformes,Bombycillidae,Bombycilla,2,3,3,3,0,2
Bothriocyrtum californicum,Not Found,Unknown,Unknown,Animalia,Arthropoda,Arachnida,Araneae,Halonoproctidae,Bothriocyrtum,0,1,0,0,0,0
Brachymyrmex patagonicus,Not Found,Unknown,Unknown,Animalia,Arthropoda,Insecta,Hymenoptera,Formicidae,Brachymyrmex,0,0,1,0,0,0
Branta canadensis,Not Found,Unknown,Unknown,Animalia,Chordata,Aves,Anseriformes,Anatidae,Branta,2,3,1,2,1,3
Brassica nigra,Not Found,Unknown,Unknown,Plantae,Tracheophyta,Magnoliopsida,Brassicales,Brassicaceae,Brassica,0,0,0,0,0,2
Brotogeris chiriri,Not Found,Unknown,Unknown,Animalia,Chordata,Aves,Psittaciformes,Psittacidae,Brotogeris,1,1,2,0,0,0
Bubo virginianus,Not Found,Unknown,Unknown,Animalia,Chordata,Aves,Strigiformes,Strigidae,Bubo,0,2,6,3,7,3
Buteo jamaicensis,Not Found,Unknown,Unknown,Animalia,Chordata,Aves,Accipitriformes,Accipitridae,Buteo,3,6,23,8,20,5
Buteo lineatus,Not Found,Unknown,Unknown,Animalia,Chordata,Aves,Accipitriformes,Accipitridae,Buteo,2,3,0,0,0,2
Butorides virescens,Not Found,Unknown,Unknown,Animalia,Chordata,Aves,Pelecaniformes,Ardeidae,Butorides,0,0,1,0,0,0
Byssomerulius corium,Not Found,Unknown,Unknown,Fungi,Basidiomycota,Agaricomycetes,Polyporales,Irpicaceae,Byssomerulius,0,0,0,1,2,0
Cacopsylla tobirae,Not Found,Unknown,Unknown,Animalia,Arthropoda,Insecta,Hemiptera,Psyllidae,Cacopsylla,0,0,0,0,0,1
Cairina moschata,Not Found,Unknown,Unknown,Animalia,Chordata,Aves,Anseriformes,Anatidae,Cairina,3,0,0,1,1,0
Calathus ruficollis,Not Found,Unknown,Unknown,Animalia,Arthropoda,Insecta,Coleoptera,Carabidae,Calathus,0,0,1,0,0,0
Calypte anna,Not Found,Unknown,Unknown,Animalia,Chordata,Aves,Apodiformes,Trochilidae,Calypte,3,6,4,4,3,1
Calypte costae,Not Found,Unknown,Unknown,Animalia,Chordata,Aves,Apodiformes,Trochilidae,Calypte,0,1,0,0,0,0
Calystegia macrostegia,Not Found,Unknown,Unknown,Plantae,Tracheophyta,Magnoliopsida,Solanales,Convolvulaceae,Calystegia,0,1,0,0,0,1
Camissoniopsis cheiranthifolia,Not Found,Unknown,Unknown,Plantae,Tracheophyta,Magnoliopsida,Myrtales,Onagraceae,Camissoniopsis,0,0,0,1,0,1
Camponotus clarithorax,Not Found,Unknown,Unknown,Animalia,Arthropoda,Insecta,Hymenoptera,Formicidae,Camponotus,0,0,1,0,0,0
Candolleomyces candolleanus,Not Found,Unknown,Unknown,Fungi,Basidiomycota,Agaricomycetes,Agaricales,Psathyrellaceae,Candolleomyces,0,0,0,4,0,0
Canis latrans,Not Found,Unknown,Unknown,Animalia,Chordata,Mammalia,Carnivora,Canidae,Canis,0,0,2,0,4,1
Cardamine occulta,Not Found,Unknown,Unknown,Plantae,Tracheophyta,Magnoliopsida,Brassicales,Brassicaceae,Cardamine,1,0,0,0,0,0
Cardellina pusilla,Not Found,Unknown,Unknown,Animalia,Chordata,Aves,Passeriformes,Parulidae,Cardellina,2,0,1,0,0,0
Castianeira thalia,Not Found,Unknown,Unknown,Animalia,Arthropoda,Arachnida,Araneae,Corinnidae,Castianeira,0,0,0,0,1,0
Cathartes aura,Not Found,Unknown,Unknown,Animalia,Chordata,Aves,Accipitriformes,Cathartidae,Cathartes,0,0,0,1,0,0
Catharus guttatus,Not Found,Unknown,Unknown,Animalia,Chordata,Aves,Passeriformes,Turdidae,Catharus,0,2,1,2,0,0
Cenchrus setaceus,Not Found,Unknown,Unknown,Plantae,Tracheophyta,Liliopsida,Poales,Poaceae,Cenchrus,0,0,0,1,0,1
Ceratitis capitata,Not Found,Unknown,Unknown,Animalia,Arthropoda,Insecta,Diptera,Tephritidae,Ceratitis,0,0,1,0,0,0
Ceroplastes sinensis,Not Found,Unknown,Unknown,Animalia,Arthropoda,Insecta,Hemiptera,Coccidae,Ceroplastes,0,0,0,0,1,0
Chinavia hilaris,Not Found,Unknown,Unknown,Animalia,Arthropoda,Insecta,Hemiptera,Pentatomidae,Chinavia,0,0,0,0,1,0
Chlorophyllum brunneum,Not Found,Unknown,Unknown,Fungi,Basidiomycota,Agaricomycetes,Agaricales,Agaricaceae,Chlorophyllum,1,0,0,0,0,0
Chondestes grammacus,Not Found,Unknown,Unknown,Animalia,Chordata,Aves,Passeriformes,Passerellidae,Chondestes,0,1,2,0,0,1
Cleomella arborea,Not Found,Unknown,Unknown,Plantae,Tracheophyta,Magnoliopsida,Brassicales,Cleomaceae,Cleomella,0,0,0,0,0,1
Clogmia albipunctatus,Not Found,Unknown,Unknown,Animalia,Arthropoda,Insecta,Diptera,Psychodidae,Clogmia,0,0,0,1,2,1
Coccinella septempunctata,Not Found,Unknown,Unknown,Animalia,Arthropoda,Insecta,Coleoptera,Coccinellidae,Coccinella,1,0,0,0,1,0
Cochlicopa lubrica,Not Found,Unknown,Unknown,Animalia,Mollusca,Gastropoda,Stylommatophora,Cochlicopidae,Cochlicopa,2,0,0,0,1,0
Colaptes auratus,Not Found,Unknown,Unknown,Animalia,Chordata,Aves,Piciformes,Picidae,Colaptes,1,0,0,2,1,0
Columba livia,Not Found,Unknown,Unknown,Animalia,Chordata,Aves,Columbiformes,Columbidae,Columba,2,2,4,4,2,6
Conium maculatum,Not Found,Unknown,Unknown,Plantae,Tracheophyta,Magnoliopsida,Apiales,Apiaceae,Conium,0,0,0,0,1,0
Coprinellus flocculosus,Not Found,Unknown,Unknown,Fungi,Basidiomycota,Agaricomycetes,Agaricales,Psathyrellaceae,Coprinellus,0,0,2,3,0,0
Coprinellus micaceus,Not Found,Unknown,Unknown,Fungi,Basidiomycota,Agaricomycetes,Agaricales,Psathyrellaceae,Coprinellus,0,0,0,1,0,0
Coprinopsis picacea,Not Found,Unknown,Unknown,Fungi,Basidiomycota,Agaricomycetes,Agaricales,Psathyrellaceae,Coprinopsis,1,0,0,0,0,0
Coprinus comatus,Not Found,Unknown,Unknown,Fungi,Basidiomycota,Agaricomycetes,Agaricales,Agaricaceae,Coprinus,0,0,1,1,0,0
Corbicula fluminea,Not Found,Unknown,Unknown,Animalia,Mollusca,Bivalvia,Venerida,Cyrenidae,Corbicula,0,0,0,0,1,0
Cornu aspersum,Not Found,Unknown,Unknown,Animalia,Mollusca,Gastropoda,Stylommatophora,Helicidae,Cornu,6,2,4,3,8,0
Corvus brachyrhynchos,Not Found,Unknown,Unknown,Animalia,Chordata,Aves,Passeriformes,Corvidae,Corvus,5,12,7,5,5,8
Corvus corax,Not Found,Unknown,Unknown,Animalia,Chordata,Aves,Passeriformes,Corvidae,Corvus,2,3,2,1,2,4
Corythucha confraterna,Not Found,Unknown,Unknown,Animalia,Arthropoda,Insecta,Hemiptera,Tingidae,Corythucha,0,0,0,0,1,0
Cotinis mutabilis,Not Found,Unknown,Unknown,Animalia,Arthropoda,Insecta,Coleoptera,Scarabaeidae,Cotinis,0,0,0,0,1,0
Cryptolaemus montrouzieri,Not Found,Unknown,Unknown,Animalia,Arthropoda,Insecta,Coleoptera,Coccinellidae,Cryptolaemus,0,0,1,0,0,0
Ctenolepisma lineata,Not Found,Unknown,Unknown,Animalia,Arthropoda,Insecta,Zygentoma,Lepismatidae,Ctenolepisma,0,0,0,1,0,0
Ctenolepisma longicaudatum,Not Found,Unknown,Unknown,Animalia,Arthropoda,Insecta,Zygentoma,Lepismatidae,Ctenolepisma,0,0,0,0,0,2
Culiseta inornata,Not Found,Unknown,Unknown,Animalia,Arthropoda,Insecta,Diptera,Culicidae,Culiseta,0,0,1,0,0,0
Cupaniopsis anacardioides,Not Found,Unknown,Unknown,Plantae,Tracheophyta,Magnoliopsida,Sapindales,Sapindaceae,Cupaniopsis,0,0,0,1,1,0
Cycloneda sanguinea,Not Found,Unknown,Unknown,Animalia,Arthropoda,Insecta,Coleoptera,Coccinellidae,Cycloneda,4,0,0,1,0,0
Cyclospermum leptophyllum,Not Found,Unknown,Unknown,Plantae,Tracheophyta,Magnoliopsida,Apiales,Apiaceae,Cyclospermum,0,0,0,1,0,0
Cynodon dactylon,Not Found,Unknown,Unknown,Plantae,Tracheophyta,Liliopsida,Poales,Poaceae,Cynodon,0,0,0,1,0,0
Danaus plexippus,Not Found,Unknown,Unknown,Animalia,Arthropoda,Insecta,Lepidoptera,Nymphalidae,Danaus,7,2,3,1,2,1
Dermacentor occidentalis,Not Found,Unknown,Unknown,Animalia,Arthropoda,Arachnida,Ixodida,Ixodidae,Dermacentor,0,0,0,0,1,1
Deroceras reticulatum,Not Found,Unknown,Unknown,Animalia,Mollusca,Gastropoda,Stylommatophora,Agriolimacidae,Deroceras,2,0,0,3,0,0
Didelphis virginiana,Not Found,Unknown,Unknown,Animalia,Chordata,Mammalia,Didelphimorphia,Didelphidae,Didelphis,2,0,2,2,1,1
Dilophus orbatus,Not Found,Unknown,Unknown,Animalia,Arthropoda,Insecta,Diptera,Bibionidae,Dilophus,1,0,0,0,0,0
Dimorphotheca fruticosa,Not Found,Unknown,Unknown,Plantae,Tracheophyta,Magnoliopsida,Asterales,Asteraceae,Dimorphotheca,1,0,0,0,0,0
Dione vanillae,Not Found,Unknown,Unknown,Animalia,Arthropoda,Insecta,Lepidoptera,Nymphalidae,Dione,1,0,0,0,1,1
Diplacus longiflorus,Not Found,Unknown,Unknown,Plantae,Tracheophyta,Magnoliopsida,Lamiales,Phrymaceae,Diplacus,0,0,0,1,0,0
Disclisioprocta stellata,Not Found,Unknown,Unknown,Animalia,Arthropoda,Insecta,Lepidoptera,Geometridae,Disclisioprocta,0,1,0,0,0,0
Discus rotundatus,Not Found,Unknown,Unknown,Animalia,Mollusca,Gastropoda,Stylommatophora,Discidae,Discus,1,0,1,0,1,0
Druon quercuslanigerum,Not Found,Unknown,Unknown,Animalia,Arthropoda,Insecta,Hymenoptera,Cynipidae,Andricus,2,0,0,0,1,0
Dryobates nuttallii,Not Found,Unknown,Unknown,Animalia,Chordata,Aves,Piciformes,Picidae,Dryobates,1,2,2,0,1,2
Dysdera crocata,Not Found,Unknown,Unknown,Animalia,Arthropoda,Arachnida,Araneae,Dysderidae,Dysdera,0,0,0,0,0,2
Egira curialis,Not Found,Unknown,Unknown,Animalia,Arthropoda,Insecta,Lepidoptera,Noctuidae,Egira,0,0,1,0,0,0
Egira hiemalis,Not Found,Unknown,Unknown,Animalia,Arthropoda,Insecta,Lepidoptera,Noctuidae,Egira,0,0,1,0,0,0
Egretta thula,Not Found,Unknown,Unknown,Animalia,Chordata,Aves,Pelecaniformes,Ardeidae,Egretta,0,1,1,0,0,0
Elgaria multicarinata,Not Found,Unknown,Unknown,Animalia,Chordata,Squamata,Unknown,Anguidae,Elgaria,2,0,1,1,2,2
Empidonax hammondii,Not Found,Unknown,Unknown,Animalia,Chordata,Aves,Passeriformes,Tyrannidae,Empidonax,0,0,0,1,0,0
Encelia californica,Not Found,Unknown,Unknown,Plantae,Tracheophyta,Magnoliopsida,Asterales,Asteraceae,Encelia,2,1,2,1,0,4
Entomobrya atrocincta,Not Found,Unknown,Unknown,Animalia,Arthropoda,Collembola,Entomobryomorpha,Entomobryidae,Entomobrya,1,0,0,0,0,0
Epichrysocharis burwelli,Not Found,Unknown,Unknown,Animalia,Arthropoda,Insecta,Hymenoptera,Eulophidae,Epichrysocharis,1,0,0,0,0,0
Epicoccum nigrum,Not Found,Unknown,Unknown,Fungi,Ascomycota,Dothideomycetes,Pleosporales,Didymellaceae,Epicoccum,0,1,0,0,0,0
Epilobium canum,Not Found,Unknown,Unknown,Plantae,Tracheophyta,Magnoliopsida,Myrtales,Onagraceae,Epilobium,0,0,1,0,0,0
Equisetum praealtum,Not Found,Unknown,Unknown,Plantae,Tracheophyta,Polypodiopsida,Equisetales,Equisetaceae,Equisetum,0,0,0,1,0,0
Erigeron bonariensis,Not Found,Unknown,Unknown,Plantae,Tracheophyta,Magnoliopsida,Asterales,Asteraceae,Erigeron,0,0,0,0,0,3
Erigeron canadensis,Not Found,Unknown,Unknown,Plantae,Tracheophyta,Magnoliopsida,Asterales,Asteraceae,Erigeron,2,0,0,0,0,0
Eriogonum giganteum,Not Found,Unknown,Unknown,Plantae,Tracheophyta,Magnoliopsida,Caryophyllales,Polygonaceae,Eriogonum,0,0,0,0,1,0
Erodium moschatum,Not Found,Unknown,Unknown,Plantae,Tracheophyta,Magnoliopsida,Geraniales,Geraniaceae,Erodium,0,0,0,1,0,0
Eschscholzia californica,Not Found,Unknown,Unknown,Plantae,Tracheophyta,Magnoliopsida,Ranunculales,Papaveraceae,Eschscholzia,0,0,1,0,0,0
Estigmene acrea,Not Found,Unknown,Unknown,Animalia,Arthropoda,Insecta,Lepidoptera,Erebidae,Estigmene,0,0,0,0,0,1
Eucalyptolyma maideni,Not Found,Unknown,Unknown,Animalia,Arthropoda,Insecta,Hemiptera,Aphalaridae,Eucalyptolyma,3,0,0,0,0,0
Eupeodes fumipennis,Not Found,Unknown,Unknown,Animalia,Arthropoda,Insecta,Diptera,Syrphidae,Eupeodes,0,1,0,0,0,0
Eupeodes volucris,Not Found,Unknown,Unknown,Animalia,Arthropoda,Insecta,Diptera,Syrphidae,Eupeodes,0,0,2,1,0,0
Euphagus cyanocephalus,Not Found,Unknown,Unknown,Animalia,Chordata,Aves,Passeriformes,Icteridae,Euphagus,1,2,0,1,0,0
Euphorbia hypericifolia,Not Found,Unknown,Unknown,Plantae,Tracheophyta,Magnoliopsida,Malpighiales,Euphorbiaceae,Euphorbia,1,0,0,0,0,0
Euphorbia maculata,Not Found,Unknown,Unknown,Plantae,Tracheophyta,Magnoliopsida,Malpighiales,Euphorbiaceae,Euphorbia,1,0,0,0,0,0
Euphorbia peplus,Not Found,Unknown,Unknown,Plantae,Tracheophyta,Magnoliopsida,Malpighiales,Euphorbiaceae,Euphorbia,2,0,0,0,0,0
Euphorbia terracina,Not Found,Unknown,Unknown,Plantae,Tracheophyta,Magnoliopsida,Malpighiales,Euphorbiaceae,Euphorbia,0,0,0,0,1,0
Eupteryx decemnotata,Not Found,Unknown,Unknown,Animalia,Arthropoda,Insecta,Hemiptera,Cicadellidae,Eupteryx,0,0,1,0,0,0
Falco columbarius,Not Found,Unknown,Unknown,Animalia,Chordata,Aves,Falconiformes,Falconidae,Falco,0,0,0,0,0,1
Falco peregrinus,Not Found,Unknown,Unknown,Animalia,Chordata,Aves,Falconiformes,Falconidae,Falco,0,0,2,0,0,0
Falco sparverius,Not Found,Unknown,Unknown,Animalia,Chordata,Aves,Falconiformes,Falconidae,Falco,0,0,1,1,1,0
Feralia februalis,Not Found,Unknown,Unknown,Animalia,Arthropoda,Insecta,Lepidoptera,Noctuidae,Feralia,0,0,1,0,0,0
Forficula dentata,Not Found,Unknown,Unknown,Animalia,Arthropoda,Insecta,Dermaptera,Forficulidae,Forficula,0,0,0,0,1,0
Fraxinus pennsylvanica,Not Found,Unknown,Unknown,Plantae,Tracheophyta,Magnoliopsida,Lamiales,Oleaceae,Fraxinus,1,0,0,0,0,0
Fulica americana,Not Found,Unknown,Unknown,Animalia,Chordata,Aves,Gruiformes,Rallidae,Fulica,3,4,3,1,1,3
Ganoderma resinaceum,Not Found,Unknown,Unknown,Fungi,Basidiomycota,Agaricomycetes,Polyporales,Polyporaceae,Ganoderma,0,0,0,1,0,1
Geothlypis trichas,Not Found,Unknown,Unknown,Animalia,Chordata,Aves,Passeriformes,Parulidae,Geothlypis,0,2,0,0,0,0
Gloeophyllum sepiarium,Not Found,Unknown,Unknown,Fungi,Basidiomycota,Agaricomycetes,Gloeophyllales,Gloeophyllaceae,Gloeophyllum,0,0,0,1,0,0
Glycaspis brimblecombei,Not Found,Unknown,Unknown,Animalia,Arthropoda,Insecta,Hemiptera,Aphalaridae,Glycaspis,1,0,0,0,0,0
Gosibius monicus,Not Found,Unknown,Unknown,Animalia,Arthropoda,Chilopoda,Lithobiomorpha,Lithobiidae,Gosibius,0,0,1,0,0,0
Gosodesmus claremontus,Not Found,Unknown,Unknown,Animalia,Arthropoda,Diplopoda,Platydesmida,Andrognathidae,Gosodesmus,0,0,0,0,1,0
Gryllodes sigillatus,Not Found,Unknown,Unknown,Animalia,Arthropoda,Insecta,Orthoptera,Gryllidae,Gryllodes,0,2,0,2,1,0
Gymnopilus luteofolius,Not Found,Unknown,Unknown,Fungi,Basidiomycota,Agaricomycetes,Agaricales,Hymenogastraceae,Gymnopilus,0,0,0,0,4,0
Gymnopilus ventricosus,Not Found,Unknown,Unknown,Fungi,Basidiomycota,Agaricomycetes,Agaricales,Hymenogastraceae,Gymnopilus,0,0,0,1,0,0
Habronattus pyrrithrix,Not Found,Unknown,Unknown,Animalia,Arthropoda,Arachnida,Araneae,Salticidae,Habronattus,0,0,0,0,0,1
Haemorhous mexicanus,Not Found,Unknown,Unknown,Animalia,Chordata,Aves,Passeriformes,Fringillidae,Haemorhous,3,8,8,5,3,3
Haemorhous purpureus,Not Found,Unknown,Unknown,Animalia,Chordata,Aves,Passeriformes,Fringillidae,Haemorhous,0,1,0,0,0,0
Haliaeetus leucocephalus,Not Found,Unknown,Unknown,Animalia,Chordata,Aves,Accipitriformes,Accipitridae,Haliaeetus,0,0,0,0,0,1
Halyomorpha halys,Not Found,Unknown,Unknown,Animalia,Arthropoda,Insecta,Hemiptera,Pentatomidae,Halyomorpha,0,1,0,0,0,1
Harmonia axyridis,Not Found,Unknown,Unknown,Animalia,Arthropoda,Insecta,Coleoptera,Coccinellidae,Harmonia,4,0,1,0,5,0
Hebeloma crustuliniforme,Not Found,Unknown,Unknown,Fungi,Basidiomycota,Agaricomycetes,Agaricales,Hymenogastraceae,Hebeloma,0,0,0,1,0,0
Helminthoglypta traskii,Not Found,Unknown,Unknown,Animalia,Mollusca,Gastropoda,Stylommatophora,Xanthonychidae,Helminthoglypta,0,0,0,0,1,0
Heteromeles arbutifolia,Not Found,Unknown,Unknown,Plantae,Tracheophyta,Magnoliopsida,Rosales,Rosaceae,Heteromeles,0,1,2,3,4,4
Hibana incursa,Not Found,Unknown,Unknown,Animalia,Arthropoda,Arachnida,Araneae,Anyphaenidae,Hibana,1,0,0,0,0,0
Hippodamia convergens,Not Found,Unknown,Unknown,Animalia,Arthropoda,Insecta,Coleoptera,Coccinellidae,Hippodamia,0,0,0,0,3,0
Homalodisca vitripennis,Not Found,Unknown,Unknown,Animalia,Arthropoda,Insecta,Hemiptera,Cicadellidae,Homalodisca,0,1,0,0,0,0
Hydriomena albifasciata,Not Found,Unknown,Unknown,Animalia,Arthropoda,Insecta,Lepidoptera,Geometridae,Hydriomena,0,0,2,0,0,0
Hydriomena nubilofasciata,Not Found,Unknown,Unknown,Animalia,Arthropoda,Insecta,Lepidoptera,Geometridae,Hydriomena,0,0,1,0,0,0
Hypholoma fasciculare,Not Found,Unknown,Unknown,Fungi,Basidiomycota,Agaricomycetes,Agaricales,Strophariaceae,Hypholoma,0,0,0,0,2,0
Icerya purchasi,Not Found,Unknown,Unknown,Animalia,Arthropoda,Insecta,Hemiptera,Margarodidae,Icerya,1,0,1,0,0,1
Icterus bullockii,Not Found,Unknown,Unknown,Animalia,Chordata,Aves,Passeriformes,Icteridae,Icterus,0,1,0,0,0,0
Incisitermes minor,Not Found,Unknown,Unknown,Animalia,Arthropoda,Insecta,Blattodea,Kalotermitidae,Incisitermes,0,0,1,0,0,1
Indotyphlops braminus,Not Found,Unknown,Unknown,Animalia,Chordata,Squamata,Unknown,Typhlopidae,Indotyphlops,0,0,1,0,0,0
Isocoma menziesii,Not Found,Unknown,Unknown,Plantae,Tracheophyta,Magnoliopsida,Asterales,Asteraceae,Isocoma,0,0,1,0,0,0
Jadera haematoloma,Not Found,Unknown,Unknown,Animalia,Arthropoda,Insecta,Hemiptera,Rhopalidae,Jadera,1,0,0,1,0,0
Junco hyemalis,Not Found,Unknown,Unknown,Animalia,Chordata,Aves,Passeriformes,Passerellidae,Junco,4,9,5,6,38,8
Junonia grisea,Not Found,Unknown,Unknown,Animalia,Arthropoda,Insecta,Lepidoptera,Nymphalidae,Junonia,0,0,0,0,2,0
Kniphofia uvaria,Not Found,Unknown,Unknown,Plantae,Tracheophyta,Liliopsida,Asparagales,Asphodelaceae,Kniphofia,0,0,0,0,1,0
Laccaria fraterna,Not Found,Unknown,Unknown,Fungi,Basidiomycota,Agaricomycetes,Agaricales,Hydnangiaceae,Laccaria,0,0,0,0,3,0
Lactarius alnicola,Not Found,Unknown,Unknown,Fungi,Basidiomycota,Agaricomycetes,Russulales,Russulaceae,Lactarius,0,0,0,2,3,0
Lactarius rufulus,Not Found,Unknown,Unknown,Fungi,Basidiomycota,Agaricomycetes,Russulales,Russulaceae,Lactarius,0,0,0,1,0,0
Laemostenus complanatus,Not Found,Unknown,Unknown,Animalia,Arthropoda,Insecta,Coleoptera,Carabidae,Laemostenus,1,0,0,0,0,0
Laetiporus gilbertsonii,Not Found,Unknown,Unknown,Fungi,Basidiomycota,Agaricomycetes,Polyporales,Laetiporaceae,Laetiporus,0,0,0,4,0,0
Lanius ludovicianus,Not Found,Unknown,Unknown,Animalia,Chordata,Aves,Passeriformes,Laniidae,Lanius,0,1,0,0,0,0
Lantanophaga pusillidactylus,Not Found,Unknown,Unknown,Animalia,Arthropoda,Insecta,Lepidoptera,Pterophoridae,Lantanophaga,2,0,0,0,0,0
Larus californicus,Not Found,Unknown,Unknown,Animalia,Chordata,Aves,Charadriiformes,Laridae,Larus,2,1,1,0,1,0
Larus delawarensis,Not Found,Unknown,Unknown,Animalia,Chordata,Aves,Charadriiformes,Laridae,Larus,2,0,0,0,0,0
Larus occidentalis,Not Found,Unknown,Unknown,Animalia,Chordata,Aves,Charadriiformes,Laridae,Larus,2,3,3,0,0,2
Latrodectus geometricus,Not Found,Unknown,Unknown,Animalia,Arthropoda,Arachnida,Araneae,Theridiidae,Latrodectus,1,0,2,1,0,0
Latrodectus hesperus,Not Found,Unknown,Unknown,Animalia,Arthropoda,Arachnida,Araneae,Theridiidae,Latrodectus,0,0,0,1,0,0
Lauria cylindracea,Not Found,Unknown,Unknown,Animalia,Mollusca,Gastropoda,Stylommatophora,Lauriidae,Lauria,0,0,0,0,1,0
Leiothlypis celata,Not Found,Unknown,Unknown,Animalia,Chordata,Aves,Passeriformes,Parulidae,Leiothlypis,1,10,4,2,1,0
Leiothlypis ruficapilla,Not Found,Unknown,Unknown,Animalia,Chordata,Aves,Passeriformes,Parulidae,Leiothlypis,0,1,0,0,0,0
Leocarpus fragilis,Not Found,Unknown,Unknown,Protozoa,Mycetozoa,Myxomycetes,Physarales,Physaraceae,Leocarpus,0,0,0,0,1,0
Lepidium didymum,Not Found,Unknown,Unknown,Plantae,Tracheophyta,Magnoliopsida,Brassicales,Brassicaceae,Lepidium,1,0,0,0,0,0
Leptotes marina,Not Found,Unknown,Unknown,Animalia,Arthropoda,Insecta,Lepidoptera,Lycaenidae,Leptotes,1,1,0,0,0,1
Leratiomyces ceres,Not Found,Unknown,Unknown,Fungi,Basidiomycota,Agaricomycetes,Agaricales,Strophariaceae,Leratiomyces,1,0,0,11,4,0
Ligustrum lucidum,Not Found,Unknown,Unknown,Plantae,Tracheophyta,Magnoliopsida,Lamiales,Oleaceae,Ligustrum,0,0,0,2,0,0
Limonium perezii,Not Found,Unknown,Unknown,Plantae,Tracheophyta,Magnoliopsida,Caryophyllales,Plumbaginaceae,Limonium,0,0,1,0,1,0
Linepithema humile,Not Found,Unknown,Unknown,Animalia,Arthropoda,Insecta,Hymenoptera,Formicidae,Linepithema,6,0,1,0,1,2
Liorhyssus hyalinus,Not Found,Unknown,Unknown,Animalia,Arthropoda,Insecta,Hemiptera,Rhopalidae,Liorhyssus,0,0,0,1,0,0
Lobularia maritima,Not Found,Unknown,Unknown,Plantae,Tracheophyta,Magnoliopsida,Brassicales,Brassicaceae,Lobularia,0,1,1,0,1,0
Lumbricus terrestris,Not Found,Unknown,Unknown,Animalia,Annelida,Clitellata,Crassiclitellata,Lumbricidae,Lumbricus,0,0,0,1,1,0
Lunularia cruciata,Not Found,Unknown,Unknown,Plantae,Marchantiophyta,Marchantiopsida,Lunulariales,Lunulariaceae,Lunularia,0,0,0,0,0,1
Malosma laurina,Not Found,Unknown,Unknown,Plantae,Tracheophyta,Magnoliopsida,Sapindales,Anacardiaceae,Malosma,0,0,1,0,1,1
Marah macrocarpa,Not Found,Unknown,Unknown,Plantae,Tracheophyta,Magnoliopsida,Cucurbitales,Cucurbitaceae,Marah,0,0,0,0,0,1
Mareca americana,Not Found,Unknown,Unknown,Animalia,Chordata,Aves,Anseriformes,Anatidae,Mareca,4,3,2,1,3,5
Mareca strepera,Not Found,Unknown,Unknown,Animalia,Chordata,Aves,Anseriformes,Anatidae,Mareca,1,0,0,0,0,0
Melanerpes formicivorus,Not Found,Unknown,Unknown,Animalia,Chordata,Aves,Piciformes,Picidae,Melanerpes,0,1,0,0,0,0
Melilotus indicus,Not Found,Unknown,Unknown,Plantae,Tracheophyta,Magnoliopsida,Fabales,Fabaceae,Melilotus,1,0,1,0,0,0
Melospiza lincolnii,Not Found,Unknown,Unknown,Animalia,Chordata,Aves,Passeriformes,Passerellidae,Melospiza,1,2,1,2,0,0
Melospiza melodia,Not Found,Unknown,Unknown,Animalia,Chordata,Aves,Passeriformes,Passerellidae,Melospiza,0,2,2,5,1,0
Melozone crissalis,Not Found,Unknown,Unknown,Animalia,Chordata,Aves,Passeriformes,Passerellidae,Melozone,1,1,1,5,0,3
Menemerus bivittatus,Not Found,Unknown,Unknown,Animalia,Arthropoda,Arachnida,Araneae,Salticidae,Menemerus,2,0,0,0,3,0
Microcentrum rhombifolium,Not Found,Unknown,Unknown,Animalia,Arthropoda,Insecta,Orthoptera,Tettigoniidae,Microcentrum,1,0,0,0,0,0
Microvelia californiensis,Not Found,Unknown,Unknown,Animalia,Arthropoda,Insecta,Hemiptera,Veliidae,Microvelia,0,0,0,1,0,0
Mimus polyglottos,Not Found,Unknown,Unknown,Animalia,Chordata,Aves,Passeriformes,Mimidae,Mimus,2,8,5,6,1,2
Mniotilta varia,Not Found,Unknown,Unknown,Animalia,Chordata,Aves,Passeriformes,Parulidae,Mniotilta,0,1,0,0,0,0
Modiola caroliniana,Not Found,Unknown,Unknown,Plantae,Tracheophyta,Magnoliopsida,Malvales,Malvaceae,Modiola,0,0,0,0,0,1
Molothrus ater,Not Found,Unknown,Unknown,Animalia,Chordata,Aves,Passeriformes,Icteridae,Molothrus,0,1,0,0,0,1
Mythimna unipuncta,Not Found,Unknown,Unknown,Animalia,Arthropoda,Insecta,Lepidoptera,Noctuidae,Mythimna,0,0,1,0,0,0
Myxarium nucleatum,Not Found,Unknown,Unknown,Fungi,Basidiomycota,Agaricomycetes,Auriculariales,Hyaloriaceae,Myxarium,0,0,0,0,3,0
Neotephritis finalis,Not Found,Unknown,Unknown,Animalia,Arthropoda,Insecta,Diptera,Tephritidae,Neotephritis,0,0,0,0,0,1
Neotoxoptera formosana,Not Found,Unknown,Unknown,Animalia,Arthropoda,Insecta,Hemiptera,Aphididae,Neotoxoptera,1,0,0,0,0,0
Nephus sordidus,Not Found,Unknown,Unknown,Animalia,Arthropoda,Insecta,Coleoptera,Coccinellidae,Nephus,1,0,0,0,0,0
Nicotiana glauca,Not Found,Unknown,Unknown,Plantae,Tracheophyta,Magnoliopsida,Solanales,Solanaceae,Nicotiana,1,0,0,0,0,0
Notonecta hoffmanni,Not Found,Unknown,Unknown,Animalia,Arthropoda,Insecta,Hemiptera,Notonectidae,Notonecta,0,0,0,1,0,0
Nycticorax nycticorax,Not Found,Unknown,Unknown,Animalia,Chordata,Aves,Pelecaniformes,Ardeidae,Nycticorax,1,0,0,0,0,1
Nyctunguis glendorus,Not Found,Unknown,Unknown,Animalia,Arthropoda,Chilopoda,Geophilomorpha,Schendylidae,Nyctunguis,0,0,1,0,0,0
Nymphalis antiopa,Not Found,Unknown,Unknown,Animalia,Arthropoda,Insecta,Lepidoptera,Nymphalidae,Nymphalis,5,1,1,2,7,5
Octolasion cyaneum,Not Found,Unknown,Unknown,Animalia,Annelida,Clitellata,Crassiclitellata,Lumbricidae,Octolasion,0,0,0,0,1,1
Olea europaea,Not Found,Unknown,Unknown,Plantae,Tracheophyta,Magnoliopsida,Lamiales,Oleaceae,Olea,0,0,0,0,1,0
Oligotoma nigra,Not Found,Unknown,Unknown,Animalia,Arthropoda,Insecta,Embioptera,Oligotomidae,Oligotoma,0,0,0,0,0,1
Oloptum miliaceum,Not Found,Unknown,Unknown,Plantae,Tracheophyta,Liliopsida,Poales,Poaceae,Oloptum,0,0,0,0,0,1
Omphalotus olivascens,Not Found,Unknown,Unknown,Fungi,Basidiomycota,Agaricomycetes,Agaricales,Omphalotaceae,Omphalotus,0,0,0,1,0,0
Oncopeltus fasciatus,Not Found,Unknown,Unknown,Animalia,Arthropoda,Insecta,Hemiptera,Lygaeidae,Oncopeltus,1,0,0,0,0,0
Onnia subtriquetra,Not Found,Unknown,Unknown,Fungi,Basidiomycota,Agaricomycetes,Hymenochaetales,Hymenochaetaceae,Onnia,0,0,0,0,0,1
Opuntia ficus-indica,Not Found,Unknown,Unknown,Plantae,Tracheophyta,Magnoliopsida,Caryophyllales,Cactaceae,Opuntia,0,0,0,1,0,0
Opuntia oricola,Not Found,Unknown,Unknown,Plantae,Tracheophyta,Magnoliopsida,Caryophyllales,Cactaceae,Opuntia,0,1,0,0,0,0
Orthosia behrensiana,Not Found,Unknown,Unknown,Animalia,Arthropoda,Insecta,Lepidoptera,Noctuidae,Orthosia,0,0,1,0,0,0
Orthosia erythrolita,Not Found,Unknown,Unknown,Animalia,Arthropoda,Insecta,Lepidoptera,Noctuidae,Orthosia,0,0,1,0,0,0
Orthosia pacifica,Not Found,Unknown,Unknown,Animalia,Arthropoda,Insecta,Lepidoptera,Noctuidae,Orthosia,0,0,2,0,0,0
Otospermophilus beecheyi,Not Found,Unknown,Unknown,Animalia,Chordata,Mammalia,Rodentia,Sciuridae,Otospermophilus,0,0,0,2,0,0
Oxalis articulata,Not Found,Unknown,Unknown,Plantae,Tracheophyta,Magnoliopsida,Oxalidales,Oxalidaceae,Oxalis,1,0,0,0,0,0
Oxalis corniculata,Not Found,Unknown,Unknown,Plantae,Tracheophyta,Magnoliopsida,Oxalidales,Oxalidaceae,Oxalis,0,0,0,0,0,1
Oxalis pes-caprae,Not Found,Unknown,Unknown,Plantae,Tracheophyta,Magnoliopsida,Oxalidales,Oxalidaceae,Oxalis,0,0,3,8,1,6
Oxycarenus hyalinipennis,Not Found,Unknown,Unknown,Animalia,Arthropoda,Insecta,Hemiptera,Oxycarenidae,Oxycarenus,1,0,0,0,0,0
Oxychilus draparnaudi,Not Found,Unknown,Unknown,Animalia,Mollusca,Gastropoda,Stylommatophora,Oxychilidae,Oxychilus,1,0,0,0,0,0
Ozognathus cornutus,Not Found,Unknown,Unknown,Animalia,Arthropoda,Insecta,Coleoptera,Anobiidae,Ozognathus,0,0,1,0,0,0
Pandion haliaetus,Not Found,Unknown,Unknown,Animalia,Chordata,Aves,Accipitriformes,Pandionidae,Pandion,3,1,0,1,1,0
Paralaoma servilis,Not Found,Unknown,Unknown,Animalia,Mollusca,Gastropoda,Stylommatophora,Punctidae,Paralaoma,1,0,0,0,0,0
Passer domesticus,Not Found,Unknown,Unknown,Animalia,Chordata,Aves,Passeriformes,Passeridae,Passer,2,0,1,1,0,2
Passerculus sandwichensis,Not Found,Unknown,Unknown,Animalia,Chordata,Aves,Passeriformes,Passerellidae,Passerculus,0,1,1,0,0,0
Passerella iliaca,Not Found,Unknown,Unknown,Animalia,Chordata,Aves,Passeriformes,Passerellidae,Passerella,0,0,0,1,0,0
Patagioenas fasciata,Not Found,Unknown,Unknown,Animalia,Chordata,Aves,Columbiformes,Columbidae,Patagioenas,1,1,0,0,0,1
Pelecanus erythrorhynchos,Not Found,Unknown,Unknown,Animalia,Chordata,Aves,Pelecaniformes,Pelecanidae,Pelecanus,1,0,0,0,0,0
Pellaea stictica,Not Found,Unknown,Unknown,Animalia,Arthropoda,Insecta,Hemiptera,Pentatomidae,Pellaea,0,0,0,1,0,2
Peniophora albobadia,Not Found,Unknown,Unknown,Fungi,Basidiomycota,Agaricomycetes,Russulales,Peniophoraceae,Peniophora,0,0,0,0,1,0
Peridroma saucia,Not Found,Unknown,Unknown,Animalia,Arthropoda,Insecta,Lepidoptera,Noctuidae,Peridroma,0,0,1,0,0,0
Periplaneta americana,Not Found,Unknown,Unknown,Animalia,Arthropoda,Insecta,Blattodea,Blattidae,Periplaneta,1,0,0,0,4,2
Pero macdunnoughi,Not Found,Unknown,Unknown,Animalia,Arthropoda,Insecta,Lepidoptera,Geometridae,Pero,0,0,1,0,0,0
Phainopepla nitens,Not Found,Unknown,Unknown,Animalia,Chordata,Aves,Passeriformes,Ptilogonatidae,Phainopepla,1,0,0,4,0,3
Phalacrocorax auritus,Not Found,Unknown,Unknown,Animalia,Chordata,Aves,Suliformes,Phalacrocoracidae,Phalacrocorax,0,1,0,0,0,0
Phallus hadriani,Not Found,Unknown,Unknown,Fungi,Basidiomycota,Agaricomycetes,Phallales,Phallaceae,Phallus,0,0,1,3,1,0
Pheidole navigans,Not Found,Unknown,Unknown,Animalia,Arthropoda,Insecta,Hymenoptera,Formicidae,Pheidole,1,0,0,0,2,0
Phidippus adumbratus,Not Found,Unknown,Unknown,Animalia,Arthropoda,Arachnida,Araneae,Salticidae,Phidippus,0,1,2,0,0,0
Phidippus audax,Not Found,Unknown,Unknown,Animalia,Arthropoda,Arachnida,Araneae,Salticidae,Phidippus,1,0,1,0,0,0
Phidippus johnsoni,Not Found,Unknown,Unknown,Animalia,Arthropoda,Arachnida,Araneae,Salticidae,Phidippus,0,0,0,0,0,1
Phoebis sennae,Not Found,Unknown,Unknown,Animalia,Arthropoda,Insecta,Lepidoptera,Pieridae,Phoebis,0,0,0,1,0,1
Phoenix canariensis,Not Found,Unknown,Unknown,Plantae,Tracheophyta,Liliopsida,Arecales,Arecaceae,Phoenix,0,1,0,0,0,0
Phyllocnistis citrella,Not Found,Unknown,Unknown,Animalia,Arthropoda,Insecta,Lepidoptera,Gracillariidae,Phyllocnistis,0,0,1,0,0,0
Phyllolabis myriosticta,Not Found,Unknown,Unknown,Animalia,Arthropoda,Insecta,Diptera,Limoniidae,Phyllolabis,0,0,1,0,0,0
Pieris rapae,Not Found,Unknown,Unknown,Animalia,Arthropoda,Insecta,Lepidoptera,Pieridae,Pieris,0,0,0,0,0,1
Pinus canariensis,Not Found,Unknown,Unknown,Plantae,Tracheophyta,Pinopsida,Pinales,Pinaceae,Pinus,0,0,0,1,0,0
Pipilo maculatus,Not Found,Unknown,Unknown,Animalia,Chordata,Aves,Passeriformes,Passerellidae,Pipilo,0,0,0,0,0,1
Piranga rubra,Not Found,Unknown,Unknown,Animalia,Chordata,Aves,Passeriformes,Cardinalidae,Piranga,0,0,0,1,0,0
Platanus racemosa,Not Found,Unknown,Unknown,Plantae,Tracheophyta,Magnoliopsida,Proteales,Platanaceae,Platanus,1,0,0,0,0,0
Platycorypha nigrivirga,Not Found,Unknown,Unknown,Animalia,Arthropoda,Insecta,Hemiptera,Psyllidae,Platycorypha,0,0,0,0,1,0
Plutella xylostella,Not Found,Unknown,Unknown,Animalia,Arthropoda,Insecta,Lepidoptera,Plutellidae,Plutella,1,0,0,0,0,0
Poecile gambeli,Not Found,Unknown,Unknown,Animalia,Chordata,Aves,Passeriformes,Paridae,Poecile,0,0,0,0,1,0
Pogonortalis doclea,Not Found,Unknown,Unknown,Animalia,Arthropoda,Insecta,Diptera,Platystomatidae,Pogonortalis,1,0,0,0,0,0
Polioptila caerulea,Not Found,Unknown,Unknown,Animalia,Chordata,Aves,Passeriformes,Polioptilidae,Polioptila,2,1,0,2,0,0
Polioptila californica,Not Found,Unknown,Unknown,Animalia,Chordata,Aves,Passeriformes,Polioptilidae,Polioptila,0,1,0,0,0,0
Polycarpon tetraphyllum,Not Found,Unknown,Unknown,Plantae,Tracheophyta,Magnoliopsida,Caryophyllales,Caryophyllaceae,Polycarpon,0,1,0,0,0,0
Polypogon viridis,Not Found,Unknown,Unknown,Plantae,Tracheophyta,Liliopsida,Poales,Poaceae,Polypogon,0,0,0,0,0,1
Prenolepis imparis,Not Found,Unknown,Unknown,Animalia,Arthropoda,Insecta,Hymenoptera,Formicidae,Prenolepis,0,0,0,0,0,1
Procyon lotor,Not Found,Unknown,Unknown,Animalia,Chordata,Mammalia,Carnivora,Procyonidae,Procyon,0,1,0,0,0,1
Psaltriparus minimus,Not Found,Unknown,Unknown,Animalia,Chordata,Aves,Passeriformes,Aegithalidae,Psaltriparus,2,2,3,2,1,2
Pseudognaphalium biolettii,Not Found,Unknown,Unknown,Plantae,Tracheophyta,Magnoliopsida,Asterales,Asteraceae,Pseudognaphalium,0,0,0,1,0,0
Psyllobora vigintimaculata,Not Found,Unknown,Unknown,Animalia,Arthropoda,Insecta,Coleoptera,Coccinellidae,Psyllobora,0,0,0,0,1,0
Pycnonotus jocosus,Not Found,Unknown,Unknown,Animalia,Chordata,Aves,Passeriformes,Pycnonotidae,Pycnonotus,1,0,1,0,0,0
Quercus agrifolia,Not Found,Unknown,Unknown,Plantae,Tracheophyta,Magnoliopsida,Fagales,Fagaceae,Quercus,0,0,0,0,1,0
Rattus rattus,Not Found,Unknown,Unknown,Animalia,Chordata,Mammalia,Rodentia,Muridae,Rattus,0,0,0,1,0,1
Regulus calendula,Not Found,Unknown,Unknown,Animalia,Chordata,Aves,Passeriformes,Regulidae,Regulus,3,9,3,1,0,4
Regulus satrapa,Not Found,Unknown,Unknown,Animalia,Chordata,Aves,Passeriformes,Regulidae,Regulus,1,1,0,0,0,0
Rhagio pollinosus,Not Found,Unknown,Unknown,Animalia,Arthropoda,Insecta,Diptera,Rhagionidae,Rhagio,0,0,1,0,0,0
Rhus ovata,Not Found,Unknown,Unknown,Plantae,Tracheophyta,Magnoliopsida,Sapindales,Anacardiaceae,Rhus,1,0,0,0,1,0
Ricinus communis,Not Found,Unknown,Unknown,Plantae,Tracheophyta,Magnoliopsida,Malpighiales,Euphorbiaceae,Ricinus,1,1,1,0,0,1
Rubus ursinus,Not Found,Unknown,Unknown,Plantae,Tracheophyta,Magnoliopsida,Rosales,Rosaceae,Rubus,0,0,0,0,1,0
Rumina decollata,Not Found,Unknown,Unknown,Animalia,Mollusca,Gastropoda,Stylommatophora,Achatinidae,Rumina,0,1,0,1,0,0
Sabulodes aegrotata,Not Found,Unknown,Unknown,Animalia,Arthropoda,Insecta,Lepidoptera,Geometridae,Sabulodes,1,0,0,0,0,0
Salsola australis,Not Found,Unknown,Unknown,Plantae,Tracheophyta,Magnoliopsida,Caryophyllales,Amaranthaceae,Salsola,0,0,0,1,0,0
Salvia involucrata,Not Found,Unknown,Unknown,Plantae,Tracheophyta,Magnoliopsida,Lamiales,Lamiaceae,Salvia,0,0,0,0,0,1
Salvia leucophylla,Not Found,Unknown,Unknown,Plantae,Tracheophyta,Magnoliopsida,Lamiales,Lamiaceae,Salvia,1,0,1,0,0,0
Sassacus vitis,Not Found,Unknown,Unknown,Animalia,Arthropoda,Arachnida,Araneae,Salticidae,Sassacus,2,0,1,0,1,0
Sayornis nigricans,Not Found,Unknown,Unknown,Animalia,Chordata,Aves,Passeriformes,Tyrannidae,Sayornis,6,12,8,4,5,8
Sayornis saya,Not Found,Unknown,Unknown,Animalia,Chordata,Aves,Passeriformes,Tyrannidae,Sayornis,4,4,0,1,1,1
Sceloporus occidentalis,Not Found,Unknown,Unknown,Animalia,Chordata,Squamata,Unknown,Phrynosomatidae,Sceloporus,0,1,0,2,0,1
Schinus molle,Not Found,Unknown,Unknown,Plantae,Tracheophyta,Magnoliopsida,Sapindales,Anacardiaceae,Schinus,0,1,0,0,0,1
Schinus terebinthifolia,Not Found,Unknown,Unknown,Plantae,Tracheophyta,Magnoliopsida,Sapindales,Anacardiaceae,Schinus,0,0,0,0,1,0
Schistocerca nitens,Not Found,Unknown,Unknown,Animalia,Arthropoda,Insecta,Orthoptera,Acrididae,Schistocerca,1,1,0,0,1,0
Schizophyllum commune,Not Found,Unknown,Unknown,Fungi,Basidiomycota,Agaricomycetes,Agaricales,Schizophyllaceae,Schizophyllum,0,0,0,2,3,0
Sciurus niger,Not Found,Unknown,Unknown,Animalia,Chordata,Mammalia,Rodentia,Sciuridae,Sciurus,5,4,3,10,5,6
Scleroderma polyrhizum,Not Found,Unknown,Unknown,Fungi,Basidiomycota,Agaricomycetes,Boletales,Sclerodermataceae,Scleroderma,0,0,1,0,0,0
Scudderia mexicana,Not Found,Unknown,Unknown,Animalia,Arthropoda,Insecta,Orthoptera,Tettigoniidae,Scudderia,0,0,0,0,1,0
Scutigera coleoptrata,Not Found,Unknown,Unknown,Animalia,Arthropoda,Chilopoda,Scutigeromorpha,Scutigeridae,Scutigera,1,0,0,0,0,0
Sedum album,Not Found,Unknown,Unknown,Plantae,Tracheophyta,Magnoliopsida,Saxifragales,Crassulaceae,Sedum,0,0,0,0,1,0
Selasphorus sasin,Not Found,Unknown,Unknown,Animalia,Chordata,Aves,Apodiformes,Trochilidae,Selasphorus,5,8,9,6,3,5
Serinus canaria,Not Found,Unknown,Unknown,Animalia,Chordata,Aves,Passeriformes,Fringillidae,Serinus,0,0,1,0,0,0
Setophaga auduboni,Not Found,Unknown,Unknown,Animalia,Chordata,Aves,Passeriformes,Parulidae,Setophaga,0,5,1,0,0,1
Setophaga coronata,Not Found,Unknown,Unknown,Animalia,Chordata,Aves,Passeriformes,Parulidae,Setophaga,8,13,5,10,3,2
Setophaga nigrescens,Not Found,Unknown,Unknown,Animalia,Chordata,Aves,Passeriformes,Parulidae,Setophaga,2,2,1,0,0,0
Setophaga occidentalis,Not Found,Unknown,Unknown,Animalia,Chordata,Aves,Passeriformes,Parulidae,Setophaga,1,2,0,0,0,0
Setophaga townsendi,Not Found,Unknown,Unknown,Animalia,Chordata,Aves,Passeriformes,Parulidae,Setophaga,2,12,3,5,1,0
Sialia mexicana,Not Found,Unknown,Unknown,Animalia,Chordata,Aves,Passeriformes,Turdidae,Sialia,3,4,1,2,1,3
Silybum marianum,Not Found,Unknown,Unknown,Plantae,Tracheophyta,Magnoliopsida,Asterales,Asteraceae,Silybum,0,0,1,0,1,0
Siphanta acuta,Not Found,Unknown,Unknown,Animalia,Arthropoda,Insecta,Hemiptera,Flatidae,Siphanta,0,0,1,0,1,1
Sitona hispidulus,Not Found,Unknown,Unknown,Animalia,Arthropoda,Insecta,Coleoptera,Curculionidae,Sitona,0,0,0,1,0,0
Sitta canadensis,Not Found,Unknown,Unknown,Animalia,Chordata,Aves,Passeriformes,Sittidae,Sitta,2,0,0,0,1,0
Sitta carolinensis,Not Found,Unknown,Unknown,Animalia,Chordata,Aves,Passeriformes,Sittidae,Sitta,0,2,0,0,0,0
Solanum douglasii,Not Found,Unknown,Unknown,Plantae,Tracheophyta,Magnoliopsida,Solanales,Solanaceae,Solanum,0,0,0,0,0,1
Solanum mauritianum,Not Found,Unknown,Unknown,Plantae,Tracheophyta,Magnoliopsida,Solanales,Solanaceae,Solanum,0,0,0,0,1,0
Solanum nigrum,Not Found,Unknown,Unknown,Plantae,Tracheophyta,Magnoliopsida,Solanales,Solanaceae,Solanum,0,0,0,1,0,0
Sonchus asper,Not Found,Unknown,Unknown,Plantae,Tracheophyta,Magnoliopsida,Asterales,Asteraceae,Sonchus,1,0,0,0,0,0
Sonchus oleraceus,Not Found,Unknown,Unknown,Plantae,Tracheophyta,Magnoliopsida,Asterales,Asteraceae,Sonchus,1,0,0,0,0,0
Sophonia orientalis,Not Found,Unknown,Unknown,Animalia,Arthropoda,Insecta,Hemiptera,Cicadellidae,Sophonia,1,0,0,0,0,1
Spinus pinus,Not Found,Unknown,Unknown,Animalia,Chordata,Aves,Passeriformes,Fringillidae,Spinus,0,1,0,0,0,0
Spinus psaltria,Not Found,Unknown,Unknown,Animalia,Chordata,Aves,Passeriformes,Fringillidae,Spinus,10,9,6,7,0,4
Spinus tristis,Not Found,Unknown,Unknown,Animalia,Chordata,Aves,Passeriformes,Fringillidae,Spinus,1,0,0,2,0,0
Spizella pallida,Not Found,Unknown,Unknown,Animalia,Chordata,Aves,Passeriformes,Passerellidae,Spizella,0,1,0,0,0,0
Spizella passerina,Not Found,Unknown,Unknown,Animalia,Chordata,Aves,Passeriformes,Passerellidae,Spizella,0,2,1,0,0,0
Spodoptera ornithogalli,Not Found,Unknown,Unknown,Animalia,Arthropoda,Insecta,Lepidoptera,Noctuidae,Spodoptera,0,0,1,0,0,0
Sporobolus airoides,Not Found,Unknown,Unknown,Plantae,Tracheophyta,Liliopsida,Poales,Poaceae,Sporobolus,0,0,0,0,1,0
Stagmomantis limbata,Not Found,Unknown,Unknown,Animalia,Arthropoda,Insecta,Mantodea,Mantidae,Stagmomantis,1,0,0,0,0,1
Stamnodes affiliata,Not Found,Unknown,Unknown,Animalia,Arthropoda,Insecta,Lepidoptera,Geometridae,Stamnodes,0,0,1,0,0,1
Stamnodes albiapicata,Not Found,Unknown,Unknown,Animalia,Arthropoda,Insecta,Lepidoptera,Geometridae,Stamnodes,0,0,1,0,0,0
Stamnodes annellata,Not Found,Unknown,Unknown,Animalia,Arthropoda,Insecta,Lepidoptera,Geometridae,Stamnodes,0,0,2,0,0,0
Steatoda grossa,Not Found,Unknown,Unknown,Animalia,Arthropoda,Arachnida,Araneae,Theridiidae,Steatoda,1,0,0,0,0,0
Steatoda nobilis,Not Found,Unknown,Unknown,Animalia,Arthropoda,Arachnida,Araneae,Theridiidae,Steatoda,2,0,0,0,3,0
Stereum hirsutum,Not Found,Unknown,Unknown,Fungi,Basidiomycota,Agaricomycetes,Russulales,Stereaceae,Stereum,0,0,0,1,0,0
Stigmella braunella,Not Found,Unknown,Unknown,Animalia,Arthropoda,Insecta,Lepidoptera,Nepticulidae,Stigmella,1,0,0,0,0,0
Streptopelia decaocto,Not Found,Unknown,Unknown,Animalia,Chordata,Aves,Columbiformes,Columbidae,Streptopelia,0,0,0,0,1,0
Sturnella neglecta,Not Found,Unknown,Unknown,Animalia,Chordata,Aves,Passeriformes,Icteridae,Sturnella,0,0,0,0,0,1
Sturnus vulgaris,Not Found,Unknown,Unknown,Animalia,Chordata,Aves,Passeriformes,Sturnidae,Sturnus,0,1,2,1,0,3
Suillus pungens,Not Found,Unknown,Unknown,Fungi,Basidiomycota,Agaricomycetes,Boletales,Suillaceae,Suillus,0,0,0,1,0,0
Supella longipalpa,Not Found,Unknown,Unknown,Animalia,Arthropoda,Insecta,Blattodea,Ectobiidae,Supella,0,0,0,0,1,0
Sylvilagus audubonii,Not Found,Unknown,Unknown,Animalia,Chordata,Mammalia,Lagomorpha,Leporidae,Sylvilagus,2,1,2,3,1,0
Sympetrum corruptum,Not Found,Unknown,Unknown,Animalia,Arthropoda,Insecta,Odonata,Libellulidae,Sympetrum,0,0,1,0,0,1
Tamalia coweni,Not Found,Unknown,Unknown,Animalia,Arthropoda,Insecta,Hemiptera,Aphididae,Tamalia,0,0,0,0,0,1
Taraxacum officinale,Not Found,Unknown,Unknown,Plantae,Tracheophyta,Magnoliopsida,Asterales,Asteraceae,Taraxacum,0,0,2,0,0,3
Thermobia domestica,Not Found,Unknown,Unknown,Animalia,Arthropoda,Insecta,Zygentoma,Lepismatidae,Thermobia,1,0,0,0,0,0
Thomomys bottae,Not Found,Unknown,Unknown,Animalia,Chordata,Mammalia,Rodentia,Geomyidae,Thomomys,1,0,1,0,2,1
Thryomanes bewickii,Not Found,Unknown,Unknown,Animalia,Chordata,Aves,Passeriformes,Troglodytidae,Thryomanes,1,0,2,0,1,3
Toxicodendron diversilobum,Not Found,Unknown,Unknown,Plantae,Tracheophyta,Magnoliopsida,Sapindales,Anacardiaceae,Toxicodendron,0,0,0,1,1,0
Trachemys scripta,Not Found,Unknown,Unknown,Animalia,Chordata,Testudines,Unknown,Emydidae,Trachemys,1,2,3,1,2,3
Trametes versicolor,Not Found,Unknown,Unknown,Fungi,Basidiomycota,Agaricomycetes,Polyporales,Polyporaceae,Trametes,0,0,0,1,0,0
Tremella mesenterica,Not Found,Unknown,Unknown,Fungi,Basidiomycota,Tremellomycetes,Tremellales,Tremellaceae,Tremella,0,0,0,1,0,0
Trichoderma hispanicum,Not Found,Unknown,Unknown,Fungi,Ascomycota,Sordariomycetes,Hypocreales,Hypocreaceae,Trichoderma,0,0,1,0,0,0
Tricholoma fracticum,Not Found,Unknown,Unknown,Fungi,Basidiomycota,Agaricomycetes,Agaricales,Tricholomataceae,Tricholoma,0,0,1,0,3,0
Tricholoma terreum,Not Found,Unknown,Unknown,Fungi,Basidiomycota,Agaricomycetes,Agaricales,Tricholomataceae,Tricholoma,0,0,0,0,3,0
Tringa melanoleuca,Not Found,Unknown,Unknown,Animalia,Chordata,Aves,Charadriiformes,Scolopacidae,Tringa,0,1,0,0,0,0
Troglodytes aedon,Not Found,Unknown,Unknown,Animalia,Chordata,Aves,Passeriformes,Troglodytidae,Troglodytes,0,1,0,0,0,0
Tropaeolum majus,Not Found,Unknown,Unknown,Plantae,Tracheophyta,Magnoliopsida,Brassicales,Tropaeolaceae,Tropaeolum,0,0,0,0,0,1
Tubaria furfuracea,Not Found,Unknown,Unknown,Fungi,Basidiomycota,Agaricomycetes,Agaricales,Tubariaceae,Tubaria,0,0,0,3,3,0
Turdus migratorius,Not Found,Unknown,Unknown,Animalia,Chordata,Aves,Passeriformes,Turdidae,Turdus,1,1,0,4,0,0
Tyrannus vociferans,Not Found,Unknown,Unknown,Animalia,Chordata,Aves,Passeriformes,Tyrannidae,Tyrannus,1,6,6,2,0,1
Tyto furcata,Not Found,Unknown,Unknown,Animalia,Chordata,Aves,Strigiformes,Tytonidae,Tyto,0,0,0,0,1,0
Unknown,Not Found,Unknown,Unknown,Unknown,Unknown,Unknown,Unknown,Unknown,Unknown,13,3,6,17,14,9
Urtica urens,Not Found,Unknown,Unknown,Plantae,Tracheophyta,Magnoliopsida,Rosales,Urticaceae,Urtica,0,1,0,0,0,0
Vanessa annabella,Not Found,Unknown,Unknown,Animalia,Arthropoda,Insecta,Lepidoptera,Nymphalidae,Vanessa,0,0,1,0,0,0
Vanessa atalanta,Not Found,Unknown,Unknown,Animalia,Arthropoda,Insecta,Lepidoptera,Nymphalidae,Vanessa,0,0,0,0,1,0
Vanessa cardui,Not Found,Unknown,Unknown,Animalia,Arthropoda,Insecta,Lepidoptera,Nymphalidae,Vanessa,0,0,0,2,0,0
Vespula pensylvanica,Not Found,Unknown,Unknown,Animalia,Arthropoda,Insecta,Hymenoptera,Vespidae,Vespula,0,0,1,0,0,2
Vidua macroura,Not Found,Unknown,Unknown,Animalia,Chordata,Aves,Passeriformes,Viduidae,Vidua,0,1,0,0,0,0
Vinca major,Not Found,Unknown,Unknown,Plantae,Tracheophyta,Magnoliopsida,Gentianales,Apocynaceae,Vinca,2,0,1,2,0,0
Vireo huttoni,Not Found,Unknown,Unknown,Animalia,Chordata,Aves,Passeriformes,Vireonidae,Vireo,1,1,1,0,0,0
Vireo plumbeus,Not Found,Unknown,Unknown,Animalia,Chordata,Aves,Passeriformes,Vireonidae,Vireo,0,2,0,0,0,0
Volvopluteus gloiocephalus,Not Found,Unknown,Unknown,Fungi,Basidiomycota,Agaricomycetes,Agaricales,Pluteaceae,Volvopluteus,0,0,0,0,0,1
Xerasia grisescens,Not Found,Unknown,Unknown,Animalia,Arthropoda,Insecta,Coleoptera,Byturidae,Xerasia,0,0,1,0,0,0
Zelus renardii,Not Found,Unknown,Unknown,Animalia,Arthropoda,Insecta,Hemiptera,Reduviidae,Zelus,0,0,0,0,0,1
Zenaida macroura,Not Found,Unknown,Unknown,Animalia,Chordata,Aves,Columbiformes,Columbidae,Zenaida,2,9,3,4,5,2
Zonotrichia albicollis,Not Found,Unknown,Unknown,Animalia,Chordata,Aves,Passeriformes,Passerellidae,Zonotrichia,0,1,0,0,0,0
Zonotrichia atricapilla,Not Found,Unknown,Unknown,Animalia,Chordata,Aves,Passeriformes,Passerellidae,Zonotrichia,0,0,1,1,0,1
Zonotrichia leucophrys,Not Found,Unknown,Unknown,Animalia,Chordata,Aves,Passeriformes,Passerellidae,Zonotrichia,4,6,10,2,3,6
Zosterops simplex,Not Found,Unknown,Unknown,Animalia,Chordata,Aves,Passeriformes,Zosteropidae,Zosterops,0,1,0,0,0,0
