Species Name,Assessment ID,Red List Category,Population Trend,Kingdom,Phylum,Class,Order,Family,Genus,2020,2021,2022,2023,2024,2025
Abronia maritima,Not Found,Unknown,Unknown,Plantae,Tracheophyta,Magnoliopsida,Caryophyllales,Nyctaginaceae,Abronia,0,0,0,0,0,1
Acacia baileyana,Not Found,Unknown,Unknown,Plantae,Tracheophyta,Magnoliopsida,Fabales,Fabaceae,Acacia,0,0,0,0,1,0
Acacia cyclops,Not Found,Unknown,Unknown,Plantae,Tracheophyta,Magnoliopsida,Fabales,Fabaceae,Acacia,1,0,0,0,0,1
Acacia longifolia,Not Found,Unknown,Unknown,Plantae,Tracheophyta,Magnoliopsida,Fabales,Fabaceae,Acacia,0,1,0,0,2,0
Accipiter striatus,Not Found,Unknown,Unknown,Animalia,Chordata,Aves,Accipitriformes,Accipitridae,Accipiter,1,0,0,0,0,0
Acmispon glaber,Not Found,Unknown,Unknown,Plantae,Tracheophyta,Magnoliopsida,Fabales,Fabaceae,Acmispon,1,0,0,0,0,0
Actitis macularius,Not Found,Unknown,Unknown,Animalia,Chordata,Aves,Charadriiformes,Scolopacidae,Actitis,0,1,0,0,0,0
Aechmophorus clarkii,Not Found,Unknown,Unknown,Animalia,Chordata,Aves,Podicipediformes,Podicipedidae,Aechmophorus,0,0,0,0,1,0
Aechmophorus occidentalis,Not Found,Unknown,Unknown,Animalia,Chordata,Aves,Podicipediformes,Podicipedidae,Aechmophorus,2,0,1,0,2,1
Aeronautes saxatalis,188786704,Least Concern,Decreasing,Animalia,Chordata,Aves,Apodiformes,Apodidae,Aeronautes,0,0,0,1,0,1
Agelaius phoeniceus,Not Found,Unknown,Unknown,Animalia,Chordata,Aves,Passeriformes,Icteridae,Agelaius,0,4,1,5,6,1
Agelaius tricolor,Not Found,Unknown,Unknown,Animalia,Chordata,Aves,Passeriformes,Icteridae,Agelaius,1,0,0,0,0,0
Agrocybe pediades,Not Found,Unknown,Unknown,Fungi,Basidiomycota,Agaricomycetes,Agaricales,Strophariaceae,Agrocybe,0,0,0,0,1,0
Alopochen aegyptiaca,Not Found,Unknown,Unknown,Animalia,Chordata,Aves,Anseriformes,Anatidae,Alopochen,0,0,1,0,0,1
Ambrosia chamissonis,Not Found,Unknown,Unknown,Plantae,Tracheophyta,Magnoliopsida,Asterales,Asteraceae,Ambrosia,0,0,1,1,0,0
Anas acuta,Not Found,Unknown,Unknown,Animalia,Chordata,Aves,Anseriformes,Anatidae,Anas,2,0,1,1,0,1
Anas carolinensis,Not Found,Unknown,Unknown,Animalia,Chordata,Aves,Anseriformes,Anatidae,Anas,1,0,0,1,0,0
Anas crecca,Not Found,Unknown,Unknown,Animalia,Chordata,Aves,Anseriformes,Anatidae,Anas,1,1,1,1,0,0
Anas platyrhynchos,Not Found,Unknown,Unknown,Animalia,Chordata,Aves,Anseriformes,Anatidae,Anas,10,1,4,2,6,1
Anniella stebbinsi,Not Found,Unknown,Unknown,Animalia,Chordata,Squamata,Unknown,Anguidae,Anniella,1,0,0,0,0,0
Anser albifrons,Not Found,Unknown,Unknown,Animalia,Chordata,Aves,Anseriformes,Anatidae,Anser,0,0,1,1,0,0
Anser caerulescens,Not Found,Unknown,Unknown,Animalia,Chordata,Aves,Anseriformes,Anatidae,Anser,1,0,0,0,0,0
Anthopleura sola,Not Found,Unknown,Unknown,Animalia,Cnidaria,Anthozoa,Actiniaria,Actiniidae,Anthopleura,1,0,0,0,3,0
Anthus rubescens,Not Found,Unknown,Unknown,Animalia,Chordata,Aves,Passeriformes,Motacillidae,Anthus,0,4,1,1,0,1
Aphelocoma californica,Not Found,Unknown,Unknown,Animalia,Chordata,Aves,Passeriformes,Corvidae,Aphelocoma,1,0,0,0,1,3
Apis mellifera,Not Found,Unknown,Unknown,Animalia,Arthropoda,Insecta,Hymenoptera,Apidae,Apis,1,0,3,4,0,1
Aplysia vaccaria,Not Found,Unknown,Unknown,Animalia,Mollusca,Gastropoda,Aplysiida,Aplysiidae,Aplysia,0,0,0,0,0,1
Aratinga mitrata,Not Found,Unknown,Unknown,Animalia,Chordata,Aves,Psittaciformes,Psittacidae,Aratinga,1,2,0,0,0,1
Ardea alba,Not Found,Unknown,Unknown,Animalia,Chordata,Aves,Pelecaniformes,Ardeidae,Ardea,3,4,3,5,0,1
Ardea herodias,Not Found,Unknown,Unknown,Animalia,Chordata,Aves,Pelecaniformes,Ardeidae,Ardea,2,3,1,1,0,1
Arenaria interpres,Not Found,Unknown,Unknown,Animalia,Chordata,Aves,Charadriiformes,Scolopacidae,Arenaria,0,0,0,0,1,0
Arenaria melanocephala,Not Found,Unknown,Unknown,Animalia,Chordata,Aves,Charadriiformes,Scolopacidae,Arenaria,0,0,0,1,1,1
Argopecten ventricosus,Not Found,Unknown,Unknown,Animalia,Mollusca,Bivalvia,Pectinida,Pectinidae,Argopecten,0,0,1,0,0,0
Armadillidium vulgare,Not Found,Unknown,Unknown,Animalia,Arthropoda,Malacostraca,Isopoda,Armadillidiidae,Armadillidium,0,1,0,0,1,0
Armillaria mellea,Not Found,Unknown,Unknown,Fungi,Basidiomycota,Agaricomycetes,Agaricales,Physalacriaceae,Armillaria,0,0,0,1,0,0
Artemisia californica,Not Found,Unknown,Unknown,Plantae,Tracheophyta,Magnoliopsida,Asterales,Asteraceae,Artemisia,0,1,1,1,0,0
Artemisia douglasiana,Not Found,Unknown,Unknown,Plantae,Tracheophyta,Magnoliopsida,Asterales,Asteraceae,Artemisia,0,0,0,0,0,1
Asparagus aethiopicus,Not Found,Unknown,Unknown,Plantae,Tracheophyta,Liliopsida,Asparagales,Asparagaceae,Asparagus,0,0,0,0,1,0
Athene cunicularia,Not Found,Unknown,Unknown,Animalia,Chordata,Aves,Strigiformes,Strigidae,Athene,0,0,0,0,0,3
Aythya affinis,Not Found,Unknown,Unknown,Animalia,Chordata,Aves,Anseriformes,Anatidae,Aythya,2,0,4,4,1,1
Aythya americana,Not Found,Unknown,Unknown,Animalia,Chordata,Aves,Anseriformes,Anatidae,Aythya,0,0,1,1,3,0
Aythya collaris,Not Found,Unknown,Unknown,Animalia,Chordata,Aves,Anseriformes,Anatidae,Aythya,0,1,0,3,0,1
Aythya marila,Not Found,Unknown,Unknown,Animalia,Chordata,Aves,Anseriformes,Anatidae,Aythya,0,1,1,1,0,0
Baccharis pilularis,Not Found,Unknown,Unknown,Plantae,Tracheophyta,Magnoliopsida,Asterales,Asteraceae,Baccharis,0,2,1,1,1,2
Baccharis salicifolia,Not Found,Unknown,Unknown,Plantae,Tracheophyta,Magnoliopsida,Asterales,Asteraceae,Baccharis,0,2,0,1,1,3
Batrachoseps nigriventris,Not Found,Unknown,Unknown,Animalia,Chordata,Amphibia,Caudata,Plethodontidae,Batrachoseps,0,1,0,0,0,0
Bellis perennis,Not Found,Unknown,Unknown,Plantae,Tracheophyta,Magnoliopsida,Asterales,Asteraceae,Bellis,1,0,0,0,0,0
Blepharipoda occidentalis,Not Found,Unknown,Unknown,Animalia,Arthropoda,Malacostraca,Decapoda,Blepharipodidae,Blepharipoda,0,0,0,0,1,0
Bombus melanopygus,Not Found,Unknown,Unknown,Animalia,Arthropoda,Insecta,Hymenoptera,Apidae,Bombus,0,1,0,0,3,0
Bombus vosnesenskii,Not Found,Unknown,Unknown,Animalia,Arthropoda,Insecta,Hymenoptera,Apidae,Bombus,0,0,0,0,1,0
Bombycilla cedrorum,Not Found,Unknown,Unknown,Animalia,Chordata,Aves,Passeriformes,Bombycillidae,Bombycilla,4,1,2,8,0,2
Borago officinalis,Not Found,Unknown,Unknown,Plantae,Tracheophyta,Magnoliopsida,Boraginales,Boraginaceae,Borago,1,0,0,0,0,0
Botaurus lentiginosus,Not Found,Unknown,Unknown,Animalia,Chordata,Aves,Pelecaniformes,Ardeidae,Botaurus,2,0,0,0,0,0
Branta canadensis,Not Found,Unknown,Unknown,Animalia,Chordata,Aves,Anseriformes,Anatidae,Branta,2,4,3,3,4,3
Bubo virginianus,Not Found,Unknown,Unknown,Animalia,Chordata,Aves,Strigiformes,Strigidae,Bubo,0,0,0,0,0,1
Bucephala albeola,Not Found,Unknown,Unknown,Animalia,Chordata,Aves,Anseriformes,Anatidae,Bucephala,4,4,5,5,3,3
Bulla gouldiana,Not Found,Unknown,Unknown,Animalia,Mollusca,Gastropoda,Cephalaspidea,Bullidae,Bulla,0,0,0,1,0,0
Buteo jamaicensis,Not Found,Unknown,Unknown,Animalia,Chordata,Aves,Accipitriformes,Accipitridae,Buteo,5,5,8,9,8,7
Buteo lineatus,Not Found,Unknown,Unknown,Animalia,Chordata,Aves,Accipitriformes,Accipitridae,Buteo,0,1,0,1,3,0
Cakile maritima,Not Found,Unknown,Unknown,Plantae,Tracheophyta,Magnoliopsida,Brassicales,Brassicaceae,Cakile,0,0,0,1,1,0
Calidris alba,Not Found,Unknown,Unknown,Animalia,Chordata,Aves,Charadriiformes,Scolopacidae,Calidris,1,1,6,4,5,2
Calidris canutus,Not Found,Unknown,Unknown,Animalia,Chordata,Aves,Charadriiformes,Scolopacidae,Calidris,0,0,1,0,0,0
Calidris mauri,Not Found,Unknown,Unknown,Animalia,Chordata,Aves,Charadriiformes,Scolopacidae,Calidris,1,0,0,0,2,1
Calidris minutilla,Not Found,Unknown,Unknown,Animalia,Chordata,Aves,Charadriiformes,Scolopacidae,Calidris,0,1,0,1,4,0
Calidris virgata,Not Found,Unknown,Unknown,Animalia,Chordata,Aves,Charadriiformes,Scolopacidae,Calidris,0,0,0,1,1,0
Calypte anna,Not Found,Unknown,Unknown,Animalia,Chordata,Aves,Apodiformes,Trochilidae,Calypte,2,6,1,4,0,5
Camissoniopsis cheiranthifolia,Not Found,Unknown,Unknown,Plantae,Tracheophyta,Magnoliopsida,Myrtales,Onagraceae,Camissoniopsis,0,0,1,1,1,0
Canis latrans,Not Found,Unknown,Unknown,Animalia,Chordata,Mammalia,Carnivora,Canidae,Canis,0,0,1,0,0,0
Cardellina pusilla,Not Found,Unknown,Unknown,Animalia,Chordata,Aves,Passeriformes,Parulidae,Cardellina,0,0,2,0,0,0
Carpobrotus chilensis,Not Found,Unknown,Unknown,Plantae,Tracheophyta,Magnoliopsida,Caryophyllales,Aizoaceae,Carpobrotus,0,0,0,1,0,0
Catharus guttatus,Not Found,Unknown,Unknown,Animalia,Chordata,Aves,Passeriformes,Turdidae,Catharus,0,3,1,0,0,2
Caudina arenicola,Not Found,Unknown,Unknown,Animalia,Echinodermata,Holothuroidea,Molpadida,Caudinidae,Caudina,0,2,0,1,6,0
Centaurea melitensis,Not Found,Unknown,Unknown,Plantae,Tracheophyta,Magnoliopsida,Asterales,Asteraceae,Centaurea,1,0,0,0,0,0
Ceratitis capitata,Not Found,Unknown,Unknown,Animalia,Arthropoda,Insecta,Diptera,Tephritidae,Ceratitis,0,0,1,0,0,0
Cerithideopsis californica,Not Found,Unknown,Unknown,Animalia,Mollusca,Gastropoda,Unknown,Potamididae,Cerithideopsis,0,0,1,0,0,1
Charadrius semipalmatus,Not Found,Unknown,Unknown,Animalia,Chordata,Aves,Charadriiformes,Charadriidae,Charadrius,0,0,1,0,1,0
Charadrius vociferus,Not Found,Unknown,Unknown,Animalia,Chordata,Aves,Charadriiformes,Charadriidae,Charadrius,0,1,1,0,0,0
Chroicocephalus philadelphia,Not Found,Unknown,Unknown,Animalia,Chordata,Aves,Charadriiformes,Laridae,Chroicocephalus,0,1,0,0,0,0
Circus cyaneus,Not Found,Unknown,Unknown,Animalia,Chordata,Aves,Accipitriformes,Accipitridae,Circus,1,7,2,5,0,0
Cistothorus palustris,Not Found,Unknown,Unknown,Animalia,Chordata,Aves,Passeriformes,Troglodytidae,Cistothorus,0,0,0,0,1,0
Clangula hyemalis,Not Found,Unknown,Unknown,Animalia,Chordata,Aves,Anseriformes,Anatidae,Clangula,0,0,0,0,1,0
Cleomella arborea,Not Found,Unknown,Unknown,Plantae,Tracheophyta,Magnoliopsida,Brassicales,Cleomaceae,Cleomella,0,0,0,2,0,0
Cochlicella barbara,Not Found,Unknown,Unknown,Animalia,Mollusca,Gastropoda,Stylommatophora,Geomitridae,Cochlicella,0,0,0,1,0,0
Colaptes auratus,Not Found,Unknown,Unknown,Animalia,Chordata,Aves,Piciformes,Picidae,Colaptes,0,2,2,5,2,2
Columba livia,Not Found,Unknown,Unknown,Animalia,Chordata,Aves,Columbiformes,Columbidae,Columba,12,1,4,5,0,1
Commelina benghalensis,Not Found,Unknown,Unknown,Plantae,Tracheophyta,Liliopsida,Commelinales,Commelinaceae,Commelina,0,0,1,0,0,0
Coprinus comatus,Not Found,Unknown,Unknown,Fungi,Basidiomycota,Agaricomycetes,Agaricales,Agaricaceae,Coprinus,1,0,0,0,0,0
Cornu aspersum,Not Found,Unknown,Unknown,Animalia,Mollusca,Gastropoda,Stylommatophora,Helicidae,Cornu,0,1,5,0,6,0
Corvus brachyrhynchos,Not Found,Unknown,Unknown,Animalia,Chordata,Aves,Passeriformes,Corvidae,Corvus,6,0,3,3,2,2
Corvus corax,Not Found,Unknown,Unknown,Animalia,Chordata,Aves,Passeriformes,Corvidae,Corvus,0,0,0,0,0,1
Cotula australis,Not Found,Unknown,Unknown,Plantae,Tracheophyta,Magnoliopsida,Asterales,Asteraceae,Cotula,0,0,0,0,1,0
Crotalus oreganus,Not Found,Unknown,Unknown,Animalia,Chordata,Squamata,Unknown,Viperidae,Crotalus,0,0,0,0,2,0
Croton californicus,Not Found,Unknown,Unknown,Plantae,Tracheophyta,Magnoliopsida,Malpighiales,Euphorbiaceae,Croton,1,0,0,0,0,0
Cycloneda sanguinea,Not Found,Unknown,Unknown,Animalia,Arthropoda,Insecta,Coleoptera,Coccinellidae,Cycloneda,0,1,0,0,0,0
Danaus plexippus,Not Found,Unknown,Unknown,Animalia,Arthropoda,Insecta,Lepidoptera,Nymphalidae,Danaus,4,2,5,0,4,1
Datura wrightii,Not Found,Unknown,Unknown,Plantae,Tracheophyta,Magnoliopsida,Solanales,Solanaceae,Datura,0,0,0,0,0,1
Deroceras laeve,Not Found,Unknown,Unknown,Animalia,Mollusca,Gastropoda,Stylommatophora,Agriolimacidae,Deroceras,0,1,0,0,1,0
Didelphis virginiana,Not Found,Unknown,Unknown,Animalia,Chordata,Mammalia,Didelphimorphia,Didelphidae,Didelphis,0,1,0,0,1,0
Dione vanillae,Not Found,Unknown,Unknown,Animalia,Arthropoda,Insecta,Lepidoptera,Nymphalidae,Dione,0,0,0,0,0,1
Donax gouldii,Not Found,Unknown,Unknown,Animalia,Mollusca,Bivalvia,Cardiida,Donacidae,Donax,1,0,0,0,0,0
Dryobates nuttallii,Not Found,Unknown,Unknown,Animalia,Chordata,Aves,Piciformes,Picidae,Dryobates,0,0,1,0,0,0
Dryobates pubescens,Not Found,Unknown,Unknown,Animalia,Chordata,Aves,Piciformes,Picidae,Dryobates,0,2,1,2,0,2
Dysdera crocata,Not Found,Unknown,Unknown,Animalia,Arthropoda,Arachnida,Araneae,Dysderidae,Dysdera,0,0,0,0,0,2
Echium candicans,Not Found,Unknown,Unknown,Plantae,Tracheophyta,Magnoliopsida,Boraginales,Boraginaceae,Echium,0,0,1,1,0,0
Egregia menziesii,Not Found,Unknown,Unknown,Chromista,Ochrophyta,Phaeophyceae,Laminariales,Lessoniaceae,Egregia,0,0,0,0,0,1
Egretta thula,Not Found,Unknown,Unknown,Animalia,Chordata,Aves,Pelecaniformes,Ardeidae,Egretta,6,8,1,6,1,0
Elanus leucurus,Not Found,Unknown,Unknown,Animalia,Chordata,Aves,Accipitriformes,Accipitridae,Elanus,1,2,2,4,0,0
Eleodes gracilis,Not Found,Unknown,Unknown,Animalia,Arthropoda,Insecta,Coleoptera,Tenebrionidae,Eleodes,0,0,1,0,0,0
Elgaria multicarinata,Not Found,Unknown,Unknown,Animalia,Chordata,Squamata,Unknown,Anguidae,Elgaria,0,0,0,0,1,0
Emerita analoga,Not Found,Unknown,Unknown,Animalia,Arthropoda,Malacostraca,Decapoda,Hippidae,Emerita,0,0,1,0,1,0
Encelia californica,Not Found,Unknown,Unknown,Plantae,Tracheophyta,Magnoliopsida,Asterales,Asteraceae,Encelia,0,1,1,2,2,2
Erigeron glaucus,Not Found,Unknown,Unknown,Plantae,Tracheophyta,Magnoliopsida,Asterales,Asteraceae,Erigeron,0,0,0,1,1,0
Eriogonum fasciculatum,Not Found,Unknown,Unknown,Plantae,Tracheophyta,Magnoliopsida,Caryophyllales,Polygonaceae,Eriogonum,0,0,0,0,1,0
Eriogonum parvifolium,Not Found,Unknown,Unknown,Plantae,Tracheophyta,Magnoliopsida,Caryophyllales,Polygonaceae,Eriogonum,0,0,0,1,0,1
Erodium moschatum,Not Found,Unknown,Unknown,Plantae,Tracheophyta,Magnoliopsida,Geraniales,Geraniaceae,Erodium,0,0,0,1,0,0
Erysimum capitatum,Not Found,Unknown,Unknown,Plantae,Tracheophyta,Magnoliopsida,Brassicales,Brassicaceae,Erysimum,1,0,0,0,0,0
Estigmene acrea,Not Found,Unknown,Unknown,Animalia,Arthropoda,Insecta,Lepidoptera,Erebidae,Estigmene,0,0,2,0,0,0
Euphagus cyanocephalus,Not Found,Unknown,Unknown,Animalia,Chordata,Aves,Passeriformes,Icteridae,Euphagus,0,1,3,0,0,0
Euphorbia peplus,Not Found,Unknown,Unknown,Plantae,Tracheophyta,Magnoliopsida,Malpighiales,Euphorbiaceae,Euphorbia,1,0,0,0,0,0
Euphorbia terracina,Not Found,Unknown,Unknown,Plantae,Tracheophyta,Magnoliopsida,Malpighiales,Euphorbiaceae,Euphorbia,0,0,0,0,0,2
Falco peregrinus,Not Found,Unknown,Unknown,Animalia,Chordata,Aves,Falconiformes,Falconidae,Falco,0,0,1,0,0,0
Falco sparverius,Not Found,Unknown,Unknown,Animalia,Chordata,Aves,Falconiformes,Falconidae,Falco,0,4,6,0,1,6
Felis catus,Not Found,Unknown,Unknown,Animalia,Chordata,Mammalia,Carnivora,Felidae,Felis,0,1,0,0,0,0
Fulica americana,Not Found,Unknown,Unknown,Animalia,Chordata,Aves,Gruiformes,Rallidae,Fulica,11,9,6,10,9,1
Gallinago delicata,Not Found,Unknown,Unknown,Animalia,Chordata,Aves,Charadriiformes,Scolopacidae,Gallinago,0,0,0,1,0,0
Gavia immer,Not Found,Unknown,Unknown,Animalia,Chordata,Aves,Gaviiformes,Gaviidae,Gavia,1,0,0,0,1,0
Gavia pacifica,Not Found,Unknown,Unknown,Animalia,Chordata,Aves,Gaviiformes,Gaviidae,Gavia,0,0,0,1,0,0
Gavia stellata,Not Found,Unknown,Unknown,Animalia,Chordata,Aves,Gaviiformes,Gaviidae,Gavia,0,0,0,0,3,0
Geothlypis trichas,Not Found,Unknown,Unknown,Animalia,Chordata,Aves,Passeriformes,Parulidae,Geothlypis,0,1,2,1,1,3
Glebionis coronaria,Not Found,Unknown,Unknown,Plantae,Tracheophyta,Magnoliopsida,Asterales,Asteraceae,Glebionis,0,0,0,0,3,0
Glossaulax reclusiana,Not Found,Unknown,Unknown,Animalia,Mollusca,Gastropoda,Littorinimorpha,Naticidae,Glossaulax,0,0,1,0,0,0
Gryllodes sigillatus,Not Found,Unknown,Unknown,Animalia,Arthropoda,Insecta,Orthoptera,Gryllidae,Gryllodes,0,1,0,0,0,0
Gymnopilus luteofolius,Not Found,Unknown,Unknown,Fungi,Basidiomycota,Agaricomycetes,Agaricales,Hymenogastraceae,Gymnopilus,0,0,0,1,0,0
Gymnosporangium juniperi-virginianae,Not Found,Unknown,Unknown,Fungi,Basidiomycota,Pucciniomycetes,Pucciniales,Gymnosporangiaceae,Gymnosporangium,0,0,0,0,1,0
Haematopus bachmani,Not Found,Unknown,Unknown,Animalia,Chordata,Aves,Charadriiformes,Haematopodidae,Haematopus,0,0,1,0,1,0
Haemorhous mexicanus,Not Found,Unknown,Unknown,Animalia,Chordata,Aves,Passeriformes,Fringillidae,Haemorhous,6,4,0,1,6,3
Harmonia axyridis,Not Found,Unknown,Unknown,Animalia,Arthropoda,Insecta,Coleoptera,Coccinellidae,Harmonia,0,0,1,0,0,0
Helminthoglypta tudiculata,Not Found,Unknown,Unknown,Animalia,Mollusca,Gastropoda,Stylommatophora,Xanthonychidae,Helminthoglypta,0,1,0,0,0,0
Helminthotheca echioides,Not Found,Unknown,Unknown,Plantae,Tracheophyta,Magnoliopsida,Asterales,Asteraceae,Helminthotheca,0,0,0,0,1,0
Heteromeles arbutifolia,Not Found,Unknown,Unknown,Plantae,Tracheophyta,Magnoliopsida,Rosales,Rosaceae,Heteromeles,0,1,6,1,2,7
Heterotheca grandiflora,Not Found,Unknown,Unknown,Plantae,Tracheophyta,Magnoliopsida,Asterales,Asteraceae,Heterotheca,0,0,0,1,0,0
Himantopus mexicanus,Not Found,Unknown,Unknown,Animalia,Chordata,Aves,Charadriiformes,Recurvirostridae,Himantopus,1,1,0,0,0,0
Hippodamia convergens,Not Found,Unknown,Unknown,Animalia,Arthropoda,Insecta,Coleoptera,Coccinellidae,Hippodamia,0,1,1,0,1,0
Hirschfeldia incana,Not Found,Unknown,Unknown,Plantae,Tracheophyta,Magnoliopsida,Brassicales,Brassicaceae,Hirschfeldia,0,0,0,0,0,1
Hypsypops rubicundus,Not Found,Unknown,Unknown,Animalia,Chordata,Unknown,Perciformes,Pomacentridae,Hypsypops,0,0,0,1,0,0
Icterus spurius,Not Found,Unknown,Unknown,Animalia,Chordata,Aves,Passeriformes,Icteridae,Icterus,1,0,0,0,0,0
Ischnura cervula,Not Found,Unknown,Unknown,Animalia,Arthropoda,Insecta,Odonata,Coenagrionidae,Ischnura,0,0,0,0,1,0
Isocoma menziesii,Not Found,Unknown,Unknown,Plantae,Tracheophyta,Magnoliopsida,Asterales,Asteraceae,Isocoma,0,0,0,1,2,1
Jadera haematoloma,Not Found,Unknown,Unknown,Animalia,Arthropoda,Insecta,Hemiptera,Rhopalidae,Jadera,0,0,0,0,0,2
Junco hyemalis,Not Found,Unknown,Unknown,Animalia,Chordata,Aves,Passeriformes,Passerellidae,Junco,3,0,2,0,0,5
Laetiporus gilbertsonii,Not Found,Unknown,Unknown,Fungi,Basidiomycota,Agaricomycetes,Polyporales,Laetiporaceae,Laetiporus,1,0,0,0,0,0
Larus argentatus,Not Found,Unknown,Unknown,Animalia,Chordata,Aves,Charadriiformes,Laridae,Larus,1,0,0,0,0,0
Larus brachyrhynchus,Not Found,Unknown,Unknown,Animalia,Chordata,Aves,Charadriiformes,Laridae,Larus,0,1,0,0,2,21
Larus californicus,Not Found,Unknown,Unknown,Animalia,Chordata,Aves,Charadriiformes,Laridae,Larus,4,3,1,1,0,4
Larus delawarensis,Not Found,Unknown,Unknown,Animalia,Chordata,Aves,Charadriiformes,Laridae,Larus,13,1,2,6,6,7
Larus fuscus,Not Found,Unknown,Unknown,Animalia,Chordata,Aves,Charadriiformes,Laridae,Larus,0,0,0,0,0,2
Larus glaucescens,Not Found,Unknown,Unknown,Animalia,Chordata,Aves,Charadriiformes,Laridae,Larus,2,0,0,0,2,1
Larus glaucoides,Not Found,Unknown,Unknown,Animalia,Chordata,Aves,Charadriiformes,Laridae,Larus,0,0,0,0,0,2
Larus heermanni,Not Found,Unknown,Unknown,Animalia,Chordata,Aves,Charadriiformes,Laridae,Larus,9,1,6,10,8,5
Larus occidentalis,Not Found,Unknown,Unknown,Animalia,Chordata,Aves,Charadriiformes,Laridae,Larus,13,6,3,4,3,3
Larus smithsonianus,Not Found,Unknown,Unknown,Animalia,Chordata,Aves,Charadriiformes,Laridae,Larus,0,0,0,0,0,1
Latrodectus geometricus,Not Found,Unknown,Unknown,Animalia,Arthropoda,Arachnida,Araneae,Theridiidae,Latrodectus,0,0,2,0,0,1
Leiothlypis celata,Not Found,Unknown,Unknown,Animalia,Chordata,Aves,Passeriformes,Parulidae,Leiothlypis,1,3,5,2,0,2
Leptoglossus zonatus,Not Found,Unknown,Unknown,Animalia,Arthropoda,Insecta,Hemiptera,Coreidae,Leptoglossus,0,0,0,0,1,0
Leratiomyces ceres,Not Found,Unknown,Unknown,Fungi,Basidiomycota,Agaricomycetes,Agaricales,Strophariaceae,Leratiomyces,1,1,1,3,1,1
Limnodromus scolopaceus,Not Found,Unknown,Unknown,Animalia,Chordata,Aves,Charadriiformes,Scolopacidae,Limnodromus,1,0,1,0,0,1
Limonium perezii,Not Found,Unknown,Unknown,Plantae,Tracheophyta,Magnoliopsida,Caryophyllales,Plumbaginaceae,Limonium,0,0,1,0,0,0
Limosa fedoa,Not Found,Unknown,Unknown,Animalia,Chordata,Aves,Charadriiformes,Scolopacidae,Limosa,4,1,9,0,8,3
Linepithema humile,Not Found,Unknown,Unknown,Animalia,Arthropoda,Insecta,Hymenoptera,Formicidae,Linepithema,0,0,1,1,0,0
Lobularia maritima,Not Found,Unknown,Unknown,Plantae,Tracheophyta,Magnoliopsida,Brassicales,Brassicaceae,Lobularia,0,0,0,0,0,1
Lonchura punctulata,Not Found,Unknown,Unknown,Animalia,Chordata,Aves,Passeriformes,Estrildidae,Lonchura,0,0,3,1,2,3
Lophodytes cucullatus,Not Found,Unknown,Unknown,Animalia,Chordata,Aves,Anseriformes,Anatidae,Lophodytes,0,0,1,1,0,1
Lupinus chamissonis,Not Found,Unknown,Unknown,Plantae,Tracheophyta,Magnoliopsida,Fabales,Fabaceae,Lupinus,1,0,0,0,0,0
Lupinus truncatus,Not Found,Unknown,Unknown,Plantae,Tracheophyta,Magnoliopsida,Fabales,Fabaceae,Lupinus,1,0,0,0,0,0
Lysimachia arvensis,Not Found,Unknown,Unknown,Plantae,Tracheophyta,Magnoliopsida,Ericales,Primulaceae,Lysimachia,0,0,0,0,1,0
Malosma laurina,Not Found,Unknown,Unknown,Plantae,Tracheophyta,Magnoliopsida,Sapindales,Anacardiaceae,Malosma,0,1,0,0,0,2
Mareca americana,Not Found,Unknown,Unknown,Animalia,Chordata,Aves,Anseriformes,Anatidae,Mareca,14,9,3,2,6,3
Mareca penelope,Not Found,Unknown,Unknown,Animalia,Chordata,Aves,Anseriformes,Anatidae,Mareca,0,0,0,0,0,1
Mareca strepera,Not Found,Unknown,Unknown,Animalia,Chordata,Aves,Anseriformes,Anatidae,Mareca,1,1,4,6,3,2
Megaceryle alcyon,Not Found,Unknown,Unknown,Animalia,Chordata,Aves,Coraciiformes,Alcedinidae,Megaceryle,2,0,0,3,0,0
Melanitta americana,Not Found,Unknown,Unknown,Animalia,Chordata,Aves,Anseriformes,Anatidae,Melanitta,1,0,0,0,0,0
Melanitta deglandi,Not Found,Unknown,Unknown,Animalia,Chordata,Aves,Anseriformes,Anatidae,Melanitta,0,0,0,0,1,0
Melanitta perspicillata,Not Found,Unknown,Unknown,Animalia,Chordata,Aves,Anseriformes,Anatidae,Melanitta,3,1,4,1,1,0
Melospiza lincolnii,Not Found,Unknown,Unknown,Animalia,Chordata,Aves,Passeriformes,Passerellidae,Melospiza,0,4,2,0,1,1
Melospiza melodia,Not Found,Unknown,Unknown,Animalia,Chordata,Aves,Passeriformes,Passerellidae,Melospiza,2,1,1,2,4,2
Melozone crissalis,Not Found,Unknown,Unknown,Animalia,Chordata,Aves,Passeriformes,Passerellidae,Melozone,2,0,1,1,1,1
Menemerus bivittatus,Not Found,Unknown,Unknown,Animalia,Arthropoda,Arachnida,Araneae,Salticidae,Menemerus,0,0,1,0,0,0
Mephitis mephitis,Not Found,Unknown,Unknown,Animalia,Chordata,Mammalia,Carnivora,Mephitidae,Mephitis,0,1,0,0,1,0
Mergus merganser,Not Found,Unknown,Unknown,Animalia,Chordata,Aves,Anseriformes,Anatidae,Mergus,0,0,0,1,0,0
Mergus serrator,Not Found,Unknown,Unknown,Animalia,Chordata,Aves,Anseriformes,Anatidae,Mergus,2,0,1,1,1,0
Metacarcinus anthonyi,Not Found,Unknown,Unknown,Animalia,Arthropoda,Malacostraca,Decapoda,Cancridae,Metacarcinus,0,0,0,0,0,1
Mexigonus minutus,Not Found,Unknown,Unknown,Animalia,Arthropoda,Arachnida,Araneae,Salticidae,Mexigonus,0,1,0,0,0,0
Mimus polyglottos,Not Found,Unknown,Unknown,Animalia,Chordata,Aves,Passeriformes,Mimidae,Mimus,3,1,1,0,2,4
Miomantis caffra,Not Found,Unknown,Unknown,Animalia,Arthropoda,Insecta,Mantodea,Miomantidae,Miomantis,0,0,0,0,1,0
Murgantia histrionica,Not Found,Unknown,Unknown,Animalia,Arthropoda,Insecta,Hemiptera,Pentatomidae,Murgantia,0,0,0,1,0,0
Myioborus pictus,Not Found,Unknown,Unknown,Animalia,Chordata,Aves,Passeriformes,Parulidae,Myioborus,2,0,0,0,0,0
Myoporum laetum,Not Found,Unknown,Unknown,Plantae,Tracheophyta,Magnoliopsida,Lamiales,Scrophulariaceae,Myoporum,1,1,0,0,0,0
Mytilus californianus,Not Found,Unknown,Unknown,Animalia,Mollusca,Bivalvia,Mytilida,Mytilidae,Mytilus,0,0,3,0,1,3
Nicotiana glauca,Not Found,Unknown,Unknown,Plantae,Tracheophyta,Magnoliopsida,Solanales,Solanaceae,Nicotiana,1,0,0,0,0,0
Numenius americanus,Not Found,Unknown,Unknown,Animalia,Chordata,Aves,Charadriiformes,Scolopacidae,Numenius,0,0,0,0,0,1
Numenius phaeopus,Not Found,Unknown,Unknown,Animalia,Chordata,Aves,Charadriiformes,Scolopacidae,Numenius,0,1,0,0,2,2
Nyctanassa violacea,Not Found,Unknown,Unknown,Animalia,Chordata,Aves,Pelecaniformes,Ardeidae,Nyctanassa,0,0,0,0,1,0
Nycticorax nycticorax,Not Found,Unknown,Unknown,Animalia,Chordata,Aves,Pelecaniformes,Ardeidae,Nycticorax,0,3,1,0,1,0
Nymphalis antiopa,Not Found,Unknown,Unknown,Animalia,Arthropoda,Insecta,Lepidoptera,Nymphalidae,Nymphalis,1,3,1,0,4,1
Olea europaea,Not Found,Unknown,Unknown,Plantae,Tracheophyta,Magnoliopsida,Lamiales,Oleaceae,Olea,0,0,0,0,1,0
Omphalotus olivascens,Not Found,Unknown,Unknown,Fungi,Basidiomycota,Agaricomycetes,Agaricales,Omphalotaceae,Omphalotus,0,0,0,1,0,0
Otala lactea,Not Found,Unknown,Unknown,Animalia,Mollusca,Gastropoda,Stylommatophora,Helicidae,Otala,0,1,0,0,1,1
Otospermophilus beecheyi,Not Found,Unknown,Unknown,Animalia,Chordata,Mammalia,Rodentia,Sciuridae,Otospermophilus,0,1,0,1,0,0
Oxalis pes-caprae,Not Found,Unknown,Unknown,Plantae,Tracheophyta,Magnoliopsida,Oxalidales,Oxalidaceae,Oxalis,0,2,0,1,1,2
Oxyura jamaicensis,Not Found,Unknown,Unknown,Animalia,Chordata,Aves,Anseriformes,Anatidae,Oxyura,2,3,4,5,2,4
Pandion haliaetus,Not Found,Unknown,Unknown,Animalia,Chordata,Aves,Accipitriformes,Pandionidae,Pandion,2,0,0,4,0,0
Paralabrax maculatofasciatus,Not Found,Unknown,Unknown,Animalia,Chordata,Unknown,Perciformes,Serranidae,Paralabrax,0,0,0,0,1,0
Passer domesticus,Not Found,Unknown,Unknown,Animalia,Chordata,Aves,Passeriformes,Passeridae,Passer,6,0,0,1,1,1
Passerculus sandwichensis,Not Found,Unknown,Unknown,Animalia,Chordata,Aves,Passeriformes,Passerellidae,Passerculus,0,2,0,0,0,6
Pelecanus erythrorhynchos,Not Found,Unknown,Unknown,Animalia,Chordata,Aves,Pelecaniformes,Pelecanidae,Pelecanus,0,4,1,1,0,0
Pelecanus occidentalis,Not Found,Unknown,Unknown,Animalia,Chordata,Aves,Pelecaniformes,Pelecanidae,Pelecanus,3,1,5,1,2,1
Pellaea stictica,Not Found,Unknown,Unknown,Animalia,Arthropoda,Insecta,Hemiptera,Pentatomidae,Pellaea,0,0,0,1,0,0
Periploma planiusculum,Not Found,Unknown,Unknown,Animalia,Mollusca,Bivalvia,Unknown,Periplomatidae,Periploma,0,0,2,0,0,0
Phalacrocorax auritus,Not Found,Unknown,Unknown,Animalia,Chordata,Aves,Suliformes,Phalacrocoracidae,Phalacrocorax,4,4,4,3,4,2
Phalacrocorax pelagicus,Not Found,Unknown,Unknown,Animalia,Chordata,Aves,Suliformes,Phalacrocoracidae,Phalacrocorax,0,0,0,1,0,0
Phidippus adumbratus,Not Found,Unknown,Unknown,Animalia,Arthropoda,Arachnida,Araneae,Salticidae,Phidippus,0,1,1,0,0,1
Phidippus audax,Not Found,Unknown,Unknown,Animalia,Arthropoda,Arachnida,Araneae,Salticidae,Phidippus,0,0,0,1,0,0
Phoebis sennae,Not Found,Unknown,Unknown,Animalia,Arthropoda,Insecta,Lepidoptera,Pieridae,Phoebis,0,0,1,0,0,0
Phylloscypha phyllogena,Not Found,Unknown,Unknown,Fungi,Ascomycota,Pezizomycetes,Pezizales,Pezizaceae,Phylloscypha,0,0,0,1,0,0
Physophora hydrostatica,Not Found,Unknown,Unknown,Animalia,Cnidaria,Hydrozoa,Siphonophorae,Physophoridae,Physophora,0,0,1,0,0,0
Pieris rapae,Not Found,Unknown,Unknown,Animalia,Arthropoda,Insecta,Lepidoptera,Pieridae,Pieris,0,1,0,0,0,0
Pisaster ochraceus,Not Found,Unknown,Unknown,Animalia,Echinodermata,Asteroidea,Forcipulatida,Asteriidae,Pisaster,0,0,0,0,2,0
Platanus racemosa,Not Found,Unknown,Unknown,Plantae,Tracheophyta,Magnoliopsida,Proteales,Platanaceae,Platanus,0,0,0,0,0,2
Pluvialis fulva,Not Found,Unknown,Unknown,Animalia,Chordata,Aves,Charadriiformes,Charadriidae,Pluvialis,1,1,0,1,0,0
Pluvialis squatarola,254375039,Vulnerable,Decreasing,Animalia,Chordata,Aves,Charadriiformes,Charadriidae,Pluvialis,1,5,1,3,2,1
Podiceps auritus,220422990,Near Threatened,Decreasing,Animalia,Chordata,Aves,Podicipediformes,Podicipedidae,Podiceps,0,0,0,0,1,0
Podiceps nigricollis,Not Found,Unknown,Unknown,Animalia,Chordata,Aves,Podicipediformes,Podicipedidae,Podiceps,1,0,0,4,2,1
Podilymbus podiceps,Not Found,Unknown,Unknown,Animalia,Chordata,Aves,Podicipediformes,Podicipedidae,Podilymbus,1,2,4,1,1,1
Polioptila caerulea,Not Found,Unknown,Unknown,Animalia,Chordata,Aves,Passeriformes,Polioptilidae,Polioptila,0,2,3,5,4,3
Procyon lotor,Not Found,Unknown,Unknown,Animalia,Chordata,Mammalia,Carnivora,Procyonidae,Procyon,0,0,0,0,0,1
Psaltriparus minimus,Not Found,Unknown,Unknown,Animalia,Chordata,Aves,Passeriformes,Aegithalidae,Psaltriparus,1,1,2,0,2,1
Pseudacris regilla,Not Found,Unknown,Unknown,Animalia,Chordata,Amphibia,Anura,Hylidae,Pseudacris,2,1,0,0,1,0
Pyrocephalus rubinus,Not Found,Unknown,Unknown,Animalia,Chordata,Aves,Passeriformes,Tyrannidae,Pyrocephalus,0,0,0,0,0,3
Quercus agrifolia,Not Found,Unknown,Unknown,Plantae,Tracheophyta,Magnoliopsida,Fagales,Fagaceae,Quercus,0,0,0,0,2,0
Quercus lobata,Not Found,Unknown,Unknown,Plantae,Tracheophyta,Magnoliopsida,Fagales,Fagaceae,Quercus,0,0,0,0,1,0
Quiscalus mexicanus,Not Found,Unknown,Unknown,Animalia,Chordata,Aves,Passeriformes,Icteridae,Quiscalus,0,1,0,4,0,0
Rallus limicola,Not Found,Unknown,Unknown,Animalia,Chordata,Aves,Gruiformes,Rallidae,Rallus,1,0,0,0,0,1
Raphanus sativus,Not Found,Unknown,Unknown,Plantae,Tracheophyta,Magnoliopsida,Brassicales,Brassicaceae,Raphanus,0,0,0,0,2,0
Regulus calendula,Not Found,Unknown,Unknown,Animalia,Chordata,Aves,Passeriformes,Regulidae,Regulus,0,3,2,1,0,0
Rexithaerus secta,Not Found,Unknown,Unknown,Animalia,Mollusca,Bivalvia,Cardiida,Tellinidae,Rexithaerus,0,0,1,0,0,0
Rhodosporidiobolus odoratus,Not Found,Unknown,Unknown,Fungi,Basidiomycota,Microbotryomycetes,Sporidiobolales,Sporidiobolaceae,Rhodosporidiobolus,0,0,1,0,0,0
Rhus integrifolia,Not Found,Unknown,Unknown,Plantae,Tracheophyta,Magnoliopsida,Sapindales,Anacardiaceae,Rhus,1,0,0,3,3,1
Ricinus communis,Not Found,Unknown,Unknown,Plantae,Tracheophyta,Magnoliopsida,Malpighiales,Euphorbiaceae,Ricinus,0,1,0,0,2,0
Rubus ursinus,Not Found,Unknown,Unknown,Plantae,Tracheophyta,Magnoliopsida,Rosales,Rosaceae,Rubus,0,0,0,0,1,0
Rynchops niger,Not Found,Unknown,Unknown,Animalia,Chordata,Aves,Charadriiformes,Laridae,Rynchops,0,0,0,0,0,1
Salvia leucophylla,Not Found,Unknown,Unknown,Plantae,Tracheophyta,Magnoliopsida,Lamiales,Lamiaceae,Salvia,0,0,0,1,0,0
Sassacus vitis,Not Found,Unknown,Unknown,Animalia,Arthropoda,Arachnida,Araneae,Salticidae,Sassacus,0,1,2,0,0,0
Sayornis nigricans,Not Found,Unknown,Unknown,Animalia,Chordata,Aves,Passeriformes,Tyrannidae,Sayornis,4,9,5,6,3,5
Sayornis saya,Not Found,Unknown,Unknown,Animalia,Chordata,Aves,Passeriformes,Tyrannidae,Sayornis,0,2,4,1,3,2
Sceloporus occidentalis,Not Found,Unknown,Unknown,Animalia,Chordata,Squamata,Unknown,Phrynosomatidae,Sceloporus,1,2,0,0,0,0
Schistocerca nitens,Not Found,Unknown,Unknown,Animalia,Arthropoda,Insecta,Orthoptera,Acrididae,Schistocerca,0,1,1,0,0,0
Schizophyllum commune,Not Found,Unknown,Unknown,Fungi,Basidiomycota,Agaricomycetes,Agaricales,Schizophyllaceae,Schizophyllum,1,0,0,0,0,1
Sciurus niger,Not Found,Unknown,Unknown,Animalia,Chordata,Mammalia,Rodentia,Sciuridae,Sciurus,0,1,6,2,2,2
Selasphorus sasin,Not Found,Unknown,Unknown,Animalia,Chordata,Aves,Apodiformes,Trochilidae,Selasphorus,5,11,5,5,2,6
Setophaga auduboni,Not Found,Unknown,Unknown,Animalia,Chordata,Aves,Passeriformes,Parulidae,Setophaga,0,1,2,1,2,0
Setophaga coronata,Not Found,Unknown,Unknown,Animalia,Chordata,Aves,Passeriformes,Parulidae,Setophaga,9,8,4,9,3,5
Setophaga nigrescens,Not Found,Unknown,Unknown,Animalia,Chordata,Aves,Passeriformes,Parulidae,Setophaga,0,0,0,0,0,1
Setophaga ruticilla,Not Found,Unknown,Unknown,Animalia,Chordata,Aves,Passeriformes,Parulidae,Setophaga,1,5,0,0,0,0
Setophaga tigrina,Not Found,Unknown,Unknown,Animalia,Chordata,Aves,Passeriformes,Parulidae,Setophaga,0,0,0,3,0,4
Setophaga townsendi,Not Found,Unknown,Unknown,Animalia,Chordata,Aves,Passeriformes,Parulidae,Setophaga,1,3,4,2,2,1
Sialia currucoides,Not Found,Unknown,Unknown,Animalia,Chordata,Aves,Passeriformes,Turdidae,Sialia,0,1,0,0,0,0
Sialia mexicana,Not Found,Unknown,Unknown,Animalia,Chordata,Aves,Passeriformes,Turdidae,Sialia,2,0,0,0,2,1
Siphanta acuta,Not Found,Unknown,Unknown,Animalia,Arthropoda,Insecta,Hemiptera,Flatidae,Siphanta,0,1,0,0,0,0
Sisyrinchium bellum,Not Found,Unknown,Unknown,Plantae,Tracheophyta,Liliopsida,Asparagales,Iridaceae,Sisyrinchium,0,0,0,0,1,0
Solanum douglasii,Not Found,Unknown,Unknown,Plantae,Tracheophyta,Magnoliopsida,Solanales,Solanaceae,Solanum,0,0,1,0,0,0
Solanum mauritianum,Not Found,Unknown,Unknown,Plantae,Tracheophyta,Magnoliopsida,Solanales,Solanaceae,Solanum,0,0,0,0,0,1
Spatula clypeata,Not Found,Unknown,Unknown,Animalia,Chordata,Aves,Anseriformes,Anatidae,Spatula,4,9,5,8,5,7
Spatula cyanoptera,Not Found,Unknown,Unknown,Animalia,Chordata,Aves,Anseriformes,Anatidae,Spatula,4,3,1,5,4,1
Spatula discors,Not Found,Unknown,Unknown,Animalia,Chordata,Aves,Anseriformes,Anatidae,Spatula,6,0,0,1,0,0
Sphyrapicus ruber,Not Found,Unknown,Unknown,Animalia,Chordata,Aves,Piciformes,Picidae,Sphyrapicus,0,0,0,0,0,2
Sphyrapicus varius,Not Found,Unknown,Unknown,Animalia,Chordata,Aves,Piciformes,Picidae,Sphyrapicus,0,0,0,0,0,1
Spinus psaltria,Not Found,Unknown,Unknown,Animalia,Chordata,Aves,Passeriformes,Fringillidae,Spinus,2,4,1,0,0,4
Spinus tristis,Not Found,Unknown,Unknown,Animalia,Chordata,Aves,Passeriformes,Fringillidae,Spinus,0,4,1,0,0,0
Steatoda grossa,Not Found,Unknown,Unknown,Animalia,Arthropoda,Arachnida,Araneae,Theridiidae,Steatoda,0,1,0,0,0,0
Steatoda nobilis,Not Found,Unknown,Unknown,Animalia,Arthropoda,Arachnida,Araneae,Theridiidae,Steatoda,0,1,1,1,0,1
Streptopelia decaocto,Not Found,Unknown,Unknown,Animalia,Chordata,Aves,Columbiformes,Columbidae,Streptopelia,2,1,0,1,0,5
Sturnella neglecta,Not Found,Unknown,Unknown,Animalia,Chordata,Aves,Passeriformes,Icteridae,Sturnella,0,1,0,0,0,0
Sturnus vulgaris,Not Found,Unknown,Unknown,Animalia,Chordata,Aves,Passeriformes,Sturnidae,Sturnus,1,2,0,0,0,0
Sylvilagus audubonii,Not Found,Unknown,Unknown,Animalia,Chordata,Mammalia,Lagomorpha,Leporidae,Sylvilagus,1,0,0,0,0,0
Sympetrum corruptum,Not Found,Unknown,Unknown,Animalia,Arthropoda,Insecta,Odonata,Libellulidae,Sympetrum,0,0,1,0,0,0
Tachycineta bicolor,Not Found,Unknown,Unknown,Animalia,Chordata,Aves,Passeriformes,Hirundinidae,Tachycineta,0,1,0,1,1,0
Thalasseus maximus,Not Found,Unknown,Unknown,Animalia,Chordata,Aves,Charadriiformes,Laridae,Thalasseus,1,0,4,1,1,4
Thomomys bottae,Not Found,Unknown,Unknown,Animalia,Chordata,Mammalia,Rodentia,Geomyidae,Thomomys,5,0,0,0,0,0
Tivela stultorum,Not Found,Unknown,Unknown,Animalia,Mollusca,Bivalvia,Venerida,Veneridae,Tivela,0,0,1,0,0,0
Trachemys scripta,Not Found,Unknown,Unknown,Animalia,Chordata,Testudines,Unknown,Emydidae,Trachemys,0,0,0,0,1,0
Tringa melanoleuca,Not Found,Unknown,Unknown,Animalia,Chordata,Aves,Charadriiformes,Scolopacidae,Tringa,0,0,0,1,0,0
Tringa semipalmata,Not Found,Unknown,Unknown,Animalia,Chordata,Aves,Charadriiformes,Scolopacidae,Tringa,5,4,9,6,3,7
Troglodytes aedon,Not Found,Unknown,Unknown,Animalia,Chordata,Aves,Passeriformes,Troglodytidae,Troglodytes,0,0,1,1,0,1
Tropaeolum majus,Not Found,Unknown,Unknown,Plantae,Tracheophyta,Magnoliopsida,Brassicales,Tropaeolaceae,Tropaeolum,0,1,0,1,0,0
Turdus migratorius,Not Found,Unknown,Unknown,Animalia,Chordata,Aves,Passeriformes,Turdidae,Turdus,0,0,1,0,0,0
Tursiops truncatus,Not Found,Unknown,Unknown,Animalia,Chordata,Mammalia,Cetacea,Delphinidae,Tursiops,0,0,2,0,0,0
Tyrannus verticalis,Not Found,Unknown,Unknown,Animalia,Chordata,Aves,Passeriformes,Tyrannidae,Tyrannus,0,0,0,0,0,1
Tyrannus vociferans,Not Found,Unknown,Unknown,Animalia,Chordata,Aves,Passeriformes,Tyrannidae,Tyrannus,1,2,1,2,1,1
Tyto furcata,Not Found,Unknown,Unknown,Animalia,Chordata,Aves,Strigiformes,Tytonidae,Tyto,0,3,0,0,0,0
Unknown,Not Found,Unknown,Unknown,Unknown,Unknown,Unknown,Unknown,Unknown,Unknown,5,8,4,6,11,1
Urile penicillatus,Not Found,Unknown,Unknown,Animalia,Chordata,Aves,Suliformes,Phalacrocoracidae,Urile,1,0,4,0,2,0
Uta stansburiana,Not Found,Unknown,Unknown,Animalia,Chordata,Squamata,Unknown,Phrynosomatidae,Uta,0,1,0,0,0,1
Vanessa atalanta,Not Found,Unknown,Unknown,Animalia,Arthropoda,Insecta,Lepidoptera,Nymphalidae,Vanessa,0,0,0,0,1,0
Vanessa cardui,Not Found,Unknown,Unknown,Animalia,Arthropoda,Insecta,Lepidoptera,Nymphalidae,Vanessa,0,0,1,0,0,0
Veronica franciscana,Not Found,Unknown,Unknown,Plantae,Tracheophyta,Magnoliopsida,Lamiales,Plantaginaceae,Veronica,0,0,1,0,0,0
Volvopluteus gloiocephalus,Not Found,Unknown,Unknown,Fungi,Basidiomycota,Agaricomycetes,Agaricales,Pluteaceae,Volvopluteus,1,0,0,0,0,0
Vulpes vulpes,Not Found,Unknown,Unknown,Animalia,Chordata,Mammalia,Carnivora,Canidae,Vulpes,0,0,0,0,0,1
Washingtonia robusta,Not Found,Unknown,Unknown,Plantae,Tracheophyta,Liliopsida,Arecales,Arecaceae,Washingtonia,0,0,0,0,0,2
Woodwardia fimbriata,Not Found,Unknown,Unknown,Plantae,Tracheophyta,Polypodiopsida,Polypodiales,Blechnaceae,Woodwardia,0,0,2,0,0,0
Zalophus californianus,Not Found,Unknown,Unknown,Animalia,Chordata,Mammalia,Carnivora,Otariidae,Zalophus,0,0,1,0,0,0
Zenaida macroura,Not Found,Unknown,Unknown,Animalia,Chordata,Aves,Columbiformes,Columbidae,Zenaida,4,2,2,0,4,1
Zonotrichia atricapilla,Not Found,Unknown,Unknown,Animalia,Chordata,Aves,Passeriformes,Passerellidae,Zonotrichia,0,0,1,0,0,0
Zonotrichia leucophrys,Not Found,Unknown,Unknown,Animalia,Chordata,Aves,Passeriformes,Passerellidae,Zonotrichia,5,7,3,7,4,7
Zosterops simplex,Not Found,Unknown,Unknown,Animalia,Chordata,Aves,Passeriformes,Zosteropidae,Zosterops,0,2,0,0,0,2
