Region Name,Water Risk Details,Type of Protected Area,IUCN Category,EFG Code,Global_KBA_Criteria,Distance (km),Source,Coordinates,Polygon
Peckforton Woods,N/A,Site of Special Scientific Interest,IV,N/A,N/A,4.9,WDPA_Protected Area,"(53.11420869961598, -2.6960314448239853)",N/A
Seasonal upland streams,N/A,Global Ecosystem Typology,N/A,F1.4,N/A,4.68,Global Ecosystem Typology,"(53.195000308682744, -2.6549995946406915)",N/A
Seasonal upland streams,N/A,Global Ecosystem Typology,N/A,F1.4,N/A,4.81,Global Ecosystem Typology,"(53.123808071019994, -2.64404753532852)",N/A
Seasonal upland streams,N/A,Global Ecosystem Typology,N/A,F1.4,N/A,4.38,Global Ecosystem Typology,"(53.18666620811907, -2.643333715876911)",N/A
Seasonal upland streams,N/A,Global Ecosystem Typology,N/A,F1.4,N/A,4.03,Global Ecosystem Typology,"(53.153334457415966, -2.6283323732011388)",N/A
Urban and industrial ecosystems,N/A,Global Ecosystem Typology,N/A,T7.4,N/A,4.64,Global Ecosystem Typology,"(53.1233318406561, -2.7266680738641282)",N/A
Urban and industrial ecosystems,N/A,Global Ecosystem Typology,N/A,T7.4,N/A,3.28,Global Ecosystem Typology,"(53.17333174895424, -2.7299989842724672)",N/A
Urban and industrial ecosystems,N/A,Global Ecosystem Typology,N/A,T7.4,N/A,3.87,Global Ecosystem Typology,"(53.12333181859727, -2.6933335990660914)",N/A
Derived semi-natural pastures and old fields,N/A,Global Ecosystem Typology,N/A,T7.5,N/A,3.38,Global Ecosystem Typology,"(53.12833230318081, -2.6766681815633193)",N/A
Derived semi-natural pastures and old fields,N/A,Global Ecosystem Typology,N/A,T7.5,N/A,1.46,Global Ecosystem Typology,"(53.16999812386575, -2.6966654352630295)",N/A
Derived semi-natural pastures and old fields,N/A,Global Ecosystem Typology,N/A,T7.5,N/A,3.08,Global Ecosystem Typology,"(53.16999813282739, -2.6466655391884677)",N/A
Derived semi-natural pastures and old fields,N/A,Global Ecosystem Typology,N/A,T7.5,N/A,2.06,Global Ecosystem Typology,"(53.15333445655299, -2.6583350304994164)",N/A
Derived semi-natural pastures and old fields,N/A,Global Ecosystem Typology,N/A,T7.5,N/A,1.45,Global Ecosystem Typology,"(53.169998119197544, -2.6800017894913126)",N/A
Derived semi-natural pastures and old fields,N/A,Global Ecosystem Typology,N/A,T7.5,N/A,4.45,Global Ecosystem Typology,"(53.12833228014625, -2.643333718075823)",N/A
Permanent upland streams,N/A,Global Ecosystem Typology,N/A,F1.1,N/A,2.15,Global Ecosystem Typology,"(53.16999811633252, -2.7133335477757807)",N/A
Permanent upland streams,N/A,Global Ecosystem Typology,N/A,F1.1,N/A,3.19,Global Ecosystem Typology,"(53.178332167434874, -2.7216676152267523)",N/A
Permanent upland streams,N/A,Global Ecosystem Typology,N/A,F1.1,N/A,4.68,Global Ecosystem Typology,"(53.195000308682744, -2.6549995946406915)",N/A
Permanent upland streams,N/A,Global Ecosystem Typology,N/A,F1.1,N/A,4.38,Global Ecosystem Typology,"(53.18666620811907, -2.643333715876911)",N/A
Permanent upland streams,N/A,Global Ecosystem Typology,N/A,F1.1,N/A,3.19,Global Ecosystem Typology,"(53.134166115845495, -2.7145832145373583)",N/A
Permanent upland streams,N/A,Global Ecosystem Typology,N/A,F1.1,N/A,2.79,Global Ecosystem Typology,"(53.15833361140119, -2.72976163891373)",N/A
Permanent upland streams,N/A,Global Ecosystem Typology,N/A,F1.1,N/A,4.47,Global Ecosystem Typology,"(53.124998662259806, -2.650000163249075)",N/A
Permanent upland streams,N/A,Global Ecosystem Typology,N/A,F1.1,N/A,4.03,Global Ecosystem Typology,"(53.153334457415966, -2.6283323732011388)",N/A
Permanent upland streams,N/A,Global Ecosystem Typology,N/A,F1.1,N/A,4.58,Global Ecosystem Typology,"(53.16287831777033, -2.756060099898018)",N/A
Permanent upland streams,N/A,Global Ecosystem Typology,N/A,F1.1,N/A,4.11,Global Ecosystem Typology,"(53.14666721279999, -2.7466653309890607)",N/A
Annual croplands,N/A,Global Ecosystem Typology,N/A,T7.1,N/A,3.26,Global Ecosystem Typology,"(53.13666633346643, -2.7216675805686323)",N/A
Annual croplands,N/A,Global Ecosystem Typology,N/A,T7.1,N/A,4.55,Global Ecosystem Typology,"(53.119998214486245, -2.713333563251206)",N/A
Annual croplands,N/A,Global Ecosystem Typology,N/A,T7.1,N/A,3.49,Global Ecosystem Typology,"(53.12833228371322, -2.7049994943277844)",N/A
Annual croplands,N/A,Global Ecosystem Typology,N/A,T7.1,N/A,2.83,Global Ecosystem Typology,"(53.1783321602148, -2.713333554390722)",N/A
Plantations,N/A,Global Ecosystem Typology,N/A,T7.3,N/A,4.15,Global Ecosystem Typology,"(53.17833220260528, -2.739999864439832)",N/A
Plantations,N/A,Global Ecosystem Typology,N/A,T7.3,N/A,4.03,Global Ecosystem Typology,"(53.13166589456084, -2.6466655612667647)",N/A
Cool temperate heathlands,N/A,Global Ecosystem Typology,N/A,T3.3,N/A,2.27,Global Ecosystem Typology,"(53.178332177787695, -2.6866663417153434)",N/A
Cool temperate heathlands,N/A,Global Ecosystem Typology,N/A,T3.3,N/A,3.71,Global Ecosystem Typology,"(53.18666624235068, -2.6600000424531003)",N/A
Cool temperate heathlands,N/A,Global Ecosystem Typology,N/A,T3.3,N/A,4.14,Global Ecosystem Typology,"(53.195000323304136, -2.693333639918996)",N/A
Cool temperate heathlands,N/A,Global Ecosystem Typology,N/A,T3.3,N/A,3.35,Global Ecosystem Typology,"(53.16166674144567, -2.6383332402518374)",N/A
Cool temperate heathlands,N/A,Global Ecosystem Typology,N/A,T3.3,N/A,4.5,Global Ecosystem Typology,"(53.178332167833446, -2.6300018876778273)",N/A
Cool temperate heathlands,N/A,Global Ecosystem Typology,N/A,T3.3,N/A,4.48,Global Ecosystem Typology,"(53.13660071745768, -2.7447714137718044)",N/A
Cool temperate heathlands,N/A,Global Ecosystem Typology,N/A,T3.3,N/A,3.93,Global Ecosystem Typology,"(53.13666633609684, -2.7349994080847226)",N/A
Cool temperate heathlands,N/A,Global Ecosystem Typology,N/A,T3.3,N/A,3.73,Global Ecosystem Typology,"(53.15333445749665, -2.7433334936416083)",N/A
