Species Name,Assessment ID,Red List Category,Population Trend,Kingdom,Phylum,Class,Order,Family,Genus,Observations_2015,Observations_2016,Observations_2017,Observations_2018,Observations_2019,Observations_2020,Observations_2021,Observations_2022,Observations_2023
Fagus sylvatica,62004725,Least Concern,Unknown,Plantae,Tracheophyta,Magnoliopsida,Fagales,Fagaceae,Fagus,1.0,,,,,,1.0,1.0,
Bombus lapidarius,57350774,Least Concern,Increasing,Animalia,Arthropoda,Insecta,Hymenoptera,Apidae,Bombus,1.0,,,3.0,3.0,1.0,,4.0,
Acroloxus lacustris,734716,Least Concern,Stable,Animalia,Mollusca,Gastropoda,Unknown,Acroloxidae,Acroloxus,,,,,,1.0,,,
Chaetopteryx villosa,Not Found,Unknown,Unknown,Animalia,Arthropoda,Insecta,Trichoptera,Limnephilidae,Chaetopteryx,,,,1.0,,,,,
Chaetocnema concinna,Not Found,Unknown,Unknown,Animalia,Arthropoda,Insecta,Coleoptera,Chrysomelidae,Chaetocnema,,,,,,,,1.0,
Turdus pilaris,264547173,Least Concern,Stable,Animalia,Chordata,Aves,Passeriformes,Turdidae,Turdus,,,,,,,,,2.0
Mentha aquatica,63304147,Least Concern,Stable,Plantae,Tracheophyta,Magnoliopsida,Lamiales,Lamiaceae,Mentha,,,,,,1.0,,,
Tomicus piniperda,Not Found,Unknown,Unknown,Animalia,Arthropoda,Insecta,Coleoptera,Curculionidae,Tomicus,,,,,,,,,1.0
Cettia cetti,264547885,Least Concern,Stable,Animalia,Chordata,Aves,Passeriformes,Cettiidae,Cettia,,,,,,,,1.0,1.0
Celastrina argiolus,53710296,Least Concern,Stable,Animalia,Arthropoda,Insecta,Lepidoptera,Lycaenidae,Celastrina,,,2.0,,1.0,,,,
Menophra abruptaria,Not Found,Unknown,Unknown,Animalia,Arthropoda,Insecta,Lepidoptera,Geometridae,Menophra,1.0,,,1.0,,,,,
Pterostichus rhaeticus,Not Found,Unknown,Unknown,Animalia,Arthropoda,Insecta,Coleoptera,Carabidae,Pterostichus,,,,,,2.0,,1.0,
Pellia neesiana,87738294,Least Concern,Stable,Plantae,Marchantiophyta,Jungermanniopsida,Pelliales,Pelliaceae,Pellia,,,,,,,1.0,,
Rosulabryum rubens,Not Found,Unknown,Unknown,Plantae,Bryophyta,Bryopsida,Bryales,Bryaceae,Rosulabryum,,1.0,,,,,,,
Veronica montana,Not Found,Unknown,Unknown,Plantae,Tracheophyta,Magnoliopsida,Lamiales,Plantaginaceae,Veronica,,,,,,,2.0,,
Frullania dilatata,87770133,Least Concern,Stable,Plantae,Marchantiophyta,Jungermanniopsida,Porellales,Frullaniaceae,Frullania,4.0,,,,,,2.0,,
Crassula helmsii,Not Found,Unknown,Unknown,Plantae,Tracheophyta,Magnoliopsida,Saxifragales,Crassulaceae,Crassula,,1.0,,,,,,,
Cis punctulatus,Not Found,Unknown,Unknown,Animalia,Arthropoda,Insecta,Coleoptera,Ciidae,Cis,,,,,,,,,1.0
Pararge aegeria,53719848,Least Concern,Stable,Animalia,Arthropoda,Insecta,Lepidoptera,Nymphalidae,Pararge,1.0,1.0,11.0,4.0,9.0,1.0,3.0,1.0,
Deschampsia cespitosa,Not Found,Unknown,Unknown,Plantae,Tracheophyta,Liliopsida,Poales,Poaceae,Deschampsia,1.0,,,,,,,,
Psittacula krameri,Not Found,Unknown,Unknown,Animalia,Chordata,Aves,Psittaciformes,Psittacidae,Psittacula,,,,,,,2.0,,
Meles meles,45203002,Least Concern,Stable,Animalia,Chordata,Mammalia,Carnivora,Mustelidae,Meles,2.0,,2.0,1.0,,3.0,1.0,,
Lonicera periclymenum,Not Found,Unknown,Unknown,Plantae,Tracheophyta,Magnoliopsida,Dipsacales,Caprifoliaceae,Lonicera,1.0,,,,,,,,
Numenius arquata,166247142,Near Threatened,Decreasing,Animalia,Chordata,Aves,Charadriiformes,Scolopacidae,Numenius,,,,,,1.0,,,
Melica uniflora,Not Found,Unknown,Unknown,Plantae,Tracheophyta,Liliopsida,Poales,Poaceae,Melica,,1.0,,,,,,,
Columba oenas,264541812,Least Concern,Increasing,Animalia,Chordata,Aves,Columbiformes,Columbidae,Columba,,,,,,1.0,,1.0,1.0
Apamea monoglypha,Not Found,Unknown,Unknown,Animalia,Arthropoda,Insecta,Lepidoptera,Noctuidae,Apamea,,,2.0,,,,,,
Nectria cinnabarina,Not Found,Unknown,Unknown,Fungi,Ascomycota,Sordariomycetes,Hypocreales,Nectriaceae,Nectria,,,,,,,,,1.0
Phalacrocera replicata,Not Found,Unknown,Unknown,Animalia,Arthropoda,Insecta,Diptera,Cylindrotomidae,Phalacrocera,,,1.0,,,,,,
Carex strigosa,Not Found,Unknown,Unknown,Plantae,Tracheophyta,Liliopsida,Poales,Cyperaceae,Carex,,1.0,,,,,,,
Falco tinnunculus,210515355,Least Concern,Unknown,Animalia,Chordata,Aves,Falconiformes,Falconidae,Falco,2.0,1.0,,1.0,,,,2.0,1.0
Phragmatobia fuliginosa,Not Found,Unknown,Unknown,Animalia,Arthropoda,Insecta,Lepidoptera,Erebidae,Phragmatobia,,,,,1.0,,,,
Selenia tetralunaria,Not Found,Unknown,Unknown,Animalia,Arthropoda,Insecta,Lepidoptera,Geometridae,Selenia,,,1.0,2.0,,,,,
Vanessa cardui,161326679,Least Concern,Unknown,Animalia,Arthropoda,Insecta,Lepidoptera,Nymphalidae,Vanessa,,,1.0,,,,,,
Drepana falcataria,Not Found,Unknown,Unknown,Animalia,Arthropoda,Insecta,Lepidoptera,Drepanidae,Drepana,,,,2.0,,,,,
Garrulus glandarius,196469765,Least Concern,Stable,Animalia,Chordata,Aves,Passeriformes,Corvidae,Garrulus,2.0,,,,,3.0,,1.0,3.0
Axylia putris,Not Found,Unknown,Unknown,Animalia,Arthropoda,Insecta,Lepidoptera,Noctuidae,Axylia,,,2.0,,,,,,
Anemone nemorosa,Not Found,Unknown,Unknown,Plantae,Tracheophyta,Magnoliopsida,Ranunculales,Ranunculaceae,Anemone,1.0,,,,1.0,1.0,4.0,3.0,1.0
Euglesa pulchella,211985841,Least Concern,Decreasing,Animalia,Mollusca,Bivalvia,Sphaeriida,Sphaeriidae,Euglesa,,,,,,1.0,,,
Microtus agrestis,221685446,Least Concern,Stable,Animalia,Chordata,Mammalia,Rodentia,Cricetidae,Microtus,,,,,,1.0,,,
Cepaea nemoralis,5013701,Least Concern,Stable,Animalia,Mollusca,Gastropoda,Stylommatophora,Helicidae,Cepaea,,,,,,1.0,,,
Spilosoma lubricipeda,Not Found,Unknown,Unknown,Animalia,Arthropoda,Insecta,Lepidoptera,Erebidae,Spilosoma,,,,1.0,,,,,
Macrodema microptera,Not Found,Unknown,Unknown,Animalia,Arthropoda,Insecta,Hemiptera,Rhyparochromidae,Macrodema,,,,,,1.0,,,
Stenophylax lateralis,Not Found,Unknown,Unknown,Animalia,Arthropoda,Insecta,Trichoptera,Limnephilidae,Stenophylax,,,,2.0,,,,,
Fulica atra,166239776,Near Threatened,Decreasing,Animalia,Chordata,Aves,Gruiformes,Rallidae,Fulica,2.0,,,,1.0,1.0,2.0,4.0,3.0
Euglesa personata,211985110,Least Concern,Decreasing,Animalia,Mollusca,Bivalvia,Sphaeriida,Sphaeriidae,Euglesa,,,,,,1.0,,,
Brachythecium rutabulum,87732839,Least Concern,Stable,Plantae,Bryophyta,Bryopsida,Hypnales,Brachytheciaceae,Brachythecium,,5.0,,,,,1.0,,
Pheosia gnoma,Not Found,Unknown,Unknown,Animalia,Arthropoda,Insecta,Lepidoptera,Notodontidae,Pheosia,,,1.0,4.0,,,,,
Anthriscus sylvestris,Not Found,Unknown,Unknown,Plantae,Tracheophyta,Magnoliopsida,Apiales,Apiaceae,Anthriscus,1.0,,,,,,2.0,1.0,
Arianta arbustorum,4949797,Least Concern,Stable,Animalia,Mollusca,Gastropoda,Stylommatophora,Helicidae,Arianta,,,,,1.0,,,,
Periparus ater,264545478,Least Concern,Stable,Animalia,Chordata,Aves,Passeriformes,Paridae,Periparus,1.0,,,,,2.0,2.0,,4.0
Gymnoscelis rufifasciata,Not Found,Unknown,Unknown,Animalia,Arthropoda,Insecta,Lepidoptera,Geometridae,Gymnoscelis,4.0,5.0,,3.0,2.0,,,1.0,
Osmia bicornis,21154926,Least Concern,Unknown,Animalia,Arthropoda,Insecta,Hymenoptera,Megachilidae,Osmia,,,1.0,,,1.0,,1.0,
Bufo bufo,200188858,Least Concern,Decreasing,Animalia,Chordata,Amphibia,Anura,Bufonidae,Bufo,,,,,,4.0,2.0,,
Anser brachyrhynchus,166191820,Least Concern,Increasing,Animalia,Chordata,Aves,Anseriformes,Anatidae,Anser,,,,,,,,,1.0
Limonia flavipes,Not Found,Unknown,Unknown,Animalia,Arthropoda,Insecta,Diptera,Limoniidae,Limonia,,1.0,,,,,,,
Tussilago farfara,2758465,Least Concern,Stable,Plantae,Tracheophyta,Magnoliopsida,Asterales,Asteraceae,Tussilago,1.0,,,,,1.0,,1.0,
Gemmabryum dichotomum,Not Found,Unknown,Unknown,Plantae,Bryophyta,Bryopsida,Bryales,Bryaceae,Gemmabryum,,4.0,,,,,,,
Oxychilus alliarius,1323544,Least Concern,Increasing,Animalia,Mollusca,Gastropoda,Stylommatophora,Oxychilidae,Oxychilus,,,,,1.0,,,,
Lewinskya affinis,87727290,Least Concern,Stable,Plantae,Bryophyta,Bryopsida,Orthotrichales,Orthotrichaceae,Lewinskya,4.0,3.0,,,,,,,
Chrysolina americana,Not Found,Unknown,Unknown,Animalia,Arthropoda,Insecta,Coleoptera,Chrysomelidae,Chrysolina,,1.0,3.0,,,,1.0,,
Orthosia gothica,Not Found,Unknown,Unknown,Animalia,Arthropoda,Insecta,Lepidoptera,Noctuidae,Orthosia,7.0,10.0,16.0,13.0,15.0,,,,
Calliergonella cuspidata,87836375,Least Concern,Stable,Plantae,Bryophyta,Bryopsida,Hypnales,Pylaisiaceae,Calliergonella,1.0,5.0,,,,,,,
Eristalis pertinax,152281614,Least Concern,Stable,Animalia,Arthropoda,Insecta,Diptera,Syrphidae,Eristalis,1.0,,,,,,,,2.0
Achlya flavicornis,Not Found,Unknown,Unknown,Animalia,Arthropoda,Insecta,Lepidoptera,Drepanidae,Achlya,,,,1.0,,,,,
Boeremia hedericola,Not Found,Unknown,Unknown,Fungi,Ascomycota,Dothideomycetes,Pleosporales,Didymellaceae,Boeremia,,,,,,,1.0,,
Chroicocephalus ridibundus,Not Found,Unknown,Unknown,Animalia,Chordata,Aves,Charadriiformes,Laridae,Chroicocephalus,2.0,1.0,1.0,1.0,2.0,1.0,1.0,5.0,7.0
Accipiter nisus,210499136,Least Concern,Unknown,Animalia,Chordata,Aves,Accipitriformes,Accipitridae,Accipiter,1.0,,,,1.0,,,,1.0
Caradrina morpheus,Not Found,Unknown,Unknown,Animalia,Arthropoda,Insecta,Lepidoptera,Noctuidae,Caradrina,,,,1.0,,,,,
Hylastes ater,Not Found,Unknown,Unknown,Animalia,Arthropoda,Insecta,Coleoptera,Curculionidae,Hylastes,,,,1.0,,,,,
Agonum fuliginosum,Not Found,Unknown,Unknown,Animalia,Arthropoda,Insecta,Coleoptera,Carabidae,Agonum,,,,1.0,,,1.0,1.0,1.0
Angelica sylvestris,19621071,Least Concern,Unknown,Plantae,Tracheophyta,Magnoliopsida,Apiales,Apiaceae,Angelica,,,,,,,1.0,,
Lunularia cruciata,87714722,Least Concern,Stable,Plantae,Marchantiophyta,Marchantiopsida,Lunulariales,Lunulariaceae,Lunularia,1.0,2.0,,,,,,,
Halyzia sedecimguttata,Not Found,Unknown,Unknown,Animalia,Arthropoda,Insecta,Coleoptera,Coccinellidae,Halyzia,,,,2.0,,,,,
Epirrhoe alternata,Not Found,Unknown,Unknown,Animalia,Arthropoda,Insecta,Lepidoptera,Geometridae,Epirrhoe,,,1.0,1.0,,,,,
Salix cinerea,86138163,Least Concern,Stable,Plantae,Tracheophyta,Magnoliopsida,Malpighiales,Salicaceae,Salix,,,,,,,1.0,,
Ectropis crepuscularia,Not Found,Unknown,Unknown,Animalia,Arthropoda,Insecta,Lepidoptera,Geometridae,Ectropis,,,,3.0,,,,,
Hydriomena impluviata,Not Found,Unknown,Unknown,Animalia,Arthropoda,Insecta,Lepidoptera,Geometridae,Hydriomena,,,,1.0,,,,,
Veronica filiformis,Not Found,Unknown,Unknown,Plantae,Tracheophyta,Magnoliopsida,Lamiales,Plantaginaceae,Veronica,,,,,,,2.0,,
Bombylius major,Not Found,Unknown,Unknown,Animalia,Arthropoda,Insecta,Diptera,Bombyliidae,Bombylius,,,,,1.0,,1.0,,
Lochmaea suturalis,Not Found,Unknown,Unknown,Animalia,Arthropoda,Insecta,Coleoptera,Chrysomelidae,Lochmaea,,,,,,,,1.0,
Stenopelmus rufinasus,Not Found,Unknown,Unknown,Animalia,Arthropoda,Insecta,Coleoptera,Brachyceridae,Stenopelmus,,,,,,1.0,,,
Symphytum orientale,Not Found,Unknown,Unknown,Plantae,Tracheophyta,Magnoliopsida,Boraginales,Boraginaceae,Symphytum,,,,,,,2.0,,
Conopodium majus,Not Found,Unknown,Unknown,Plantae,Tracheophyta,Magnoliopsida,Apiales,Apiaceae,Conopodium,,,,,,,1.0,,
Streptopelia decaocto,166435449,Least Concern,Stable,Animalia,Chordata,Aves,Columbiformes,Columbidae,Streptopelia,,,1.0,1.0,1.0,3.0,1.0,2.0,6.0
Veronica beccabunga,140517636,Least Concern,Unknown,Plantae,Tracheophyta,Magnoliopsida,Lamiales,Plantaginaceae,Veronica,,,,,,,1.0,,
Buteo buteo,210507000,Least Concern,Stable,Animalia,Chordata,Aves,Accipitriformes,Accipitridae,Buteo,4.0,2.0,,1.0,1.0,5.0,2.0,2.0,5.0
Lomographa bimaculata,Not Found,Unknown,Unknown,Animalia,Arthropoda,Insecta,Lepidoptera,Geometridae,Lomographa,,,,1.0,,,,,
Pica pica,264575751,Least Concern,Stable,Animalia,Chordata,Aves,Passeriformes,Corvidae,Pica,1.0,1.0,3.0,1.0,2.0,2.0,3.0,3.0,8.0
Lilioceris lilii,Not Found,Unknown,Unknown,Animalia,Arthropoda,Insecta,Coleoptera,Chrysomelidae,Lilioceris,,1.0,3.0,6.0,1.0,4.0,,,
Lamium purpureum,Not Found,Unknown,Unknown,Plantae,Tracheophyta,Magnoliopsida,Lamiales,Lamiaceae,Lamium,,,,,,,1.0,2.0,2.0
Potentilla sterilis,Not Found,Unknown,Unknown,Plantae,Tracheophyta,Magnoliopsida,Rosales,Rosaceae,Potentilla,,,,,,1.0,,,
Sambucus nigra,88328586,Least Concern,Stable,Plantae,Tracheophyta,Magnoliopsida,Dipsacales,Viburnaceae,Sambucus,1.0,,,,,,2.0,,
Leycesteria formosa,Not Found,Unknown,Unknown,Plantae,Tracheophyta,Magnoliopsida,Dipsacales,Caprifoliaceae,Leycesteria,,,,,,1.0,,,
Cirsium vulgare,Not Found,Unknown,Unknown,Plantae,Tracheophyta,Magnoliopsida,Asterales,Asteraceae,Cirsium,,1.0,,,,,,,
Hyacinthoides hispanica,Not Found,Unknown,Unknown,Plantae,Tracheophyta,Liliopsida,Asparagales,Asparagaceae,Hyacinthoides,,,,,1.0,,,,1.0
Pseudotaxiphyllum elegans,87780622,Least Concern,Stable,Plantae,Bryophyta,Bryopsida,Hypnales,Plagiotheciaceae,Pseudotaxiphyllum,,2.0,,,,,,,
Vinealobryum nicholsonii,Not Found,Unknown,Unknown,Plantae,Bryophyta,Bryopsida,Pottiales,Pottiaceae,Vinealobryum,,1.0,,,,,,,
Catops nigricans,Not Found,Unknown,Unknown,Animalia,Arthropoda,Insecta,Coleoptera,Leiodidae,Catops,,,,,,2.0,,1.0,
Dactylis glomerata,Not Found,Unknown,Unknown,Plantae,Tracheophyta,Liliopsida,Poales,Poaceae,Dactylis,1.0,,,,,,,,
Gonepteryx rhamni,53720018,Least Concern,Decreasing,Animalia,Arthropoda,Insecta,Lepidoptera,Pieridae,Gonepteryx,5.0,,7.0,22.0,20.0,,,,
Didymodon icmadophilus,88382524,Least Concern,Unknown,Plantae,Bryophyta,Bryopsida,Pottiales,Pottiaceae,Didymodon,,1.0,,,,,,,
Egretta garzetta,166459851,Least Concern,Decreasing,Animalia,Chordata,Aves,Pelecaniformes,Ardeidae,Egretta,,,,,,,,,1.0
Physa fontinalis,4903350,Least Concern,Stable,Animalia,Mollusca,Gastropoda,Unknown,Physidae,Physa,,,,,,1.0,,,
Stilbus testaceus,Not Found,Unknown,Unknown,Animalia,Arthropoda,Insecta,Coleoptera,Phalacridae,Stilbus,,,,,,1.0,,,
Dicranomyia chorea,Not Found,Unknown,Unknown,Animalia,Arthropoda,Insecta,Diptera,Limoniidae,Dicranomyia,,,,,,,,1.0,
Scardinius erythrophthalmus,221227850,Least Concern,Stable,Animalia,Chordata,Unknown,Cypriniformes,Cyprinidae,Scardinius,,,,,,,1.0,,1.0
Falco peregrinus,210513652,Least Concern,Unknown,Animalia,Chordata,Aves,Falconiformes,Falconidae,Falco,1.0,1.0,,,1.0,,,,
Subcoccinella vigintiquatuorpunctata,Not Found,Unknown,Unknown,Animalia,Arthropoda,Insecta,Coleoptera,Coccinellidae,Subcoccinella,,,,,,,1.0,,
Cochlicopa lubrica,85579921,Least Concern,Unknown,Animalia,Mollusca,Gastropoda,Stylommatophora,Cochlicopidae,Cochlicopa,,,,,,1.0,,,
Pipistrellus pygmaeus,216729008,Least Concern,Stable,Animalia,Chordata,Mammalia,Chiroptera,Vespertilionidae,Pipistrellus,,,,,,1.0,2.0,,
Amara communis,Not Found,Unknown,Unknown,Animalia,Arthropoda,Insecta,Coleoptera,Carabidae,Amara,,,,,,,1.0,,
Bombus lucorum,57351523,Least Concern,Stable,Animalia,Arthropoda,Insecta,Hymenoptera,Apidae,Bombus,,,,,2.0,1.0,,,
Acupalpus dubius,Not Found,Unknown,Unknown,Animalia,Arthropoda,Insecta,Coleoptera,Carabidae,Acupalpus,,,,,,,1.0,,1.0
Panolis flammea,Not Found,Unknown,Unknown,Animalia,Arthropoda,Insecta,Lepidoptera,Noctuidae,Panolis,1.0,,1.0,,,,,,
Stellaria media,2758351,Least Concern,Stable,Plantae,Tracheophyta,Magnoliopsida,Caryophyllales,Caryophyllaceae,Stellaria,2.0,,,,,,1.0,,
Orthotrichum pulchellum,87821384,Least Concern,Increasing,Plantae,Bryophyta,Bryopsida,Orthotrichales,Orthotrichaceae,Orthotrichum,,1.0,,,,,,,
Oligia fasciuncula,Not Found,Unknown,Unknown,Animalia,Arthropoda,Insecta,Lepidoptera,Noctuidae,Oligia,,,1.0,,,,,,
Cis boleti,Not Found,Unknown,Unknown,Animalia,Arthropoda,Insecta,Coleoptera,Ciidae,Cis,,,,,,1.0,,,
Acer pseudoplatanus,125923004,Least Concern,Unknown,Plantae,Tracheophyta,Magnoliopsida,Sapindales,Sapindaceae,Acer,,,,,,1.0,4.0,1.0,
Dicranoweisia cirrata,87773153,Least Concern,Stable,Plantae,Bryophyta,Bryopsida,Dicranales,Rhabdoweisiaceae,Dicranoweisia,,1.0,,,,,,,
Clostera curtula,Not Found,Unknown,Unknown,Animalia,Arthropoda,Insecta,Lepidoptera,Notodontidae,Clostera,,,1.0,,1.0,,,,
Gasterosteus aculeatus,221209504,Least Concern,Unknown,Animalia,Chordata,Unknown,Gasterosteiformes,Gasterosteidae,Gasterosteus,,,,,,,1.0,,
Dilophus febrilis,Not Found,Unknown,Unknown,Animalia,Arthropoda,Insecta,Diptera,Bibionidae,Dilophus,,,,,,,,1.0,
Grimmia trichophylla,87713865,Least Concern,Stable,Plantae,Bryophyta,Bryopsida,Grimmiales,Grimmiaceae,Grimmia,,1.0,,,,,,,
Cortinicara gibbosa,Not Found,Unknown,Unknown,Animalia,Arthropoda,Insecta,Coleoptera,Latridiidae,Cortinicara,,,,,,,,1.0,
Passer domesticus,199147773,Least Concern,Decreasing,Animalia,Chordata,Aves,Passeriformes,Passeridae,Passer,,1.0,1.0,1.0,,4.0,2.0,2.0,13.0
Spatula clypeata,166200605,Least Concern,Decreasing,Animalia,Chordata,Aves,Anseriformes,Anatidae,Spatula,,,,,1.0,,,,1.0
Lunaria annua,Not Found,Unknown,Unknown,Plantae,Tracheophyta,Magnoliopsida,Brassicales,Brassicaceae,Lunaria,,,,,1.0,2.0,1.0,,
Pterostichus diligens,Not Found,Unknown,Unknown,Animalia,Arthropoda,Insecta,Coleoptera,Carabidae,Pterostichus,,,,,,,,1.0,1.0
Polygonia c-album,53719853,Least Concern,Stable,Animalia,Arthropoda,Insecta,Lepidoptera,Nymphalidae,Polygonia,2.0,1.0,4.0,,,1.0,,,
Athene noctua,210505328,Least Concern,Unknown,Animalia,Chordata,Aves,Strigiformes,Strigidae,Athene,,,1.0,,,,,,
Vanessa atalanta,172421220,Least Concern,Unknown,Animalia,Arthropoda,Insecta,Lepidoptera,Nymphalidae,Vanessa,,,1.0,,,,,,
Crunoecia irrorata,Not Found,Unknown,Unknown,Animalia,Arthropoda,Insecta,Trichoptera,Lepidostomatidae,Crunoecia,1.0,,,,,,,,
Erythromma najas,208842979,Least Concern,Stable,Animalia,Arthropoda,Insecta,Odonata,Coenagrionidae,Erythromma,,,1.0,,,,,,
Oxyloma elegans,107219680,Least Concern,Stable,Animalia,Mollusca,Gastropoda,Stylommatophora,Succineidae,Oxyloma,,,,,,2.0,,,
Vinealobryum insulanum,Not Found,Unknown,Unknown,Plantae,Bryophyta,Bryopsida,Pottiales,Pottiaceae,Vinealobryum,,4.0,,,,,,,
Pentarthrum confine,Not Found,Unknown,Unknown,Animalia,Arthropoda,Insecta,Coleoptera,Curculionidae,Pentarthrum,,,,1.0,,,,1.0,
Altica lythri,Not Found,Unknown,Unknown,Animalia,Arthropoda,Insecta,Coleoptera,Chrysomelidae,Altica,,,,,,,1.0,,
Agapetus fuscipes,Not Found,Unknown,Unknown,Animalia,Arthropoda,Insecta,Trichoptera,Glossosomatidae,Agapetus,2.0,,,1.0,,,,,
Sturnus vulgaris,166360937,Least Concern,Stable,Animalia,Chordata,Aves,Passeriformes,Sturnidae,Sturnus,1.0,1.0,,1.0,1.0,1.0,2.0,3.0,5.0
Eupithecia indigata,Not Found,Unknown,Unknown,Animalia,Arthropoda,Insecta,Lepidoptera,Geometridae,Eupithecia,,,,1.0,,,,,
Rosa arvensis,Not Found,Unknown,Unknown,Plantae,Tracheophyta,Magnoliopsida,Rosales,Rosaceae,Rosa,,1.0,,,,,,,
Perca fluviatilis,221237573,Least Concern,Unknown,Animalia,Chordata,Unknown,Perciformes,Percidae,Perca,,,,,,,1.0,,1.0
Galium aparine,2765924,Least Concern,Stable,Plantae,Tracheophyta,Magnoliopsida,Gentianales,Rubiaceae,Galium,1.0,1.0,,,1.0,,3.0,,
Limnephilus centralis,Not Found,Unknown,Unknown,Animalia,Arthropoda,Insecta,Trichoptera,Limnephilidae,Limnephilus,,,,2.0,,,,,
Phaedon tumidulus,Not Found,Unknown,Unknown,Animalia,Arthropoda,Insecta,Coleoptera,Chrysomelidae,Phaedon,,,,,,1.0,1.0,,
Notiophilus biguttatus,Not Found,Unknown,Unknown,Animalia,Arthropoda,Insecta,Coleoptera,Carabidae,Notiophilus,,,,1.0,,1.0,,1.0,
Pterostichus vernalis,Not Found,Unknown,Unknown,Animalia,Arthropoda,Insecta,Coleoptera,Carabidae,Pterostichus,,,,,,,1.0,,
Notodonta ziczac,Not Found,Unknown,Unknown,Animalia,Arthropoda,Insecta,Lepidoptera,Notodontidae,Notodonta,,,,1.0,,,,,
Theridion mystaceum,Not Found,Unknown,Unknown,Animalia,Arthropoda,Arachnida,Araneae,Theridiidae,Theridion,,,,1.0,,,,,
Palomena prasina,Not Found,Unknown,Unknown,Animalia,Arthropoda,Insecta,Hemiptera,Pentatomidae,Palomena,,,,,1.0,,,,
Sylvia atricapilla,166384785,Least Concern,Increasing,Animalia,Chordata,Aves,Passeriformes,Sylviidae,Sylvia,,,1.0,,1.0,,,1.0,1.0
Didymodon rigidulus,87771901,Least Concern,Stable,Plantae,Bryophyta,Bryopsida,Pottiales,Pottiaceae,Didymodon,,2.0,,,,,,,
Phigalia pilosaria,Not Found,Unknown,Unknown,Animalia,Arthropoda,Insecta,Lepidoptera,Geometridae,Phigalia,,,1.0,,,,,,
Aglais urticae,53706994,Least Concern,Stable,Animalia,Arthropoda,Insecta,Lepidoptera,Nymphalidae,Aglais,3.0,3.0,6.0,2.0,1.0,,,,
Stenichnus collaris,Not Found,Unknown,Unknown,Animalia,Arthropoda,Insecta,Coleoptera,Staphylinidae,Stenichnus,,,,1.0,,,,1.0,
Rhyacophila dorsalis,Not Found,Unknown,Unknown,Animalia,Arthropoda,Insecta,Trichoptera,Rhyacophilidae,Rhyacophila,1.0,,,,,,,,
Xestia triangulum,Not Found,Unknown,Unknown,Animalia,Arthropoda,Insecta,Lepidoptera,Noctuidae,Xestia,,,1.0,,,,,,
Cardamine hirsuta,Not Found,Unknown,Unknown,Plantae,Tracheophyta,Magnoliopsida,Brassicales,Brassicaceae,Cardamine,1.0,,,,,,,,
Aulacomnium androgynum,87724214,Least Concern,Unknown,Plantae,Bryophyta,Bryopsida,Aulacomniales,Aulacomniaceae,Aulacomnium,1.0,1.0,,,,,,,
Diaphora mendica,Not Found,Unknown,Unknown,Animalia,Arthropoda,Insecta,Lepidoptera,Erebidae,Diaphora,,,,1.0,,,,,
Uromyces hyacinthi,Not Found,Unknown,Unknown,Fungi,Basidiomycota,Pucciniomycetes,Pucciniales,Pucciniaceae,Uromyces,,,,,,,2.0,,
Vulpes vulpes,46190249,Least Concern,Stable,Animalia,Chordata,Mammalia,Carnivora,Canidae,Vulpes,,,,,,2.0,,,
Arum italicum,Not Found,Unknown,Unknown,Plantae,Tracheophyta,Liliopsida,Alismatales,Araceae,Arum,,,,,,,1.0,,
Hydrometra stagnorum,Not Found,Unknown,Unknown,Animalia,Arthropoda,Insecta,Hemiptera,Hydrometridae,Hydrometra,,,,,,2.0,,,
Pinus sylvestris,95846320,Least Concern,Stable,Plantae,Tracheophyta,Pinopsida,Pinales,Pinaceae,Pinus,1.0,,,,,,,,
Propylaea quatuordecimpunctata,Not Found,Unknown,Unknown,Animalia,Arthropoda,Insecta,Coleoptera,Coccinellidae,Propylaea,,,,,,,,1.0,
Fissidens taxifolius,87769961,Least Concern,Stable,Plantae,Bryophyta,Bryopsida,Dicranales,Fissidentaceae,Fissidens,,1.0,,,,,,,
Hydropsyche fulvipes,Not Found,Unknown,Unknown,Animalia,Arthropoda,Insecta,Trichoptera,Hydropsychidae,Hydropsyche,1.0,,,,,,,,
Microvelia reticulata,Not Found,Unknown,Unknown,Animalia,Arthropoda,Insecta,Hemiptera,Veliidae,Microvelia,,,,,,1.0,,,
Aegopodium podagraria,Not Found,Unknown,Unknown,Plantae,Tracheophyta,Magnoliopsida,Apiales,Apiaceae,Aegopodium,,,,,,,1.0,1.0,
Eriocheir sinensis,Not Found,Unknown,Unknown,Animalia,Arthropoda,Malacostraca,Decapoda,Varunidae,Eriocheir,,,,,,,,1.0,
Eupithecia abbreviata,Not Found,Unknown,Unknown,Animalia,Arthropoda,Insecta,Lepidoptera,Geometridae,Eupithecia,1.0,2.0,4.0,6.0,6.0,,,,
Tringa totanus,166248623,Vulnerable,Decreasing,Animalia,Chordata,Aves,Charadriiformes,Scolopacidae,Tringa,,,,1.0,,,,,
Apus apus,166220766,Near Threatened,Decreasing,Animalia,Chordata,Aves,Apodiformes,Apodidae,Apus,,,4.0,1.0,,,,1.0,
Furcula bicuspis,Not Found,Unknown,Unknown,Animalia,Arthropoda,Insecta,Lepidoptera,Notodontidae,Furcula,,1.0,,1.0,,,,,
Arion subfuscus,85579367,Least Concern,Stable,Animalia,Mollusca,Gastropoda,Stylommatophora,Arionidae,Arion,,,,,,1.0,,,
Sciurus carolinensis,217344510,Not Applicable,Increasing,Animalia,Chordata,Mammalia,Rodentia,Sciuridae,Sciurus,3.0,,3.0,,,2.0,1.0,,
Bradycellus sharpi,Not Found,Unknown,Unknown,Animalia,Arthropoda,Insecta,Coleoptera,Carabidae,Bradycellus,,,,,,,,1.0,
Fissidens bryoides,87769787,Least Concern,Stable,Plantae,Bryophyta,Bryopsida,Dicranales,Fissidentaceae,Fissidens,,2.0,,,,,,,
Hedera helix,2758285,Least Concern,Stable,Plantae,Tracheophyta,Magnoliopsida,Apiales,Araliaceae,Hedera,1.0,1.0,,,,,1.0,,
Armillaria mellea,Not Found,Unknown,Unknown,Fungi,Basidiomycota,Agaricomycetes,Agaricales,Physalacriaceae,Armillaria,,,,,,,1.0,,
Chelidonium majus,2758225,Least Concern,Stable,Plantae,Tracheophyta,Magnoliopsida,Ranunculales,Papaveraceae,Chelidonium,,,,,1.0,,,1.0,
Parus major,264577711,Least Concern,Stable,Animalia,Chordata,Aves,Passeriformes,Paridae,Parus,2.0,,1.0,1.0,,3.0,3.0,3.0,9.0
Cis festivus,Not Found,Unknown,Unknown,Animalia,Arthropoda,Insecta,Coleoptera,Ciidae,Cis,,,,1.0,,,,,
Triturus cristatus,200183152,Least Concern,Decreasing,Animalia,Chordata,Amphibia,Caudata,Salamandridae,Triturus,,,8.0,,,,,,
Sigara semistriata,Not Found,Unknown,Unknown,Animalia,Arthropoda,Insecta,Hemiptera,Corixidae,Sigara,,,,,,1.0,,,
Lacanobia oleracea,Not Found,Unknown,Unknown,Animalia,Arthropoda,Insecta,Lepidoptera,Noctuidae,Lacanobia,,,1.0,2.0,1.0,,,,
Quercus robur,3126467,Least Concern,Decreasing,Plantae,Tracheophyta,Magnoliopsida,Fagales,Fagaceae,Quercus,1.0,1.0,,,,,,,
Bembidion aeneum,Not Found,Unknown,Unknown,Animalia,Arthropoda,Insecta,Coleoptera,Carabidae,Bembidion,,,,,,,1.0,,
Rhyzobius litura,Not Found,Unknown,Unknown,Animalia,Arthropoda,Insecta,Coleoptera,Coccinellidae,Rhyzobius,,,,,,,,,1.0
Colostygia pectinataria,Not Found,Unknown,Unknown,Animalia,Arthropoda,Insecta,Lepidoptera,Geometridae,Colostygia,,,1.0,1.0,,,,,
Dolycoris baccarum,Not Found,Unknown,Unknown,Animalia,Arthropoda,Insecta,Hemiptera,Pentatomidae,Dolycoris,,,,,1.0,,,,
Galanthus nivalis,5551773,Near Threatened,Decreasing,Plantae,Tracheophyta,Liliopsida,Asparagales,Amaryllidaceae,Galanthus,,,,,,,1.0,1.0,
Metzgeria violacea,87781490,Least Concern,Increasing,Plantae,Marchantiophyta,Jungermanniopsida,Metzgeriales,Metzgeriaceae,Metzgeria,6.0,,,,,,,,
Dasiphora fruticosa,Not Found,Unknown,Unknown,Plantae,Tracheophyta,Magnoliopsida,Rosales,Rosaceae,Dasiphora,,,,,,,1.0,,
Anisus vortex,4808390,Least Concern,Unknown,Animalia,Mollusca,Gastropoda,Unknown,Planorbidae,Anisus,,,,,,1.0,,,
Conocephalum conicum,87834471,Least Concern,Stable,Plantae,Marchantiophyta,Marchantiopsida,Marchantiales,Conocephalaceae,Conocephalum,,,,,,,2.0,,
Anisotoma humeralis,Not Found,Unknown,Unknown,Animalia,Arthropoda,Insecta,Coleoptera,Leiodidae,Anisotoma,,,,1.0,,,,,
Pinus nigra,95730813,Least Concern,Stable,Plantae,Tracheophyta,Pinopsida,Pinales,Pinaceae,Pinus,1.0,,,,,,,,
Rosulabryum capillare,Not Found,Unknown,Unknown,Plantae,Bryophyta,Bryopsida,Bryales,Bryaceae,Rosulabryum,1.0,4.0,,,,,,,
Typha latifolia,84300723,Least Concern,Stable,Plantae,Tracheophyta,Liliopsida,Poales,Typhaceae,Typha,1.0,,,,,,,,
Lepidozia reptans,87714454,Least Concern,Stable,Plantae,Marchantiophyta,Jungermanniopsida,Jungermanniales,Lepidoziaceae,Lepidozia,3.0,,,,,,,,
Pieris rapae,53720063,Least Concern,Increasing,Animalia,Arthropoda,Insecta,Lepidoptera,Pieridae,Pieris,,3.0,5.0,,,,,,
Larus marinus,166273324,Least Concern,Stable,Animalia,Chordata,Aves,Charadriiformes,Laridae,Larus,,,,1.0,,1.0,,,
Alliaria petiolata,Not Found,Unknown,Unknown,Plantae,Tracheophyta,Magnoliopsida,Brassicales,Brassicaceae,Alliaria,2.0,,1.0,,,3.0,1.0,10.0,
Chydorus sphaericus,Not Found,Unknown,Unknown,Animalia,Arthropoda,Branchiopoda,Diplostraca,Chydoridae,Chydorus,,1.0,,,,,,,
Caltha palustris,42321925,Least Concern,Stable,Plantae,Tracheophyta,Magnoliopsida,Ranunculales,Ranunculaceae,Caltha,,,,,,,2.0,2.0,
Cochlearia danica,Not Found,Unknown,Unknown,Plantae,Tracheophyta,Magnoliopsida,Brassicales,Brassicaceae,Cochlearia,1.0,,,,,,,,
Agrotis exclamationis,Not Found,Unknown,Unknown,Animalia,Arthropoda,Insecta,Lepidoptera,Noctuidae,Agrotis,,,2.0,2.0,,,,,
Agriopis marginaria,Not Found,Unknown,Unknown,Animalia,Arthropoda,Insecta,Lepidoptera,Geometridae,Agriopis,2.0,,,,1.0,,,,
Columba palumbus,166231450,Least Concern,Increasing,Animalia,Chordata,Aves,Columbiformes,Columbidae,Columba,2.0,1.0,1.0,1.0,2.0,4.0,3.0,5.0,21.0
Mimas tiliae,Not Found,Unknown,Unknown,Animalia,Arthropoda,Insecta,Lepidoptera,Sphingidae,Mimas,,1.0,1.0,1.0,1.0,,,,
Aethalura punctulata,Not Found,Unknown,Unknown,Animalia,Arthropoda,Insecta,Lepidoptera,Geometridae,Aethalura,,1.0,,1.0,,,,,
Orthotomicus suturalis,Not Found,Unknown,Unknown,Animalia,Arthropoda,Insecta,Coleoptera,Curculionidae,Orthotomicus,,,,1.0,,,,,
Thuidium tamariscinum,87743497,Least Concern,Stable,Plantae,Bryophyta,Bryopsida,Hypnales,Thuidiaceae,Thuidium,2.0,,,,,,1.0,,
Anser anser,166194209,Least Concern,Increasing,Animalia,Chordata,Aves,Anseriformes,Anatidae,Anser,,,,,,1.0,,,
Leistus terminatus,Not Found,Unknown,Unknown,Animalia,Arthropoda,Insecta,Coleoptera,Carabidae,Leistus,,,,1.0,,,,,
Lepus europaeus,45187424,Least Concern,Decreasing,Animalia,Chordata,Mammalia,Lagomorpha,Leporidae,Lepus,3.0,,,,,,,,
Lycia hirtaria,Not Found,Unknown,Unknown,Animalia,Arthropoda,Insecta,Lepidoptera,Geometridae,Lycia,,1.0,1.0,,,1.0,1.0,,
Leucorrhinia dubia,208821567,Vulnerable,Decreasing,Animalia,Arthropoda,Insecta,Odonata,Libellulidae,Leucorrhinia,,,,3.0,,1.0,,,
Arum maculatum,Not Found,Unknown,Unknown,Plantae,Tracheophyta,Liliopsida,Alismatales,Araceae,Arum,,1.0,,,,,7.0,,
Strix aluco,264546097,Least Concern,Stable,Animalia,Chordata,Aves,Strigiformes,Strigidae,Strix,,1.0,,,1.0,,,1.0,
Orthosia cruda,Not Found,Unknown,Unknown,Animalia,Arthropoda,Insecta,Lepidoptera,Noctuidae,Orthosia,3.0,,2.0,5.0,7.0,,,,
Ceratodon purpureus,87768999,Least Concern,Stable,Plantae,Bryophyta,Bryopsida,Dicranales,Ditrichaceae,Ceratodon,,5.0,,,,,,,
Eupithecia exiguata,Not Found,Unknown,Unknown,Animalia,Arthropoda,Insecta,Lepidoptera,Geometridae,Eupithecia,,,,1.0,,,,,
Orthosia incerta,Not Found,Unknown,Unknown,Animalia,Arthropoda,Insecta,Lepidoptera,Noctuidae,Orthosia,3.0,3.0,8.0,5.0,4.0,,,,
Potamopyrgus antipodarum,738398,Least Concern,Stable,Animalia,Mollusca,Gastropoda,Littorinimorpha,Tateidae,Potamopyrgus,,1.0,,,,1.0,,,
Demetrias atricapillus,Not Found,Unknown,Unknown,Animalia,Arthropoda,Insecta,Coleoptera,Carabidae,Demetrias,,,,,,,1.0,,
Viola riviniana,Not Found,Unknown,Unknown,Plantae,Tracheophyta,Magnoliopsida,Malpighiales,Violaceae,Viola,1.0,,,,,,,,
Mareca strepera,166198537,Least Concern,Increasing,Animalia,Chordata,Aves,Anseriformes,Anatidae,Mareca,,,,,2.0,,,,
Dryopteris dilatata,85425018,Least Concern,Stable,Plantae,Tracheophyta,Polypodiopsida,Polypodiales,Dryopteridaceae,Dryopteris,,,,,,,1.0,,
Cryphaea heteromalla,87768617,Least Concern,Increasing,Plantae,Bryophyta,Bryopsida,Hypnales,Cryphaeaceae,Cryphaea,1.0,,,,,,,,
Anabolia nervosa,Not Found,Unknown,Unknown,Animalia,Arthropoda,Insecta,Trichoptera,Limnephilidae,Anabolia,,,,,,2.0,,,
Glechoma hederacea,2762526,Least Concern,Stable,Plantae,Tracheophyta,Magnoliopsida,Lamiales,Lamiaceae,Glechoma,,1.0,,,,,,,
Cygnus olor,166189862,Least Concern,Increasing,Animalia,Chordata,Aves,Anseriformes,Anatidae,Cygnus,,,,,1.0,1.0,,4.0,
Petasites hybridus,2758423,Least Concern,Stable,Plantae,Tracheophyta,Magnoliopsida,Asterales,Asteraceae,Petasites,,,,,,,,2.0,
Odontopera bidentata,Not Found,Unknown,Unknown,Animalia,Arthropoda,Insecta,Lepidoptera,Geometridae,Odontopera,,,,1.0,,,,,
Apamea sordens,Not Found,Unknown,Unknown,Animalia,Arthropoda,Insecta,Lepidoptera,Noctuidae,Apamea,,,1.0,,,,,,
Prunus avium,50673544,Least Concern,Stable,Plantae,Tracheophyta,Magnoliopsida,Rosales,Rosaceae,Prunus,,1.0,,,,,1.0,,
Auricularia auricula-judae,Not Found,Unknown,Unknown,Fungi,Basidiomycota,Agaricomycetes,Auriculariales,Auriculariaceae,Auricularia,,,,,,,1.0,1.0,
Drepanocladus aduncus,87767063,Least Concern,Stable,Plantae,Bryophyta,Bryopsida,Hypnales,Amblystegiaceae,Drepanocladus,,1.0,,,,,,,
Mareca penelope,166199138,Least Concern,Decreasing,Animalia,Chordata,Aves,Anseriformes,Anatidae,Mareca,1.0,,,,,,,,
Larus fuscus,166275319,Least Concern,Increasing,Animalia,Chordata,Aves,Charadriiformes,Laridae,Larus,,,,,,1.0,,,1.0
Melanostoma scalare,149171422,Least Concern,Unknown,Animalia,Arthropoda,Insecta,Diptera,Syrphidae,Melanostoma,,,,,,,,1.0,
Loricera pilicornis,Not Found,Unknown,Unknown,Animalia,Arthropoda,Insecta,Coleoptera,Carabidae,Loricera,,,,,,1.0,,,
Ocypus olens,Not Found,Unknown,Unknown,Animalia,Arthropoda,Insecta,Coleoptera,Staphylinidae,Ocypus,,,,,,,,,1.0
Amblystegium serpens,87766856,Least Concern,Stable,Plantae,Bryophyta,Bryopsida,Hypnales,Amblystegiaceae,Amblystegium,,5.0,,,,,,,
Enicmus transversus,Not Found,Unknown,Unknown,Animalia,Arthropoda,Insecta,Coleoptera,Latridiidae,Enicmus,,,,,,,,1.0,
Vaccinium myrtillus,14707728,Least Concern,Decreasing,Plantae,Tracheophyta,Magnoliopsida,Ericales,Ericaceae,Vaccinium,1.0,,,,,,,,
Daldinia concentrica,Not Found,Unknown,Unknown,Fungi,Ascomycota,Sordariomycetes,Xylariales,Hypoxylaceae,Daldinia,,,,,,,,1.0,
Octotemnus glabriculus,Not Found,Unknown,Unknown,Animalia,Arthropoda,Insecta,Coleoptera,Ciidae,Octotemnus,,,,,,1.0,,,
Phalaris arundinacea,1021826,Least Concern,Unknown,Plantae,Tracheophyta,Liliopsida,Poales,Poaceae,Phalaris,1.0,,,,,,,,
Longitarsus melanocephalus,Not Found,Unknown,Unknown,Animalia,Arthropoda,Insecta,Coleoptera,Chrysomelidae,Longitarsus,,,,,,,,1.0,
Strophosoma melanogrammum,Not Found,Unknown,Unknown,Animalia,Arthropoda,Insecta,Coleoptera,Curculionidae,Strophosoma,,,,1.0,,1.0,,1.0,
Drupenatus nasturtii,Not Found,Unknown,Unknown,Animalia,Arthropoda,Insecta,Coleoptera,Curculionidae,Drupenatus,,,,,,1.0,,,
Bradycellus harpalinus,Not Found,Unknown,Unknown,Animalia,Arthropoda,Insecta,Coleoptera,Carabidae,Bradycellus,,,,,,,1.0,,
Pentaglottis sempervirens,Not Found,Unknown,Unknown,Plantae,Tracheophyta,Magnoliopsida,Boraginales,Boraginaceae,Pentaglottis,1.0,,2.0,,1.0,,,12.0,
Chrysosplenium oppositifolium,Not Found,Unknown,Unknown,Plantae,Tracheophyta,Magnoliopsida,Saxifragales,Saxifragaceae,Chrysosplenium,1.0,,,,,1.0,1.0,1.0,
Orthotrichum diaphanum,87727888,Least Concern,Increasing,Plantae,Bryophyta,Bryopsida,Orthotrichales,Orthotrichaceae,Orthotrichum,,1.0,,,,,,,
Limnephilus griseus,Not Found,Unknown,Unknown,Animalia,Arthropoda,Insecta,Trichoptera,Limnephilidae,Limnephilus,,,,1.0,,,,,
Erica cinerea,2758531,Least Concern,Decreasing,Plantae,Tracheophyta,Magnoliopsida,Ericales,Ericaceae,Erica,1.0,,,,,,,,
Pellia epiphylla,87738275,Least Concern,Stable,Plantae,Marchantiophyta,Jungermanniopsida,Pelliales,Pelliaceae,Pellia,2.0,,,,,,,,
Coccidula rufa,Not Found,Unknown,Unknown,Animalia,Arthropoda,Insecta,Coleoptera,Coccinellidae,Coccidula,,,,,,,1.0,,
Cerylon histeroides,Not Found,Unknown,Unknown,Animalia,Arthropoda,Insecta,Coleoptera,Cerylonidae,Cerylon,,,,1.0,,,,,1.0
Hoplodrina blanda,Not Found,Unknown,Unknown,Animalia,Arthropoda,Insecta,Lepidoptera,Noctuidae,Hoplodrina,,,1.0,,,,,,
Troglodytes troglodytes,199569861,Least Concern,Increasing,Animalia,Chordata,Aves,Passeriformes,Troglodytidae,Troglodytes,1.0,2.0,1.0,1.0,,2.0,3.0,3.0,6.0
Selenia dentaria,Not Found,Unknown,Unknown,Animalia,Arthropoda,Insecta,Lepidoptera,Geometridae,Selenia,,3.0,2.0,,2.0,,,,
Enallagma cyathigerum,208854649,Least Concern,Stable,Animalia,Arthropoda,Insecta,Odonata,Coenagrionidae,Enallagma,,,1.0,,,,,,
Forficula auricularia,Not Found,Unknown,Unknown,Animalia,Arthropoda,Insecta,Dermaptera,Forficulidae,Forficula,,,,,1.0,,,,
Peribatodes rhomboidaria,Not Found,Unknown,Unknown,Animalia,Arthropoda,Insecta,Lepidoptera,Geometridae,Peribatodes,,,4.0,,,,,,
Jacobaea vulgaris,Not Found,Unknown,Unknown,Plantae,Tracheophyta,Magnoliopsida,Asterales,Asteraceae,Jacobaea,1.0,,,,,1.0,,,
Lissotriton vulgaris,229006372,Least Concern,Stable,Animalia,Chordata,Amphibia,Caudata,Salamandridae,Lissotriton,1.0,,,,,,,,
Lophocolea bidentata,87714673,Least Concern,Stable,Plantae,Marchantiophyta,Jungermanniopsida,Jungermanniales,Lophocoleaceae,Lophocolea,7.0,3.0,,,,,,,
Biston betularia,Not Found,Unknown,Unknown,Animalia,Arthropoda,Insecta,Lepidoptera,Geometridae,Biston,,,2.0,1.0,,,,,
Nepa cinerea,Not Found,Unknown,Unknown,Animalia,Arthropoda,Insecta,Hemiptera,Nepidae,Nepa,,,,,,1.0,,,
Pipistrellus pipistrellus,211012245,Least Concern,Stable,Animalia,Chordata,Mammalia,Chiroptera,Vespertilionidae,Pipistrellus,,,,,,,2.0,,
Viburnum opulus,2758243,Least Concern,Stable,Plantae,Tracheophyta,Magnoliopsida,Dipsacales,Viburnaceae,Viburnum,,,,,,,1.0,,
Paranchus albipes,Not Found,Unknown,Unknown,Animalia,Arthropoda,Insecta,Coleoptera,Carabidae,Paranchus,,,,,,1.0,,,
Motacilla cinerea,221313612,Least Concern,Stable,Animalia,Chordata,Aves,Passeriformes,Motacillidae,Motacilla,,,,,1.0,,,,
Cryptocephalus pusillus,Not Found,Unknown,Unknown,Animalia,Arthropoda,Insecta,Coleoptera,Chrysomelidae,Cryptocephalus,,,,,,1.0,,,
Vanellus vanellus,166266204,Vulnerable,Decreasing,Animalia,Chordata,Aves,Charadriiformes,Charadriidae,Vanellus,,,,1.0,,,,2.0,
Corvus corone,264543876,Least Concern,Stable,Animalia,Chordata,Aves,Passeriformes,Corvidae,Corvus,3.0,,1.0,1.0,1.0,1.0,3.0,6.0,16.0
Nedyus quadrimaculatus,Not Found,Unknown,Unknown,Animalia,Arthropoda,Insecta,Coleoptera,Curculionidae,Nedyus,,,,,,,,,1.0
Eristalis tenax,151663293,Least Concern,Stable,Animalia,Arthropoda,Insecta,Diptera,Syrphidae,Eristalis,,,,,,,,,1.0
Coenagrion pulchellum,208837994,Least Concern,Stable,Animalia,Arthropoda,Insecta,Odonata,Coenagrionidae,Coenagrion,,2.0,2.0,,,,,,
Acanthosoma haemorrhoidale,Not Found,Unknown,Unknown,Animalia,Arthropoda,Insecta,Hemiptera,Acanthosomatidae,Acanthosoma,,,,,,,,1.0,
Tethea ocularis,Not Found,Unknown,Unknown,Animalia,Arthropoda,Insecta,Lepidoptera,Drepanidae,Tethea,,,1.0,1.0,,,,,
Hadena bicruris,Not Found,Unknown,Unknown,Animalia,Arthropoda,Insecta,Lepidoptera,Noctuidae,Hadena,,,1.0,,,,,,
Silene dioica,Not Found,Unknown,Unknown,Plantae,Tracheophyta,Magnoliopsida,Caryophyllales,Caryophyllaceae,Silene,1.0,,3.0,,1.0,2.0,4.0,6.0,
Linaria cannabina,166415057,Least Concern,Increasing,Animalia,Chordata,Aves,Passeriformes,Fringillidae,Linaria,,,,1.0,,,,,
Zootoca vivipara,217510164,Least Concern,Unknown,Animalia,Chordata,Squamata,Unknown,Lacertidae,Zootoca,,,,,1.0,,,,
Conistra vaccinii,Not Found,Unknown,Unknown,Animalia,Arthropoda,Insecta,Lepidoptera,Noctuidae,Conistra,,1.0,,2.0,,,,,2.0
Opisthograptis luteolata,Not Found,Unknown,Unknown,Animalia,Arthropoda,Insecta,Lepidoptera,Geometridae,Opisthograptis,,1.0,3.0,4.0,,,,,
Funaria hygrometrica,87770415,Least Concern,Stable,Plantae,Bryophyta,Bryopsida,Funariales,Funariaceae,Funaria,,1.0,,,,,,,
Vinca major,Not Found,Unknown,Unknown,Plantae,Tracheophyta,Magnoliopsida,Gentianales,Apocynaceae,Vinca,,,,,,,,2.0,
Trichostegia minor,Not Found,Unknown,Unknown,Animalia,Arthropoda,Insecta,Trichoptera,Phryganeidae,Trichostegia,2.0,,,1.0,,,,,
Hypnum cupressiforme,87713959,Least Concern,Stable,Plantae,Bryophyta,Bryopsida,Hypnales,Hypnaceae,Hypnum,2.0,5.0,,,,,1.0,,
Mustela nivalis,45200499,Least Concern,Stable,Animalia,Chordata,Mammalia,Carnivora,Mustelidae,Mustela,,,,,,1.0,,,
Rumex sanguineus,Not Found,Unknown,Unknown,Plantae,Tracheophyta,Magnoliopsida,Caryophyllales,Polygonaceae,Rumex,,1.0,,,,,,1.0,
Ischnura elegans,208836177,Least Concern,Decreasing,Animalia,Arthropoda,Insecta,Odonata,Coenagrionidae,Ischnura,,,1.0,,,1.0,,,
Lathys humilis,Not Found,Unknown,Unknown,Animalia,Arthropoda,Arachnida,Araneae,Dictynidae,Lathys,,,,1.0,,,,,
Rhizophagus ferrugineus,Not Found,Unknown,Unknown,Animalia,Arthropoda,Insecta,Coleoptera,Monotomidae,Rhizophagus,,,,,,,,1.0,
Noctua pronuba,Not Found,Unknown,Unknown,Animalia,Arthropoda,Insecta,Lepidoptera,Noctuidae,Noctua,,,2.0,,,,,,
Rhytidiadelphus squarrosus,87737123,Least Concern,Stable,Plantae,Bryophyta,Bryopsida,Hypnales,Hylocomiaceae,Rhytidiadelphus,3.0,5.0,,,,,,,
Caenis horaria,Not Found,Unknown,Unknown,Animalia,Arthropoda,Insecta,Ephemeroptera,Caenidae,Caenis,,,,,,1.0,,,
Bombus terrestris,57372577,Least Concern,Increasing,Animalia,Arthropoda,Insecta,Hymenoptera,Apidae,Bombus,1.0,,,4.0,8.0,11.0,3.0,7.0,3.0
Perapion hydrolapathi,Not Found,Unknown,Unknown,Animalia,Arthropoda,Insecta,Coleoptera,Brentidae,Perapion,,,,,,,1.0,,
Marchantia polymorpha,87781155,Least Concern,Stable,Plantae,Marchantiophyta,Marchantiopsida,Marchantiales,Marchantiaceae,Marchantia,1.0,2.0,,,,,,,
Vespula vulgaris,Not Found,Unknown,Unknown,Animalia,Arthropoda,Insecta,Hymenoptera,Vespidae,Vespula,,,1.0,,,,,,
Notodonta dromedarius,Not Found,Unknown,Unknown,Animalia,Arthropoda,Insecta,Lepidoptera,Notodontidae,Notodonta,,,,,2.0,,,,
Campylopus introflexus,87771114,Not Applicable,Increasing,Plantae,Bryophyta,Bryopsida,Dicranales,Leucobryaceae,Campylopus,,1.0,,,,,,,
Phytomyza ilicis,Not Found,Unknown,Unknown,Animalia,Arthropoda,Insecta,Diptera,Agromyzidae,Phytomyza,,,,,,,2.0,,
Streblotrichum convolutum,87738521,Least Concern,Stable,Plantae,Bryophyta,Bryopsida,Pottiales,Pottiaceae,Streblotrichum,,2.0,,,,,,,
Xanthorhoe fluctuata,Not Found,Unknown,Unknown,Animalia,Arthropoda,Insecta,Lepidoptera,Geometridae,Xanthorhoe,,1.0,,1.0,,,,,
Homalothecium lutescens,87778095,Least Concern,Stable,Plantae,Bryophyta,Bryopsida,Hypnales,Brachytheciaceae,Homalothecium,,1.0,,,,,,,
Symphoricarpos albus,Not Found,Unknown,Unknown,Plantae,Tracheophyta,Magnoliopsida,Dipsacales,Caprifoliaceae,Symphoricarpos,,,,,,,1.0,,
Trochulus hispidus,126101798,Least Concern,Stable,Animalia,Mollusca,Gastropoda,Stylommatophora,Hygromiidae,Trochulus,,,,,,1.0,,,
Allium ursinum,6826231,Least Concern,Unknown,Plantae,Tracheophyta,Liliopsida,Asparagales,Amaryllidaceae,Allium,,2.0,,,1.0,1.0,2.0,3.0,
Betula pendula,3115662,Least Concern,Stable,Plantae,Tracheophyta,Magnoliopsida,Fagales,Betulaceae,Betula,,,,,,,1.0,,
Xanthorhoe ferrugata,Not Found,Unknown,Unknown,Animalia,Arthropoda,Insecta,Lepidoptera,Geometridae,Xanthorhoe,,,,1.0,,,,,
Acrocephalus schoenobaenus,166375661,Least Concern,Unknown,Animalia,Chordata,Aves,Passeriformes,Acrocephalidae,Acrocephalus,,,,,1.0,,,,
Anticlea derivata,Not Found,Unknown,Unknown,Animalia,Arthropoda,Insecta,Lepidoptera,Geometridae,Anticlea,,,,,1.0,,,,
Acrocephalus scirpaceus,264583071,Least Concern,Stable,Animalia,Chordata,Aves,Passeriformes,Acrocephalidae,Acrocephalus,,,,,1.0,,,1.0,
Aubrieta deltoidea,Not Found,Unknown,Unknown,Plantae,Tracheophyta,Magnoliopsida,Brassicales,Brassicaceae,Aubrieta,,,,,,,,1.0,
Limnephilus lunatus,Not Found,Unknown,Unknown,Animalia,Arthropoda,Insecta,Trichoptera,Limnephilidae,Limnephilus,1.0,,,1.0,,4.0,,,
Nola confusalis,Not Found,Unknown,Unknown,Animalia,Arthropoda,Insecta,Lepidoptera,Nolidae,Nola,,,,3.0,2.0,,,,
Porcellio scaber,Not Found,Unknown,Unknown,Animalia,Arthropoda,Malacostraca,Isopoda,Porcellionidae,Porcellio,,,,,,1.0,,,
Falcaria lacertinaria,Not Found,Unknown,Unknown,Animalia,Arthropoda,Insecta,Lepidoptera,Drepanidae,Falcaria,,1.0,,2.0,,,,,
Aix galericulata,131911544,Least Concern,Decreasing,Animalia,Chordata,Aves,Anseriformes,Anatidae,Aix,,,,,,4.0,,1.0,
Dendrocopos major,166214479,Least Concern,Decreasing,Animalia,Chordata,Aves,Piciformes,Picidae,Dendrocopos,1.0,,1.0,,,2.0,3.0,,3.0
Limnanthes douglasii,Not Found,Unknown,Unknown,Plantae,Tracheophyta,Magnoliopsida,Brassicales,Limnanthaceae,Limnanthes,,2.0,,,,,,,
Stigmella aurella,Not Found,Unknown,Unknown,Animalia,Arthropoda,Insecta,Lepidoptera,Nepticulidae,Stigmella,,,,,,,3.0,,
Dicranomyia morio,Not Found,Unknown,Unknown,Animalia,Arthropoda,Insecta,Diptera,Limoniidae,Dicranomyia,1.0,,,,,,,,
Nebria brevicollis,Not Found,Unknown,Unknown,Animalia,Arthropoda,Insecta,Coleoptera,Carabidae,Nebria,,,,,1.0,,1.0,,
Struthiopteris spicant,Not Found,Unknown,Unknown,Plantae,Tracheophyta,Polypodiopsida,Polypodiales,Blechnaceae,Struthiopteris,,,,,,,,1.0,
Exomias pellucidus,Not Found,Unknown,Unknown,Animalia,Arthropoda,Insecta,Coleoptera,Curculionidae,Exomias,,,,,,1.0,1.0,,
Scleropodium cespitans,87768466,Least Concern,Stable,Plantae,Bryophyta,Bryopsida,Hypnales,Brachytheciaceae,Scleropodium,,1.0,,,,,,,
Andrena cineraria,21309047,Least Concern,Unknown,Animalia,Arthropoda,Insecta,Hymenoptera,Andrenidae,Andrena,,,,,,2.0,,,
Psylliodes napi,Not Found,Unknown,Unknown,Animalia,Arthropoda,Insecta,Coleoptera,Chrysomelidae,Psylliodes,,,,,,,,,1.0
Apis mellifera,42463665,Data Deficient,Unknown,Animalia,Arthropoda,Insecta,Hymenoptera,Apidae,Apis,,,1.0,,,,,1.0,1.0
Eupithecia pulchellata,Not Found,Unknown,Unknown,Animalia,Arthropoda,Insecta,Lepidoptera,Geometridae,Eupithecia,,,,2.0,,,,,
Codriophorus acicularis,Not Found,Unknown,Unknown,Plantae,Bryophyta,Bryopsida,Grimmiales,Grimmiaceae,Codriophorus,,1.0,,,,,,,
Tadorna tadorna,166197940,Least Concern,Stable,Animalia,Chordata,Aves,Anseriformes,Anatidae,Tadorna,,,,1.0,,,,,1.0
Phyllocoptes eupadi,Not Found,Unknown,Unknown,Animalia,Arthropoda,Arachnida,Trombidiformes,Eriophyidae,Phyllocoptes,,,,,,,1.0,,
Ecliptopera silaceata,Not Found,Unknown,Unknown,Animalia,Arthropoda,Insecta,Lepidoptera,Geometridae,Ecliptopera,,,1.0,1.0,,,,,
Polytrichum commune,87782730,Least Concern,Stable,Plantae,Bryophyta,Polytrichopsida,Polytrichales,Polytrichaceae,Polytrichum,,,,,,,,1.0,
Amara aenea,Not Found,Unknown,Unknown,Animalia,Arthropoda,Insecta,Coleoptera,Carabidae,Amara,,,,,,,,1.0,
Turdus philomelos,166346863,Least Concern,Stable,Animalia,Chordata,Aves,Passeriformes,Turdidae,Turdus,1.0,,1.0,1.0,,1.0,1.0,3.0,5.0
Aegithalos caudatus,264587236,Least Concern,Stable,Animalia,Chordata,Aves,Passeriformes,Aegithalidae,Aegithalos,1.0,,,1.0,,2.0,3.0,1.0,5.0
Pseudoscleropodium purum,88382414,Least Concern,Stable,Plantae,Bryophyta,Bryopsida,Hypnales,Brachytheciaceae,Pseudoscleropodium,,1.0,,,,,,,
Cloeon dipterum,Not Found,Unknown,Unknown,Animalia,Arthropoda,Insecta,Ephemeroptera,Baetidae,Cloeon,,,,,,2.0,,,
Stenodema holsata,Not Found,Unknown,Unknown,Animalia,Arthropoda,Insecta,Hemiptera,Miridae,Stenodema,,,1.0,,,,,,
Pieris napi,53720059,Least Concern,Decreasing,Animalia,Arthropoda,Insecta,Lepidoptera,Pieridae,Pieris,,,,9.0,5.0,1.0,,,
Limnephilus marmoratus,Not Found,Unknown,Unknown,Animalia,Arthropoda,Insecta,Trichoptera,Limnephilidae,Limnephilus,1.0,,,,,1.0,,,
Limnephilus luridus,Not Found,Unknown,Unknown,Animalia,Arthropoda,Insecta,Trichoptera,Limnephilidae,Limnephilus,1.0,,,,,,,,
Libellula depressa,208853768,Least Concern,Stable,Animalia,Arthropoda,Insecta,Odonata,Libellulidae,Libellula,,,1.0,,2.0,,,,
Abrostola tripartita,Not Found,Unknown,Unknown,Animalia,Arthropoda,Insecta,Lepidoptera,Noctuidae,Abrostola,,,,1.0,,,,,
Euthrix potatoria,Not Found,Unknown,Unknown,Animalia,Arthropoda,Insecta,Lepidoptera,Lasiocampidae,Euthrix,,,1.0,,,1.0,,,
Athripsodes aterrimus,Not Found,Unknown,Unknown,Animalia,Arthropoda,Insecta,Trichoptera,Leptoceridae,Athripsodes,,,,,,1.0,,,
Coloeus monedula,Not Found,Unknown,Unknown,Animalia,Chordata,Aves,Passeriformes,Corvidae,Coloeus,,,3.0,2.0,3.0,7.0,1.0,4.0,5.0
Larus argentatus,206585142,Least Concern,Decreasing,Animalia,Chordata,Aves,Charadriiformes,Laridae,Larus,,,,,1.0,,1.0,2.0,5.0
Cornu aspersum,5012868,Least Concern,Stable,Animalia,Mollusca,Gastropoda,Stylommatophora,Helicidae,Cornu,,,,,,,,1.0,
Jackrogersella multiformis,Not Found,Unknown,Unknown,Fungi,Ascomycota,Sordariomycetes,Xylariales,Hypoxylaceae,Jackrogersella,,,,,,,1.0,,
Phalera bucephala,Not Found,Unknown,Unknown,Animalia,Arthropoda,Insecta,Lepidoptera,Notodontidae,Phalera,,,1.0,,,,,,
Sylvia communis,Not Found,Unknown,Unknown,Animalia,Chordata,Aves,Passeriformes,Sylviidae,Sylvia,,,,,1.0,,1.0,1.0,
Byturus ochraceus,Not Found,Unknown,Unknown,Animalia,Arthropoda,Insecta,Coleoptera,Byturidae,Byturus,,,,,,1.0,,,
Saxicola rubicola,Not Found,Unknown,Unknown,Animalia,Chordata,Aves,Passeriformes,Muscicapidae,Saxicola,,,,,,,,1.0,
Melanchra persicariae,Not Found,Unknown,Unknown,Animalia,Arthropoda,Insecta,Lepidoptera,Noctuidae,Melanchra,,,1.0,,,,,,
Episyrphus balteatus,149167683,Least Concern,Unknown,Animalia,Arthropoda,Insecta,Diptera,Syrphidae,Episyrphus,,,,,,,,,1.0
Lonicera pileata,Not Found,Unknown,Unknown,Plantae,Tracheophyta,Magnoliopsida,Dipsacales,Caprifoliaceae,Lonicera,,,,,,,2.0,,
Tachybaptus ruficollis,166311395,Least Concern,Stable,Animalia,Chordata,Aves,Podicipediformes,Podicipedidae,Tachybaptus,,,,1.0,,,,,1.0
Neuraphes elongatulus,Not Found,Unknown,Unknown,Animalia,Arthropoda,Insecta,Coleoptera,Staphylinidae,Neuraphes,,,,,,,,1.0,1.0
Sorbus aucuparia,112304840,Least Concern,Unknown,Plantae,Tracheophyta,Magnoliopsida,Rosales,Rosaceae,Sorbus,,,,,,,1.0,,
Pieris brassicae,53720039,Least Concern,Stable,Animalia,Arthropoda,Insecta,Lepidoptera,Pieridae,Pieris,,1.0,6.0,,1.0,,,,
Anabolia brevipennis,Not Found,Unknown,Unknown,Animalia,Arthropoda,Insecta,Trichoptera,Limnephilidae,Anabolia,,,,3.0,,,,1.0,4.0
Hesperocorixa sahlbergi,Not Found,Unknown,Unknown,Animalia,Arthropoda,Insecta,Hemiptera,Corixidae,Hesperocorixa,,,,,,3.0,,,
Chaetosphaerella phaeostroma,Not Found,Unknown,Unknown,Fungi,Ascomycota,Sordariomycetes,Coronophorales,Chaetosphaerellaceae,Chaetosphaerella,,,,,,,1.0,,
Tyto alba,210527163,Least Concern,Decreasing,Animalia,Chordata,Aves,Strigiformes,Tytonidae,Tyto,1.0,2.0,1.0,,,,,1.0,
Quercus rubra,2305058,Least Concern,Stable,Plantae,Tracheophyta,Magnoliopsida,Fagales,Fagaceae,Quercus,1.0,,,,,,,,
Melecta albifrons,21463051,Least Concern,Unknown,Animalia,Arthropoda,Insecta,Hymenoptera,Apidae,Melecta,,,,,,,,1.0,
Emberiza schoeniclus,166426048,Least Concern,Decreasing,Animalia,Chordata,Aves,Passeriformes,Emberizidae,Emberiza,,,,,1.0,,1.0,2.0,2.0
Sorex araneus,226891290,Least Concern,Stable,Animalia,Chordata,Mammalia,Soricomorpha,Soricidae,Sorex,,,,,,1.0,,,
Bellis perennis,Not Found,Unknown,Unknown,Plantae,Tracheophyta,Magnoliopsida,Asterales,Asteraceae,Bellis,1.0,,,,,1.0,,,
Bryocoris pteridis,Not Found,Unknown,Unknown,Animalia,Arthropoda,Insecta,Hemiptera,Miridae,Bryocoris,,,1.0,,,,,,
Kindbergia praelonga,88382580,Least Concern,Stable,Plantae,Bryophyta,Bryopsida,Hypnales,Brachytheciaceae,Kindbergia,,5.0,,,,,1.0,,
Gallinago gallinago,166243239,Vulnerable,Decreasing,Animalia,Chordata,Aves,Charadriiformes,Scolopacidae,Gallinago,,,,,,,1.0,,
Rana temporaria,200721782,Least Concern,Stable,Animalia,Chordata,Amphibia,Anura,Ranidae,Rana,1.0,1.0,5.0,,2.0,5.0,1.0,1.0,1.0
Alauda arvensis,200204640,Least Concern,Decreasing,Animalia,Chordata,Aves,Passeriformes,Alaudidae,Alauda,1.0,,,,1.0,,1.0,2.0,1.0
Columba livia,166230154,Least Concern,Unknown,Animalia,Chordata,Aves,Columbiformes,Columbidae,Columba,,,2.0,1.0,1.0,,1.0,1.0,3.0
Aythya fuligula,166205462,Near Threatened,Decreasing,Animalia,Chordata,Aves,Anseriformes,Anatidae,Aythya,,,,,,,,,2.0
Plenogemma phyllantha,87821927,Least Concern,Increasing,Plantae,Bryophyta,Bryopsida,Orthotrichales,Orthotrichaceae,Plenogemma,,2.0,,,,,,,
Tetraphis pellucida,87743440,Least Concern,Stable,Plantae,Bryophyta,Polytrichopsida,Tetraphidales,Tetraphidaceae,Tetraphis,4.0,,,,,,,,
Prasocuris marginella,Not Found,Unknown,Unknown,Animalia,Arthropoda,Insecta,Coleoptera,Chrysomelidae,Prasocuris,,,,,,,,1.0,
Dysstroma truncata,Not Found,Unknown,Unknown,Animalia,Arthropoda,Insecta,Lepidoptera,Geometridae,Dysstroma,,,2.0,2.0,,,,,
Bembidion quadrimaculatum,Not Found,Unknown,Unknown,Animalia,Arthropoda,Insecta,Coleoptera,Carabidae,Bembidion,,,,,,1.0,,2.0,
Andrena fulva,21310215,Data Deficient,Unknown,Animalia,Arthropoda,Insecta,Hymenoptera,Andrenidae,Andrena,1.0,,,,2.0,,,,
Pluvialis apricaria,166262122,Least Concern,Stable,Animalia,Chordata,Aves,Charadriiformes,Charadriidae,Pluvialis,,,,1.0,,,,,
Chamaenerion angustifolium,Not Found,Unknown,Unknown,Plantae,Tracheophyta,Magnoliopsida,Myrtales,Onagraceae,Chamaenerion,,,,,,1.0,1.0,,
Alcedo atthis,264589271,Least Concern,Decreasing,Animalia,Chordata,Aves,Coraciiformes,Alcedinidae,Alcedo,,1.0,,,,,,,1.0
Chloris chloris,166412593,Least Concern,Decreasing,Unknown,Unknown,Unknown,Unknown,Unknown,Unknown,1.0,,,,,1.0,2.0,1.0,5.0
Oxyrrhynchium hians,87778123,Least Concern,Stable,Plantae,Bryophyta,Bryopsida,Hypnales,Brachytheciaceae,Oxyrrhynchium,,2.0,,,,,2.0,,
Phaedon armoraciae,Not Found,Unknown,Unknown,Animalia,Arthropoda,Insecta,Coleoptera,Chrysomelidae,Phaedon,,,,,,1.0,,,
Vicia sepium,7173553,Least Concern,Stable,Plantae,Tracheophyta,Magnoliopsida,Fabales,Fabaceae,Vicia,,,,,,1.0,,,
Anaplectoides prasina,Not Found,Unknown,Unknown,Animalia,Arthropoda,Insecta,Lepidoptera,Noctuidae,Anaplectoides,,,1.0,,,,,,
Psammoecus bipunctatus,Not Found,Unknown,Unknown,Animalia,Arthropoda,Insecta,Coleoptera,Silvanidae,Psammoecus,,,,,,1.0,,,
Tetrix subulata,74530607,Least Concern,Increasing,Animalia,Arthropoda,Insecta,Orthoptera,Tetrigidae,Tetrix,1.0,,,,,,,,
Trametes versicolor,Not Found,Unknown,Unknown,Fungi,Basidiomycota,Agaricomycetes,Polyporales,Polyporaceae,Trametes,,,,,,,,1.0,
Taxus baccata,95808896,Least Concern,Increasing,Plantae,Tracheophyta,Pinopsida,Pinales,Taxaceae,Taxus,,,,,,,1.0,,
Eupithecia subfuscata,Not Found,Unknown,Unknown,Animalia,Arthropoda,Insecta,Lepidoptera,Geometridae,Eupithecia,,,,1.0,,,,,
Ulmus glabra,61966819,Data Deficient,Unknown,Plantae,Tracheophyta,Magnoliopsida,Rosales,Ulmaceae,Ulmus,,1.0,,,,,5.0,,
Brassicogethes aeneus,Not Found,Unknown,Unknown,Animalia,Arthropoda,Insecta,Coleoptera,Nitidulidae,Brassicogethes,,,,,,3.0,,,
Motacilla alba,166400912,Least Concern,Stable,Animalia,Chordata,Aves,Passeriformes,Motacillidae,Motacilla,,,,1.0,,2.0,1.0,1.0,1.0
Larus canus,166271946,Least Concern,Unknown,Animalia,Chordata,Aves,Charadriiformes,Laridae,Larus,,,1.0,1.0,,,,,1.0
Phasianus colchicus,166454046,Least Concern,Stable,Animalia,Chordata,Aves,Galliformes,Phasianidae,Phasianus,,1.0,2.0,3.0,1.0,2.0,,4.0,7.0
Lampropteryx suffumata,Not Found,Unknown,Unknown,Animalia,Arthropoda,Insecta,Lepidoptera,Geometridae,Lampropteryx,,,,1.0,,,,,
Rabelera holostea,Not Found,Unknown,Unknown,Plantae,Tracheophyta,Magnoliopsida,Caryophyllales,Caryophyllaceae,Rabelera,,,,,,1.0,2.0,1.0,
Euglesa subtruncata,211988432,Least Concern,Decreasing,Animalia,Mollusca,Bivalvia,Sphaeriida,Sphaeriidae,Euglesa,,,,,,1.0,,,
Metzgeria furcata,87781385,Least Concern,Stable,Plantae,Marchantiophyta,Jungermanniopsida,Metzgeriales,Metzgeriaceae,Metzgeria,5.0,1.0,,,,,1.0,,
Cidaria fulvata,Not Found,Unknown,Unknown,Animalia,Arthropoda,Insecta,Lepidoptera,Geometridae,Cidaria,,,1.0,,,,,,
Spilarctia lutea,Not Found,Unknown,Unknown,Animalia,Arthropoda,Insecta,Lepidoptera,Erebidae,Spilarctia,,,2.0,,,,,,
Anarta myrtilli,Not Found,Unknown,Unknown,Animalia,Arthropoda,Insecta,Lepidoptera,Noctuidae,Anarta,,1.0,,,,,,,
Bombus vestalis,57372998,Least Concern,Increasing,Animalia,Arthropoda,Insecta,Hymenoptera,Apidae,Bombus,,,,,1.0,1.0,,,
Anas platyrhynchos,166199836,Least Concern,Decreasing,Animalia,Chordata,Aves,Anseriformes,Anatidae,Anas,1.0,,1.0,1.0,2.0,3.0,1.0,6.0,4.0
Nemurella pictetii,Not Found,Unknown,Unknown,Animalia,Arthropoda,Insecta,Plecoptera,Nemouridae,Nemurella,,,,,,2.0,,,
Viburnum tinus,121076349,Least Concern,Stable,Plantae,Tracheophyta,Magnoliopsida,Dipsacales,Viburnaceae,Viburnum,,,,,,,1.0,,
Sitta europaea,199569378,Least Concern,Stable,Animalia,Chordata,Aves,Passeriformes,Sittidae,Sitta,2.0,,,,,2.0,2.0,,5.0
Grimmia pulvinata,87713761,Least Concern,Stable,Plantae,Bryophyta,Bryopsida,Grimmiales,Grimmiaceae,Grimmia,,4.0,,,,,,,
Fraxinus excelsior,67807718,Near Threatened,Decreasing,Plantae,Tracheophyta,Magnoliopsida,Lamiales,Oleaceae,Fraxinus,,,,,,,1.0,,
Erithacus rubecula,166350059,Least Concern,Stable,Animalia,Chordata,Aves,Passeriformes,Muscicapidae,Erithacus,3.0,1.0,4.0,,2.0,8.0,6.0,3.0,13.0
Callophrys rubi,53706964,Least Concern,Stable,Animalia,Arthropoda,Insecta,Lepidoptera,Lycaenidae,Callophrys,,,,,1.0,,,,
Phylloscopus collybita,264567918,Least Concern,Stable,Animalia,Chordata,Aves,Passeriformes,Phylloscopidae,Phylloscopus,1.0,3.0,1.0,,1.0,1.0,1.0,1.0,
Coenagrion puella,208828327,Least Concern,Stable,Animalia,Arthropoda,Insecta,Odonata,Coenagrionidae,Coenagrion,,5.0,4.0,,,1.0,,,
Nargus wilkinii,Not Found,Unknown,Unknown,Animalia,Arthropoda,Insecta,Coleoptera,Leiodidae,Nargus,,,,1.0,,,,1.0,
Abramis brama,135068434,Least Concern,Unknown,Animalia,Chordata,Unknown,Cypriniformes,Cyprinidae,Abramis,,,,,,,1.0,,1.0
Phylidorea squalens,Not Found,Unknown,Unknown,Animalia,Arthropoda,Insecta,Diptera,Limoniidae,Phylidorea,,1.0,,,,,,,
Aphidecta obliterata,Not Found,Unknown,Unknown,Animalia,Arthropoda,Insecta,Coleoptera,Coccinellidae,Aphidecta,,,,1.0,,,,,
Silo pallipes,Not Found,Unknown,Unknown,Animalia,Arthropoda,Insecta,Trichoptera,Goeridae,Silo,1.0,,,,,,,,
Autographa gamma,Not Found,Unknown,Unknown,Animalia,Arthropoda,Insecta,Lepidoptera,Noctuidae,Autographa,,,1.0,,1.0,,,,
Eupithecia tantillaria,Not Found,Unknown,Unknown,Animalia,Arthropoda,Insecta,Lepidoptera,Geometridae,Eupithecia,,,,1.0,,,,,
Ardea cinerea,166317370,Least Concern,Decreasing,Animalia,Chordata,Aves,Pelecaniformes,Ardeidae,Ardea,,,,,1.0,,,3.0,1.0
Nebrioporus depressus,Not Found,Unknown,Unknown,Animalia,Arthropoda,Insecta,Coleoptera,Dytiscidae,Nebrioporus,,1.0,,,,,,,
Delichon urbicum,264561964,Least Concern,Stable,Animalia,Chordata,Aves,Passeriformes,Hirundinidae,Delichon,,,,,,,,2.0,
Holcus mollis,Not Found,Unknown,Unknown,Plantae,Tracheophyta,Liliopsida,Poales,Poaceae,Holcus,,1.0,,,,,,,
Cytilus sericeus,Not Found,Unknown,Unknown,Animalia,Arthropoda,Insecta,Coleoptera,Byrrhidae,Cytilus,,,,,,,,1.0,
Fomitopsis betulina,Not Found,Unknown,Unknown,Fungi,Basidiomycota,Agaricomycetes,Polyporales,Fomitopsidaceae,Fomitopsis,,,,,,1.0,3.0,1.0,
Vinca minor,2758273,Least Concern,Stable,Plantae,Tracheophyta,Magnoliopsida,Gentianales,Apocynaceae,Vinca,,,,,,1.0,1.0,1.0,
Carduelis carduelis,199579742,Least Concern,Increasing,Animalia,Chordata,Aves,Passeriformes,Fringillidae,Carduelis,1.0,,1.0,,,2.0,2.0,1.0,5.0
Orchestes fagi,Not Found,Unknown,Unknown,Animalia,Arthropoda,Insecta,Coleoptera,Curculionidae,Orchestes,,,,1.0,,,,,
Oniscus asellus,Not Found,Unknown,Unknown,Animalia,Arthropoda,Malacostraca,Isopoda,Oniscidae,Oniscus,,,,,,,2.0,,
Ocys tachysoides,Not Found,Unknown,Unknown,Animalia,Arthropoda,Insecta,Coleoptera,Carabidae,Ocys,,,,,,,,,1.0
Wormaldia occipitalis,Not Found,Unknown,Unknown,Animalia,Arthropoda,Insecta,Trichoptera,Philopotamidae,Wormaldia,1.0,,,,,,,,
Orthosia gracilis,Not Found,Unknown,Unknown,Animalia,Arthropoda,Insecta,Lepidoptera,Noctuidae,Orthosia,,,,1.0,,,,,
Talpa europaea,221752008,Least Concern,Unknown,Animalia,Chordata,Mammalia,Soricomorpha,Talpidae,Talpa,1.0,6.0,,,2.0,,1.0,,
Heracleum sphondylium,Not Found,Unknown,Unknown,Plantae,Tracheophyta,Magnoliopsida,Apiales,Apiaceae,Heracleum,,,,,,,4.0,,
Plagiothecium undulatum,88382632,Least Concern,Stable,Plantae,Bryophyta,Bryopsida,Hypnales,Plagiotheciaceae,Plagiothecium,5.0,,,,,,,,
Lemna minuta,67729952,Least Concern,Unknown,Plantae,Tracheophyta,Liliopsida,Alismatales,Araceae,Lemna,1.0,,,,,,,,
Prunus laurocerasus,64116707,Least Concern,Stable,Plantae,Tracheophyta,Magnoliopsida,Rosales,Rosaceae,Prunus,,,,,,,,2.0,
Branta canadensis,166195258,Least Concern,Increasing,Animalia,Chordata,Aves,Anseriformes,Anatidae,Branta,2.0,,1.0,,2.0,,,2.0,4.0
Gallinula chloropus,166459135,Least Concern,Decreasing,Animalia,Chordata,Aves,Gruiformes,Rallidae,Gallinula,1.0,,,,,2.0,,2.0,4.0
Phylloscopus trochilus,264584438,Least Concern,Decreasing,Animalia,Chordata,Aves,Passeriformes,Phylloscopidae,Phylloscopus,,,,,,,,3.0,
Cratoneuron filicinum,87767053,Least Concern,Stable,Plantae,Bryophyta,Bryopsida,Hypnales,Amblystegiaceae,Cratoneuron,,2.0,,,,,,,
Bradycellus verbasci,Not Found,Unknown,Unknown,Animalia,Arthropoda,Insecta,Coleoptera,Carabidae,Bradycellus,,,,,,,,,1.0
Brachytheciastrum velutinum,88382484,Least Concern,Stable,Plantae,Bryophyta,Bryopsida,Hypnales,Brachytheciaceae,Brachytheciastrum,,1.0,,,,,,,
Certhia familiaris,264570283,Least Concern,Stable,Animalia,Chordata,Aves,Passeriformes,Certhiidae,Certhia,2.0,,,,,2.0,,,
Acer campestre,2241515,Least Concern,Stable,Plantae,Tracheophyta,Magnoliopsida,Sapindales,Sapindaceae,Acer,,,,,,,2.0,,
Arabidopsis thaliana,Not Found,Unknown,Unknown,Plantae,Tracheophyta,Magnoliopsida,Brassicales,Brassicaceae,Arabidopsis,,,,,,,,1.0,
Piezodorus lituratus,Not Found,Unknown,Unknown,Animalia,Arthropoda,Insecta,Hemiptera,Pentatomidae,Piezodorus,,,,,,,,1.0,
Haematopus ostralegus,200211681,Vulnerable,Decreasing,Animalia,Chordata,Aves,Charadriiformes,Haematopodidae,Haematopus,,,,,1.0,,,,1.0
Pheosia tremula,Not Found,Unknown,Unknown,Animalia,Arthropoda,Insecta,Lepidoptera,Notodontidae,Pheosia,,,,1.0,,,,,
Crataegus monogyna,68083007,Least Concern,Unknown,Plantae,Tracheophyta,Magnoliopsida,Rosales,Rosaceae,Crataegus,1.0,,,,,,1.0,,
Crangonyx pseudogracilis,Not Found,Unknown,Unknown,Animalia,Arthropoda,Malacostraca,Amphipoda,Crangonyctidae,Crangonyx,,,1.0,,,,,,
Mamestra brassicae,Not Found,Unknown,Unknown,Animalia,Arthropoda,Insecta,Lepidoptera,Noctuidae,Mamestra,,,1.0,,,,,,
Phalacrocorax carbo,166315940,Least Concern,Increasing,Animalia,Chordata,Aves,Suliformes,Phalacrocoracidae,Phalacrocorax,,,,1.0,2.0,2.0,,2.0,3.0
Epilobium tetragonum,5836260,Least Concern,Stable,Plantae,Tracheophyta,Magnoliopsida,Myrtales,Onagraceae,Epilobium,,,,,,,,1.0,
Cerylon ferrugineum,Not Found,Unknown,Unknown,Animalia,Arthropoda,Insecta,Coleoptera,Cerylonidae,Cerylon,,,,,,,,1.0,
Bryoerythrophyllum recurvirostrum,87771618,Least Concern,Stable,Plantae,Bryophyta,Bryopsida,Pottiales,Pottiaceae,Bryoerythrophyllum,,1.0,,,,,,,
Gerris lacustris,Not Found,Unknown,Unknown,Animalia,Arthropoda,Insecta,Hemiptera,Gerridae,Gerris,,,,,,1.0,,,
Digitalis purpurea,2764797,Least Concern,Stable,Plantae,Tracheophyta,Magnoliopsida,Lamiales,Plantaginaceae,Digitalis,2.0,,,,,,,,
Limnephilus auricula,Not Found,Unknown,Unknown,Animalia,Arthropoda,Insecta,Trichoptera,Limnephilidae,Limnephilus,,,,2.0,,,,,1.0
Draba verna,Not Found,Unknown,Unknown,Plantae,Tracheophyta,Magnoliopsida,Brassicales,Brassicaceae,Draba,1.0,,,,,,,,
Equisetum sylvaticum,83509740,Least Concern,Stable,Plantae,Tracheophyta,Polypodiopsida,Equisetales,Equisetaceae,Equisetum,,,,,,1.0,,,
Rhyzobius chrysomeloides,Not Found,Unknown,Unknown,Animalia,Arthropoda,Insecta,Coleoptera,Coccinellidae,Rhyzobius,,,,,,,1.0,,
Aglais io,53706979,Least Concern,Stable,Animalia,Arthropoda,Insecta,Lepidoptera,Nymphalidae,Aglais,4.0,3.0,9.0,4.0,12.0,3.0,,,
Harmonia axyridis,Not Found,Unknown,Unknown,Animalia,Arthropoda,Insecta,Coleoptera,Coccinellidae,Harmonia,2.0,2.0,2.0,,1.0,,,,
Biston strataria,Not Found,Unknown,Unknown,Animalia,Arthropoda,Insecta,Lepidoptera,Geometridae,Biston,1.0,,,2.0,4.0,,,,
Podiceps cristatus,166312625,Least Concern,Stable,Animalia,Chordata,Aves,Podicipediformes,Podicipedidae,Podiceps,,,,,1.0,,,1.0,2.0
Pterostichus minor,Not Found,Unknown,Unknown,Animalia,Arthropoda,Insecta,Coleoptera,Carabidae,Pterostichus,,,,,,1.0,,1.0,
Radula complanata,87739791,Least Concern,Stable,Plantae,Marchantiophyta,Jungermanniopsida,Porellales,Radulaceae,Radula,1.0,,,,,,,,
Regulus regulus,166445158,Least Concern,Decreasing,Animalia,Chordata,Aves,Passeriformes,Regulidae,Regulus,,,1.0,,,1.0,1.0,,2.0
Erinaceus europaeus,213411773,Near Threatened,Decreasing,Animalia,Chordata,Mammalia,Erinaceomorpha,Erinaceidae,Erinaceus,1.0,1.0,,4.0,3.0,4.0,7.0,11.0,
Bombus pascuorum,57367495,Least Concern,Increasing,Animalia,Arthropoda,Insecta,Hymenoptera,Apidae,Bombus,,,,1.0,1.0,1.0,,,1.0
Anthophora plumipes,21776296,Least Concern,Unknown,Animalia,Arthropoda,Insecta,Hymenoptera,Apidae,Anthophora,1.0,,1.0,,1.0,,,3.0,1.0
Velia caprai,Not Found,Unknown,Unknown,Animalia,Arthropoda,Insecta,Hemiptera,Veliidae,Velia,,,,,,1.0,,,
Plagiomnium undulatum,87781969,Least Concern,Stable,Plantae,Bryophyta,Bryopsida,Bryales,Mniaceae,Plagiomnium,1.0,,,,,,,,
Libellula quadrimaculata,208832871,Least Concern,Stable,Animalia,Arthropoda,Insecta,Odonata,Libellulidae,Libellula,,3.0,4.0,2.0,,,,,
Trichopteryx carpinata,Not Found,Unknown,Unknown,Animalia,Arthropoda,Insecta,Lepidoptera,Geometridae,Trichopteryx,,,1.0,1.0,,,,,
Geranium lucidum,Not Found,Unknown,Unknown,Plantae,Tracheophyta,Magnoliopsida,Geraniales,Geraniaceae,Geranium,,,,,,,,1.0,
Betula pubescens,116337224,Least Concern,Stable,Plantae,Tracheophyta,Magnoliopsida,Fagales,Betulaceae,Betula,1.0,,,,,,,,
Ceratocapnos claviculata,Not Found,Unknown,Unknown,Plantae,Tracheophyta,Magnoliopsida,Ranunculales,Papaveraceae,Ceratocapnos,,,,,,1.0,,,
Cyanistes caeruleus,264532201,Least Concern,Stable,Animalia,Chordata,Aves,Passeriformes,Paridae,Cyanistes,3.0,,2.0,,,5.0,6.0,2.0,7.0
Spinus spinus,264582322,Least Concern,Stable,Animalia,Chordata,Aves,Passeriformes,Fringillidae,Spinus,,,,,,2.0,,,
Bembidion lunulatum,Not Found,Unknown,Unknown,Animalia,Arthropoda,Insecta,Coleoptera,Carabidae,Bembidion,,,,,,,1.0,,1.0
Rubus idaeus,2765767,Least Concern,Stable,Plantae,Tracheophyta,Magnoliopsida,Rosales,Rosaceae,Rubus,,,,,,,3.0,1.0,
Nemoura cinerea,Not Found,Unknown,Unknown,Animalia,Arthropoda,Insecta,Plecoptera,Nemouridae,Nemoura,,,,,,2.0,,,
Mustela vison,Not Found,Unknown,Unknown,Animalia,Chordata,Mammalia,Carnivora,Mustelidae,Mustela,,,,1.0,,,,,1.0
Cucullia verbasci,Not Found,Unknown,Unknown,Animalia,Arthropoda,Insecta,Lepidoptera,Noctuidae,Cucullia,,,1.0,,,,,,
Orthotrichum anomalum,87727352,Least Concern,Stable,Plantae,Bryophyta,Bryopsida,Orthotrichales,Orthotrichaceae,Orthotrichum,,3.0,,,,,,,
Brachythecium mildeanum,87732817,Least Concern,Stable,Plantae,Bryophyta,Bryopsida,Hypnales,Brachytheciaceae,Brachythecium,,1.0,,,,,,,
Idaea aversata,Not Found,Unknown,Unknown,Animalia,Arthropoda,Insecta,Lepidoptera,Geometridae,Idaea,,,1.0,,,,,,
Mnium hornum,87755745,Least Concern,Stable,Plantae,Bryophyta,Bryopsida,Bryales,Mniaceae,Mnium,1.0,4.0,,,,,2.0,,
Calliteara pudibunda,Not Found,Unknown,Unknown,Animalia,Arthropoda,Insecta,Lepidoptera,Erebidae,Calliteara,,1.0,1.0,,,,,,
Xylocampa areola,Not Found,Unknown,Unknown,Animalia,Arthropoda,Insecta,Lepidoptera,Noctuidae,Xylocampa,3.0,10.0,14.0,7.0,10.0,,,,
Coccinella septempunctata,Not Found,Unknown,Unknown,Animalia,Arthropoda,Insecta,Coleoptera,Coccinellidae,Coccinella,,2.0,,,4.0,,3.0,3.0,
Nyctalus noctula,216725924,Least Concern,Unknown,Animalia,Chordata,Mammalia,Chiroptera,Vespertilionidae,Nyctalus,,,,,,,1.0,,
Acasis viretata,Not Found,Unknown,Unknown,Animalia,Arthropoda,Insecta,Lepidoptera,Geometridae,Acasis,,1.0,,,,,,,
Rhynchostegium confertum,87733579,Least Concern,Stable,Plantae,Bryophyta,Bryopsida,Hypnales,Brachytheciaceae,Rhynchostegium,,2.0,,,,,,,
Prunella modularis,166409165,Least Concern,Decreasing,Animalia,Chordata,Aves,Passeriformes,Prunellidae,Prunella,,,1.0,,1.0,3.0,2.0,2.0,7.0
Taraxacum officinale,2758459,Least Concern,Stable,Plantae,Tracheophyta,Magnoliopsida,Asterales,Asteraceae,Taraxacum,,,,,,,1.0,,
Xestia agathina,Not Found,Unknown,Unknown,Animalia,Arthropoda,Insecta,Lepidoptera,Noctuidae,Xestia,,,,,1.0,,,,
Corylus avellana,80567135,Least Concern,Stable,Plantae,Tracheophyta,Magnoliopsida,Fagales,Betulaceae,Corylus,1.0,,,,,,3.0,,
Fringilla coelebs,166409759,Least Concern,Stable,Animalia,Chordata,Aves,Passeriformes,Fringillidae,Fringilla,1.0,1.0,1.0,1.0,1.0,3.0,1.0,3.0,6.0
Primula veris,2764893,Least Concern,Decreasing,Plantae,Tracheophyta,Magnoliopsida,Ericales,Primulaceae,Primula,,,,,,1.0,,2.0,
Geranium robertianum,Not Found,Unknown,Unknown,Plantae,Tracheophyta,Magnoliopsida,Geraniales,Geraniaceae,Geranium,1.0,,,,,,,,
Atrichum undulatum,87843314,Least Concern,Stable,Plantae,Bryophyta,Polytrichopsida,Polytrichales,Polytrichaceae,Atrichum,1.0,,,,,,,,
Rhopographus filicinus,Not Found,Unknown,Unknown,Fungi,Ascomycota,Dothideomycetes,Pleosporales,Unknown,Rhopographus,,,,,,,2.0,,
Calypogeia muelleriana,87793557,Least Concern,Stable,Plantae,Marchantiophyta,Jungermanniopsida,Jungermanniales,Calypogeiaceae,Calypogeia,5.0,,,,,,,,
Hirundo rustica,166369730,Least Concern,Decreasing,Animalia,Chordata,Aves,Passeriformes,Hirundinidae,Hirundo,2.0,,1.0,,1.0,1.0,,1.0,
Bryum argenteum,87724543,Least Concern,Unknown,Plantae,Bryophyta,Bryopsida,Bryales,Bryaceae,Bryum,,3.0,,,,,,,
Protapion apricans,Not Found,Unknown,Unknown,Animalia,Arthropoda,Insecta,Coleoptera,Apionidae,Protapion,,,,,,,,1.0,
Schistidium crassipilum,87736075,Least Concern,Stable,Plantae,Bryophyta,Bryopsida,Grimmiales,Grimmiaceae,Schistidium,,2.0,,,,,,,
Stagnicola palustris,14901168,Least Concern,Unknown,Animalia,Mollusca,Gastropoda,Unknown,Lymnaeidae,Stagnicola,,,,,,1.0,,,
Saldula saltatoria,Not Found,Unknown,Unknown,Animalia,Arthropoda,Insecta,Hemiptera,Saldidae,Saldula,,,,,,1.0,,,
Oryctolagus cuniculus,170619657,Endangered,Decreasing,Animalia,Chordata,Mammalia,Lagomorpha,Leporidae,Oryctolagus,8.0,,4.0,,1.0,,,,
Xanthorhoe montanata,Not Found,Unknown,Unknown,Animalia,Arthropoda,Insecta,Lepidoptera,Geometridae,Xanthorhoe,,,1.0,,,,,,
Hyacinthoides non-scripta,Not Found,Unknown,Unknown,Plantae,Tracheophyta,Liliopsida,Asparagales,Asparagaceae,Hyacinthoides,1.0,,,5.0,,,1.0,1.0,
Prunus spinosa,19400568,Least Concern,Stable,Plantae,Tracheophyta,Magnoliopsida,Rosales,Rosaceae,Prunus,,,,,,,1.0,,
Bembidion guttula,Not Found,Unknown,Unknown,Animalia,Arthropoda,Insecta,Coleoptera,Carabidae,Bembidion,,,,,,,1.0,1.0,
Corvus corax,166340260,Least Concern,Increasing,Animalia,Chordata,Aves,Passeriformes,Corvidae,Corvus,,1.0,,1.0,1.0,1.0,1.0,1.0,1.0
Smerinthus ocellata,Not Found,Unknown,Unknown,Animalia,Arthropoda,Insecta,Lepidoptera,Sphingidae,Smerinthus,,,,1.0,,,,,
Pyrrhula pyrrhula,166418813,Least Concern,Increasing,Animalia,Chordata,Aves,Passeriformes,Fringillidae,Pyrrhula,,,,,,2.0,1.0,,1.0
Stomis pumicatus,Not Found,Unknown,Unknown,Animalia,Arthropoda,Insecta,Coleoptera,Carabidae,Stomis,,,,,,1.0,,1.0,
Prionocera turcica,Not Found,Unknown,Unknown,Animalia,Arthropoda,Insecta,Diptera,Tipulidae,Prionocera,,,,,,1.0,,,
Biphyllus lunatus,Not Found,Unknown,Unknown,Animalia,Arthropoda,Insecta,Coleoptera,Biphyllidae,Biphyllus,,,,,,,,1.0,
Cardamine pratensis,5812787,Least Concern,Stable,Plantae,Tracheophyta,Magnoliopsida,Brassicales,Brassicaceae,Cardamine,,,,,1.0,,3.0,3.0,
Geum urbanum,2765446,Least Concern,Stable,Plantae,Tracheophyta,Magnoliopsida,Rosales,Rosaceae,Geum,,,,,,,1.0,,
Viola reichenbachiana,Not Found,Unknown,Unknown,Plantae,Tracheophyta,Magnoliopsida,Malpighiales,Violaceae,Viola,,,,,,,1.0,,
Limnephilus sparsus,Not Found,Unknown,Unknown,Animalia,Arthropoda,Insecta,Trichoptera,Limnephilidae,Limnephilus,,,,1.0,,,,,
Aeshna cyanea,208851515,Least Concern,Stable,Animalia,Arthropoda,Insecta,Odonata,Aeshnidae,Aeshna,,,,,,1.0,,,
Cantharis decipiens,Not Found,Unknown,Unknown,Animalia,Arthropoda,Insecta,Coleoptera,Cantharidae,Cantharis,,,,1.0,,,,,
Orthosia cerasi,Not Found,Unknown,Unknown,Animalia,Arthropoda,Insecta,Lepidoptera,Noctuidae,Orthosia,9.0,11.0,13.0,10.0,17.0,,1.0,1.0,1.0
Agrotis puta,Not Found,Unknown,Unknown,Animalia,Arthropoda,Insecta,Lepidoptera,Noctuidae,Agrotis,,3.0,1.0,2.0,6.0,,,,
Pterostichus strenuus,Not Found,Unknown,Unknown,Animalia,Arthropoda,Insecta,Coleoptera,Carabidae,Pterostichus,,,,1.0,,1.0,1.0,1.0,
Urtica dioica,78457212,Least Concern,Unknown,Plantae,Tracheophyta,Magnoliopsida,Rosales,Urticaceae,Urtica,2.0,,,,1.0,,2.0,,
Bombus hortorum,57348408,Least Concern,Stable,Animalia,Arthropoda,Insecta,Hymenoptera,Apidae,Bombus,1.0,,,,2.0,,1.0,,
Amara lunicollis,Not Found,Unknown,Unknown,Animalia,Arthropoda,Insecta,Coleoptera,Carabidae,Amara,,,,,,,1.0,,
Rhizophagus dispar,Not Found,Unknown,Unknown,Animalia,Arthropoda,Insecta,Coleoptera,Monotomidae,Rhizophagus,,,,1.0,,,,1.0,1.0
Cartodere nodifer,Not Found,Unknown,Unknown,Animalia,Arthropoda,Insecta,Coleoptera,Latridiidae,Cartodere,,,,1.0,,1.0,,1.0,1.0
Asplenium scolopendrium,83506952,Least Concern,Stable,Plantae,Tracheophyta,Polypodiopsida,Polypodiales,Aspleniaceae,Asplenium,,,,,,,2.0,,
Plantago lanceolata,2764827,Least Concern,Stable,Plantae,Tracheophyta,Magnoliopsida,Lamiales,Plantaginaceae,Plantago,1.0,,,,,,,,
Ptilodon capucina,Not Found,Unknown,Unknown,Animalia,Arthropoda,Insecta,Lepidoptera,Notodontidae,Ptilodon,,,,1.0,,,,,
Turdus iliacus,166346241,Least Concern,Decreasing,Animalia,Chordata,Aves,Passeriformes,Turdidae,Turdus,,,,1.0,,,,1.0,3.0
Ilex aquifolium,68067360,Least Concern,Stable,Plantae,Tracheophyta,Magnoliopsida,Aquifoliales,Aquifoliaceae,Ilex,1.0,,,,,,1.0,,
Myrica gale,67730167,Least Concern,Unknown,Plantae,Tracheophyta,Magnoliopsida,Fagales,Myricaceae,Myrica,1.0,,,,,,,,
Azolla filiculoides,Not Found,Unknown,Unknown,Plantae,Tracheophyta,Polypodiopsida,Salviniales,Salviniaceae,Azolla,,1.0,,,,,,,
Bombus hypnorum,57349456,Least Concern,Increasing,Animalia,Arthropoda,Insecta,Hymenoptera,Apidae,Bombus,1.0,1.0,1.0,3.0,1.0,2.0,3.0,,
Aegopinella nitidula,1328036,Least Concern,Stable,Animalia,Mollusca,Gastropoda,Stylommatophora,Gastrodontidae,Aegopinella,,,,,,1.0,,,
Leptodictyum riparium,87712543,Least Concern,Stable,Plantae,Bryophyta,Bryopsida,Hypnales,Amblystegiaceae,Leptodictyum,,1.0,,,,,,,
Drymonia ruficornis,Not Found,Unknown,Unknown,Animalia,Arthropoda,Insecta,Lepidoptera,Notodontidae,Drymonia,,,,1.0,1.0,,,,
Macaria liturata,Not Found,Unknown,Unknown,Animalia,Arthropoda,Insecta,Lepidoptera,Geometridae,Macaria,,,,1.0,,,,,
Callicorixa praeusta,Not Found,Unknown,Unknown,Animalia,Arthropoda,Insecta,Hemiptera,Corixidae,Callicorixa,,,,,,1.0,,,
Barbula unguiculata,87738651,Least Concern,Stable,Plantae,Bryophyta,Bryopsida,Pottiales,Pottiaceae,Barbula,,1.0,,,,,,,
Anorthoa munda,Not Found,Unknown,Unknown,Animalia,Arthropoda,Insecta,Lepidoptera,Noctuidae,Anorthoa,1.0,,2.0,3.0,2.0,,1.0,,
Dicranella heteromalla,87768760,Least Concern,Stable,Plantae,Bryophyta,Bryopsida,Dicranales,Dicranellaceae,Dicranella,,2.0,,,,,,,
Veronica sublobata,Not Found,Unknown,Unknown,Plantae,Tracheophyta,Magnoliopsida,Lamiales,Plantaginaceae,Veronica,,,,,,,2.0,,
Lophocolea heterophylla,88382588,Least Concern,Stable,Plantae,Marchantiophyta,Jungermanniopsida,Jungermanniales,Lophocoleaceae,Lophocolea,6.0,,,,,,1.0,,
Aesculus hippocastanum,68084249,Vulnerable,Decreasing,Plantae,Tracheophyta,Magnoliopsida,Sapindales,Sapindaceae,Aesculus,,,,,1.0,1.0,,2.0,
Emberiza citrinella,264581123,Least Concern,Decreasing,Animalia,Chordata,Aves,Passeriformes,Emberizidae,Emberiza,1.0,1.0,,,,,,,
Petrophora chlorosata,Not Found,Unknown,Unknown,Animalia,Arthropoda,Insecta,Lepidoptera,Pterophoridae,Pterophorus,,,,2.0,,,,,
Eupithecia dodoneata,Not Found,Unknown,Unknown,Animalia,Arthropoda,Insecta,Lepidoptera,Geometridae,Eupithecia,,,,2.0,3.0,,,,
Primula vulgaris,Not Found,Unknown,Unknown,Plantae,Tracheophyta,Magnoliopsida,Ericales,Primulaceae,Primula,,,,,,,1.0,,
Phlogophora meticulosa,Not Found,Unknown,Unknown,Animalia,Arthropoda,Insecta,Lepidoptera,Noctuidae,Phlogophora,,1.0,1.0,,,,,,
Andrena nigroaenea,21311513,Least Concern,Unknown,Animalia,Arthropoda,Insecta,Hymenoptera,Andrenidae,Andrena,,2.0,1.0,,,,,,
Euonymus japonicus,Not Found,Unknown,Unknown,Plantae,Tracheophyta,Magnoliopsida,Celastrales,Celastraceae,Euonymus,,,,,,,1.0,1.0,
Pyrrhosoma nymphula,208843840,Least Concern,Stable,Animalia,Arthropoda,Insecta,Odonata,Coenagrionidae,Pyrrhosoma,3.0,10.0,4.0,3.0,7.0,1.0,,1.0,
Larix kaempferi,2971556,Least Concern,Stable,Plantae,Tracheophyta,Pinopsida,Pinales,Pinaceae,Larix,1.0,,,,,,,,
Scoliopteryx libatrix,Not Found,Unknown,Unknown,Animalia,Arthropoda,Insecta,Lepidoptera,Erebidae,Scoliopteryx,,1.0,,1.0,,,,,
Euglesa obtusalis,213000716,Least Concern,Decreasing,Animalia,Mollusca,Bivalvia,Sphaeriida,Sphaeriidae,Euglesa,,,,,,2.0,,,
Turdus merula,264548442,Least Concern,Increasing,Animalia,Chordata,Aves,Passeriformes,Turdidae,Turdus,3.0,,3.0,2.0,2.0,7.0,4.0,3.0,12.0
Turdus viscivorus,264544715,Least Concern,Stable,Animalia,Chordata,Aves,Passeriformes,Turdidae,Turdus,1.0,,,,,1.0,,1.0,1.0
Pseudocrossidium hornschuchianum,87783210,Least Concern,Stable,Plantae,Bryophyta,Bryopsida,Pottiales,Pottiaceae,Pseudocrossidium,,1.0,,,,,,,
Galba truncatula,85693575,Least Concern,Unknown,Animalia,Mollusca,Gastropoda,Unknown,Lymnaeidae,Galba,,,,,,2.0,,,
Pterostichus nigrita,Not Found,Unknown,Unknown,Animalia,Arthropoda,Insecta,Coleoptera,Carabidae,Pterostichus,,,,,,1.0,,,
Eupsilia transversa,Not Found,Unknown,Unknown,Animalia,Arthropoda,Insecta,Lepidoptera,Noctuidae,Eupsilia,,1.0,,3.0,1.0,,,,
Glyphotaelius pellucidus,Not Found,Unknown,Unknown,Animalia,Arthropoda,Insecta,Trichoptera,Limnephilidae,Glyphotaelius,2.0,,,1.0,,1.0,,,1.0
Euglesa nitida,211983517,Least Concern,Stable,Animalia,Mollusca,Bivalvia,Sphaeriida,Sphaeriidae,Euglesa,,,,,,1.0,,,
Agelastica alni,Not Found,Unknown,Unknown,Animalia,Arthropoda,Insecta,Coleoptera,Chrysomelidae,Agelastica,1.0,,,,8.0,2.0,2.0,1.0,
Bromus sterilis,Not Found,Unknown,Unknown,Plantae,Tracheophyta,Liliopsida,Poales,Poaceae,Bromus,,,,,,,,1.0,
Cepaea hortensis,5054687,Least Concern,Stable,Animalia,Mollusca,Gastropoda,Stylommatophora,Helicidae,Cepaea,,,,,,,,1.0,
Stereum hirsutum,Not Found,Unknown,Unknown,Fungi,Basidiomycota,Agaricomycetes,Russulales,Stereaceae,Stereum,,,,,,,1.0,,
Erioptera fuscipennis,Not Found,Unknown,Unknown,Animalia,Arthropoda,Insecta,Diptera,Limoniidae,Erioptera,,1.0,,,,,,,
Ribes sanguineum,Not Found,Unknown,Unknown,Plantae,Tracheophyta,Magnoliopsida,Saxifragales,Grossulariaceae,Ribes,,,,,1.0,,,2.0,
Polytrichum formosum,88382640,Least Concern,Stable,Plantae,Bryophyta,Polytrichopsida,Polytrichales,Polytrichaceae,Polytrichum,6.0,1.0,,,,,,,
Circus aeruginosus,210508502,Least Concern,Decreasing,Animalia,Chordata,Aves,Accipitriformes,Accipitridae,Circus,,,,,,,,,1.0
Tsuga heterophylla,2980087,Least Concern,Increasing,Plantae,Tracheophyta,Pinopsida,Pinales,Pinaceae,Tsuga,1.0,,,,,,,,
Euphorbia lathyris,Not Found,Unknown,Unknown,Plantae,Tracheophyta,Magnoliopsida,Malpighiales,Euphorbiaceae,Euphorbia,,,,,,,2.0,,
Alsophila aescularia,Not Found,Unknown,Unknown,Animalia,Arthropoda,Insecta,Lepidoptera,Geometridae,Alsophila,1.0,2.0,,1.0,,,,,
Pteridium aquilinum,85427115,Least Concern,Increasing,Plantae,Tracheophyta,Polypodiopsida,Polypodiales,Dennstaedtiaceae,Pteridium,1.0,,,,,,1.0,,
Myosotis sylvatica,Not Found,Unknown,Unknown,Plantae,Tracheophyta,Magnoliopsida,Boraginales,Boraginaceae,Myosotis,,,,,1.0,1.0,,,
Lamium galeobdolon,Not Found,Unknown,Unknown,Plantae,Tracheophyta,Magnoliopsida,Lamiales,Lamiaceae,Lamium,,,,,,,1.0,1.0,
Mercurialis perennis,Not Found,Unknown,Unknown,Plantae,Tracheophyta,Magnoliopsida,Malpighiales,Euphorbiaceae,Mercurialis,,,,,,,5.0,5.0,
Dryopteris filix-mas,85425039,Least Concern,Stable,Plantae,Tracheophyta,Polypodiopsida,Polypodiales,Dryopteridaceae,Dryopteris,,1.0,,,,,,,
Psyllobora vigintiduopunctata,Not Found,Unknown,Unknown,Animalia,Arthropoda,Insecta,Coleoptera,Coccinellidae,Psyllobora,,,,1.0,1.0,,1.0,,
Eupithecia vulgata,Not Found,Unknown,Unknown,Animalia,Arthropoda,Insecta,Lepidoptera,Geometridae,Eupithecia,,,,1.0,1.0,,,,
Vicia sativa,1430281,Least Concern,Stable,Plantae,Tracheophyta,Magnoliopsida,Fabales,Fabaceae,Vicia,,,,,,,1.0,,
Geheebia fallax,Not Found,Unknown,Unknown,Plantae,Bryophyta,Bryopsida,Pottiales,Pottiaceae,Geheebia,,2.0,,,,,,,
Pinus strobus,2978687,Least Concern,Increasing,Plantae,Tracheophyta,Pinopsida,Pinales,Pinaceae,Pinus,1.0,,,,,,,,
Metzgeria consanguinea,87781338,Least Concern,Increasing,Plantae,Marchantiophyta,Jungermanniopsida,Metzgeriales,Metzgeriaceae,Metzgeria,1.0,,,,,,,,
Oxalis acetosella,Not Found,Unknown,Unknown,Plantae,Tracheophyta,Magnoliopsida,Oxalidales,Oxalidaceae,Oxalis,1.0,,,,,2.0,2.0,3.0,
Lampropteryx otregiata,Not Found,Unknown,Unknown,Animalia,Arthropoda,Insecta,Lepidoptera,Geometridae,Lampropteryx,,,1.0,,,,,,
Bombus pratorum,57368592,Least Concern,Increasing,Animalia,Arthropoda,Insecta,Hymenoptera,Apidae,Bombus,,,,3.0,1.0,3.0,2.0,1.0,
Carpinus betulus,80567737,Least Concern,Stable,Plantae,Tracheophyta,Magnoliopsida,Fagales,Betulaceae,Carpinus,,,,,,,,2.0,
Veronica persica,Not Found,Unknown,Unknown,Plantae,Tracheophyta,Magnoliopsida,Lamiales,Plantaginaceae,Veronica,,,,,,,,1.0,
Ficaria verna,55735247,Least Concern,Stable,Plantae,Tracheophyta,Magnoliopsida,Ranunculales,Ranunculaceae,Ficaria,1.0,,,,1.0,,8.0,,1.0
Syntrichia ruralis,87772829,Least Concern,Stable,Plantae,Bryophyta,Bryopsida,Pottiales,Pottiaceae,Syntrichia,,1.0,,,,,,,
Agrotis segetum,Not Found,Unknown,Unknown,Animalia,Arthropoda,Insecta,Lepidoptera,Noctuidae,Agrotis,,,,,1.0,,,,
Limnephilus flavicornis,Not Found,Unknown,Unknown,Animalia,Arthropoda,Insecta,Trichoptera,Limnephilidae,Limnephilus,,,,,,1.0,,,
Rivula sericealis,Not Found,Unknown,Unknown,Animalia,Arthropoda,Insecta,Lepidoptera,Erebidae,Rivula,,,1.0,,,,,,
Plectrocnemia conspersa,Not Found,Unknown,Unknown,Animalia,Arthropoda,Insecta,Trichoptera,Polycentropodidae,Plectrocnemia,1.0,,,,,,,,
Rhagium bifasciatum,87311457,Least Concern,Stable,Animalia,Arthropoda,Insecta,Coleoptera,Cerambycidae,Rhagium,,,1.0,,,,,,
Anthocharis cardamines,53707517,Least Concern,Stable,Animalia,Arthropoda,Insecta,Lepidoptera,Pieridae,Anthocharis,2.0,4.0,19.0,12.0,20.0,3.0,,,
Zygodon conoideus,87822056,Least Concern,Increasing,Plantae,Bryophyta,Bryopsida,Orthotrichales,Orthotrichaceae,Zygodon,,1.0,,,,,,,
Dromius quadrimaculatus,Not Found,Unknown,Unknown,Animalia,Arthropoda,Insecta,Coleoptera,Carabidae,Dromius,,,,1.0,1.0,,,,
Frangula alnus,68082189,Least Concern,Increasing,Plantae,Tracheophyta,Magnoliopsida,Rosales,Rhamnaceae,Frangula,1.0,,,,,,,,
Ochropleura plecta,Not Found,Unknown,Unknown,Animalia,Arthropoda,Insecta,Lepidoptera,Noctuidae,Ochropleura,,,1.0,,,,,,
Geranium phaeum,Not Found,Unknown,Unknown,Plantae,Tracheophyta,Magnoliopsida,Geraniales,Geraniaceae,Geranium,,,,,,,,1.0,
Corvus frugilegus,166339000,Vulnerable,Decreasing,Animalia,Chordata,Aves,Passeriformes,Corvidae,Corvus,1.0,1.0,,,2.0,1.0,,2.0,2.0
Chloroclysta siterata,Not Found,Unknown,Unknown,Animalia,Arthropoda,Insecta,Lepidoptera,Geometridae,Chloroclysta,,,,,1.0,,,,
Prunus padus,61616618,Least Concern,Stable,Plantae,Tracheophyta,Magnoliopsida,Rosales,Rosaceae,Prunus,,,,,1.0,,1.0,,
Vespa crabro,Not Found,Unknown,Unknown,Animalia,Arthropoda,Insecta,Hymenoptera,Vespidae,Vespa,,,,,4.0,,,,
Acalypta parvula,Not Found,Unknown,Unknown,Animalia,Arthropoda,Insecta,Hemiptera,Tingidae,Acalypta,,,,,,,,1.0,
Thera britannica,Not Found,Unknown,Unknown,Animalia,Arthropoda,Insecta,Lepidoptera,Geometridae,Thera,,1.0,,,,,,,
Phalacrocorax aristotelis,Not Found,Unknown,Unknown,Animalia,Chordata,Aves,Suliformes,Phalacrocoracidae,Phalacrocorax,,,,,,,,,1.0
Anas crecca,200197945,Least Concern,Increasing,Animalia,Chordata,Aves,Anseriformes,Anatidae,Anas,,,,,1.0,,,,2.0
Sciuro-hypnum populeum,88382700,Least Concern,Stable,Plantae,Bryophyta,Bryopsida,Hypnales,Brachytheciaceae,Sciuro-hypnum,,1.0,,,,,,,
Adalia decempunctata,Not Found,Unknown,Unknown,Animalia,Arthropoda,Insecta,Coleoptera,Coccinellidae,Adalia,1.0,,,,,,,,
Ulota bruchii,88382752,Least Concern,Stable,Plantae,Bryophyta,Bryopsida,Orthotrichales,Orthotrichaceae,Ulota,,2.0,,,,,,,
Rilaena triangularis,Not Found,Unknown,Unknown,Animalia,Arthropoda,Arachnida,Opiliones,Phalangiidae,Rilaena,,,,,,1.0,,,
Phylloscopus sibillatrix,Not Found,Unknown,Unknown,Animalia,Chordata,Aves,Passeriformes,Phylloscopidae,Phylloscopus,,,,,,,,1.0,
Trechus obtusus,Not Found,Unknown,Unknown,Animalia,Arthropoda,Insecta,Coleoptera,Carabidae,Trechus,,,,,,1.0,,,
Rumex obtusifolius,Not Found,Unknown,Unknown,Plantae,Tracheophyta,Magnoliopsida,Caryophyllales,Polygonaceae,Rumex,,,,,,,2.0,,
Cicindela campestris,Not Found,Unknown,Unknown,Animalia,Arthropoda,Insecta,Coleoptera,Carabidae,Cicindela,,,,,,,,1.0,
Furcula bifida,Not Found,Unknown,Unknown,Animalia,Arthropoda,Insecta,Lepidoptera,Notodontidae,Furcula,,,2.0,,,,,,
Tortula muralis,87757663,Least Concern,Stable,Plantae,Bryophyta,Bryopsida,Pottiales,Pottiaceae,Tortula,,4.0,,,,,,,
Polytrichum juniperinum,87782776,Least Concern,Stable,Plantae,Bryophyta,Polytrichopsida,Polytrichales,Polytrichaceae,Polytrichum,,1.0,,,,,,,
Apodemus sylvaticus,221788084,Least Concern,Stable,Animalia,Chordata,Mammalia,Rodentia,Muridae,Apodemus,,,,,,1.0,,,
Bradycellus ruficollis,Not Found,Unknown,Unknown,Animalia,Arthropoda,Insecta,Coleoptera,Carabidae,Bradycellus,,,,,,,,1.0,
