Species Name,Assessment ID,Red List Category,Population Trend,Kingdom,Phylum,Class,Order,Family,Genus,Observations_2015,Observations_2016,Observations_2017,Observations_2018,Observations_2019,Observations_2020,Observations_2021,Observations_2022,Observations_2023
Fagus sylvatica,62004725,Least Concern,Unknown,Plantae,Tracheophyta,Magnoliopsida,Fagales,Fagaceae,Fagus,,,,,,3.0,,1.0,
Regulus ignicapilla,166445678,Least Concern,Increasing,Animalia,Chordata,Aves,Passeriformes,Regulidae,Regulus,,,,,,,,1.0,
Turdus pilaris,264547173,Least Concern,Stable,Animalia,Chordata,Aves,Passeriformes,Turdidae,Turdus,,2.0,1.0,,,,,,1.0
Pellia neesiana,87738294,Least Concern,Stable,Plantae,Marchantiophyta,Jungermanniopsida,Pelliales,Pelliaceae,Pellia,,,,,1.0,,,,
Dicranum scoparium,87768972,Least Concern,Stable,Plantae,Bryophyta,Bryopsida,Dicranales,Dicranaceae,Dicranum,,,,,,1.0,,,
Radulomyces molaris,Not Found,Unknown,Unknown,Fungi,Basidiomycota,Agaricomycetes,Agaricales,Radulomycetaceae,Radulomyces,,,,,1.0,,,,
Frullania dilatata,87770133,Least Concern,Stable,Plantae,Marchantiophyta,Jungermanniopsida,Porellales,Frullaniaceae,Frullania,,4.0,2.0,,2.0,1.0,,,
Vipera berus,215261275,Least Concern,Decreasing,Animalia,Chordata,Squamata,Unknown,Viperidae,Vipera,,,,2.0,,,,,
Meles meles,45203002,Least Concern,Stable,Animalia,Chordata,Mammalia,Carnivora,Mustelidae,Meles,63.0,3.0,11.0,6.0,3.0,3.0,2.0,2.0,5.0
Numenius arquata,166247142,Near Threatened,Decreasing,Animalia,Chordata,Aves,Charadriiformes,Scolopacidae,Numenius,,1.0,,3.0,,,,1.0,1.0
Lonicera periclymenum,Not Found,Unknown,Unknown,Plantae,Tracheophyta,Magnoliopsida,Dipsacales,Caprifoliaceae,Lonicera,,,,,,,,,1.0
Columba oenas,264541812,Least Concern,Increasing,Animalia,Chordata,Aves,Columbiformes,Columbidae,Columba,1.0,,,,,,,,1.0
Anticlea badiata,Not Found,Unknown,Unknown,Animalia,Arthropoda,Insecta,Lepidoptera,Geometridae,Anticlea,,1.0,,,,,,,
Pezicula cinnamomea,Not Found,Unknown,Unknown,Fungi,Ascomycota,Leotiomycetes,Helotiales,Dermateaceae,Pezicula,,,,,,,,1.0,
Impatiens glandulifera,Not Found,Unknown,Unknown,Plantae,Tracheophyta,Magnoliopsida,Ericales,Balsaminaceae,Impatiens,,,,,,,,1.0,
Pyrrhidium sanguineum,5155678,Least Concern,Stable,Animalia,Arthropoda,Insecta,Coleoptera,Cerambycidae,Pyrrhidium,,,,,,,1.0,,
Lyomyces sambuci,Not Found,Unknown,Unknown,Fungi,Basidiomycota,Agaricomycetes,Corticiales,Corticiaceae,Lyomyces,,,,,,2.0,,1.0,
Falco tinnunculus,210515355,Least Concern,Unknown,Animalia,Chordata,Aves,Falconiformes,Falconidae,Falco,2.0,6.0,,,1.0,1.0,4.0,1.0,2.0
Phragmatobia fuliginosa,Not Found,Unknown,Unknown,Animalia,Arthropoda,Insecta,Lepidoptera,Erebidae,Phragmatobia,,2.0,,,,,,,1.0
Hymenochaete rubiginosa,Not Found,Unknown,Unknown,Fungi,Basidiomycota,Agaricomycetes,Hymenochaetales,Hymenochaetaceae,Hymenochaete,,,,,1.0,,,,
Pleurotus ostreatus,Not Found,Unknown,Unknown,Fungi,Basidiomycota,Agaricomycetes,Agaricales,Pleurotaceae,Pleurotus,,,,,,1.0,,,
Garrulus glandarius,196469765,Least Concern,Stable,Animalia,Chordata,Aves,Passeriformes,Corvidae,Garrulus,,2.0,2.0,3.0,4.0,1.0,4.0,,1.0
Anemone nemorosa,Not Found,Unknown,Unknown,Plantae,Tracheophyta,Magnoliopsida,Ranunculales,Ranunculaceae,Anemone,,,,,,,1.0,,1.0
Clitocybe agrestis,Not Found,Unknown,Unknown,Fungi,Basidiomycota,Agaricomycetes,Agaricales,Tricholomataceae,Clitocybe,,,,,,,,1.0,
Perdix perdix,154496308,Least Concern,Decreasing,Animalia,Chordata,Aves,Galliformes,Phasianidae,Perdix,,,,,,,1.0,,
Fulica atra,166239776,Near Threatened,Decreasing,Animalia,Chordata,Aves,Gruiformes,Rallidae,Fulica,,,,,4.0,2.0,8.0,6.0,1.0
Brachythecium rutabulum,87732839,Least Concern,Stable,Plantae,Bryophyta,Bryopsida,Hypnales,Brachytheciaceae,Brachythecium,,,,,,2.0,,,
Anthriscus sylvestris,Not Found,Unknown,Unknown,Plantae,Tracheophyta,Magnoliopsida,Apiales,Apiaceae,Anthriscus,,,,,,,,2.0,
Puccinia lagenophorae,Not Found,Unknown,Unknown,Fungi,Basidiomycota,Pucciniomycetes,Pucciniales,Pucciniaceae,Puccinia,,,,,,,,1.0,
Juncus effusus,65914179,Least Concern,Stable,Plantae,Tracheophyta,Liliopsida,Poales,Juncaceae,Juncus,,,,,,,,1.0,
Anguis fragilis,204902180,Least Concern,Stable,Animalia,Chordata,Squamata,Unknown,Anguidae,Anguis,,1.0,,,,,,,1.0
Periparus ater,264545478,Least Concern,Stable,Animalia,Chordata,Aves,Passeriformes,Paridae,Periparus,5.0,5.0,1.0,,1.0,,2.0,1.0,
Picus viridis,264587872,Least Concern,Stable,Animalia,Chordata,Aves,Piciformes,Picidae,Picus,,,,1.0,,,1.0,,
Bufo bufo,200188858,Least Concern,Decreasing,Animalia,Chordata,Amphibia,Anura,Bufonidae,Bufo,,4.0,,13.0,1.0,2.0,4.0,8.0,5.0
Thamnobryum alopecurum,87737823,Least Concern,Stable,Plantae,Bryophyta,Bryopsida,Hypnales,Neckeraceae,Thamnobryum,,,,,,2.0,,,
Tussilago farfara,2758465,Least Concern,Stable,Plantae,Tracheophyta,Magnoliopsida,Asterales,Asteraceae,Tussilago,,,,,,,,1.0,
Orthosia gothica,Not Found,Unknown,Unknown,Animalia,Arthropoda,Insecta,Lepidoptera,Noctuidae,Orthosia,,8.0,,,,,1.0,1.0,
Chroicocephalus ridibundus,Not Found,Unknown,Unknown,Animalia,Chordata,Aves,Charadriiformes,Laridae,Chroicocephalus,2.0,1.0,6.0,7.0,7.0,6.0,6.0,10.0,3.0
Accipiter nisus,210499136,Least Concern,Unknown,Animalia,Chordata,Aves,Accipitriformes,Accipitridae,Accipiter,1.0,2.0,1.0,2.0,,1.0,5.0,,
Lunularia cruciata,87714722,Least Concern,Stable,Plantae,Marchantiophyta,Marchantiopsida,Lunulariales,Lunulariaceae,Lunularia,,4.0,4.0,,1.0,,,,
Halyzia sedecimguttata,Not Found,Unknown,Unknown,Animalia,Arthropoda,Insecta,Coleoptera,Coccinellidae,Halyzia,,,,,,,1.0,,
Ectropis crepuscularia,Not Found,Unknown,Unknown,Animalia,Arthropoda,Insecta,Lepidoptera,Geometridae,Ectropis,,,,,1.0,,,,
Veronica filiformis,Not Found,Unknown,Unknown,Plantae,Tracheophyta,Magnoliopsida,Lamiales,Plantaginaceae,Veronica,,,,,,,,,1.0
Linaria flavirostris,264565819,Least Concern,Unknown,Animalia,Chordata,Aves,Passeriformes,Fringillidae,Linaria,,,,3.0,,,,,
Streptopelia decaocto,166435449,Least Concern,Stable,Animalia,Chordata,Aves,Columbiformes,Columbidae,Streptopelia,3.0,1.0,3.0,1.0,1.0,2.0,,4.0,2.0
Buteo buteo,210507000,Least Concern,Stable,Animalia,Chordata,Aves,Accipitriformes,Accipitridae,Buteo,10.0,6.0,6.0,6.0,7.0,1.0,9.0,7.0,7.0
Pica pica,264575751,Least Concern,Stable,Animalia,Chordata,Aves,Passeriformes,Corvidae,Pica,7.0,5.0,10.0,9.0,11.0,10.0,6.0,6.0,5.0
Lamium purpureum,Not Found,Unknown,Unknown,Plantae,Tracheophyta,Magnoliopsida,Lamiales,Lamiaceae,Lamium,,,,,,,,1.0,2.0
Protapion fulvipes,Not Found,Unknown,Unknown,Animalia,Arthropoda,Insecta,Coleoptera,Apionidae,Protapion,,,,,,,,1.0,
Passer montanus,166399056,Least Concern,Decreasing,Animalia,Chordata,Aves,Passeriformes,Passeridae,Passer,,,1.0,,,,,,
Rhytisma acerinum,Not Found,Unknown,Unknown,Fungi,Ascomycota,Leotiomycetes,Rhytismatales,Rhytismataceae,Rhytisma,,,,,,1.0,,,
Peniophora cinerea,Not Found,Unknown,Unknown,Fungi,Basidiomycota,Agaricomycetes,Russulales,Peniophoraceae,Peniophora,,,,,1.0,1.0,,,
Mustela erminea,45203335,Least Concern,Stable,Animalia,Chordata,Mammalia,Carnivora,Mustelidae,Mustela,,,,1.0,,,,,
Sambucus nigra,88328586,Least Concern,Stable,Plantae,Tracheophyta,Magnoliopsida,Dipsacales,Viburnaceae,Sambucus,,,,,,,,1.0,
Coprinellus micaceus,Not Found,Unknown,Unknown,Fungi,Basidiomycota,Agaricomycetes,Agaricales,Psathyrellaceae,Coprinellus,,,,,,1.0,,,
Gonepteryx rhamni,53720018,Least Concern,Decreasing,Animalia,Arthropoda,Insecta,Lepidoptera,Pieridae,Gonepteryx,,,,,,,1.0,,
Rattus norvegicus,221339363,Not Applicable,Stable,Animalia,Chordata,Mammalia,Rodentia,Muridae,Rattus,,,1.0,,,,,,
Egretta garzetta,166459851,Least Concern,Decreasing,Animalia,Chordata,Aves,Pelecaniformes,Ardeidae,Egretta,3.0,1.0,2.0,3.0,1.0,,2.0,2.0,2.0
Falco peregrinus,210513652,Least Concern,Unknown,Animalia,Chordata,Aves,Falconiformes,Falconidae,Falco,,,,2.0,,,,,
Entoloma sericeum,Not Found,Unknown,Unknown,Fungi,Basidiomycota,Agaricomycetes,Agaricales,Entolomataceae,Entoloma,,,,,,,,1.0,
Flavoparmelia caperata,180096996,Least Concern,Increasing,Fungi,Ascomycota,Lecanoromycetes,Lecanorales,Parmeliaceae,Flavoparmelia,,,,,,1.0,,,
Asplenium ceterach,83470575,Least Concern,Stable,Plantae,Tracheophyta,Polypodiopsida,Polypodiales,Aspleniaceae,Asplenium,,,,,,1.0,,,
Chamaecyparis lawsoniana,2840024,Near Threatened,Increasing,Plantae,Tracheophyta,Pinopsida,Pinales,Cupressaceae,Chamaecyparis,,,,,,,,,1.0
Xanthoporia radiata,Not Found,Unknown,Unknown,Fungi,Basidiomycota,Agaricomycetes,Hymenochaetales,Hymenochaetaceae,Xanthoporia,,,,1.0,,1.0,,,
Stellaria media,2758351,Least Concern,Stable,Plantae,Tracheophyta,Magnoliopsida,Caryophyllales,Caryophyllaceae,Stellaria,,,,,,,,1.0,1.0
Clitocybe fragrans,Not Found,Unknown,Unknown,Fungi,Basidiomycota,Agaricomycetes,Agaricales,Tricholomataceae,Clitocybe,,,,,,,,1.0,
Hylocomiadelphus triquetrus,Not Found,Unknown,Unknown,Plantae,Bryophyta,Bryopsida,Hypnales,Hylocomiaceae,Hylocomiadelphus,,,,,,1.0,,,
Acer pseudoplatanus,125923004,Least Concern,Unknown,Plantae,Tracheophyta,Magnoliopsida,Sapindales,Sapindaceae,Acer,,,,,,1.0,,1.0,
Xylaria longipes,Not Found,Unknown,Unknown,Fungi,Ascomycota,Sordariomycetes,Xylariales,Xylariaceae,Xylaria,,,,,1.0,1.0,,1.0,
Gasterosteus aculeatus,221209504,Least Concern,Unknown,Animalia,Chordata,Unknown,Gasterosteiformes,Gasterosteidae,Gasterosteus,,1.0,,,,,,,
Fomes fomentarius,Not Found,Unknown,Unknown,Fungi,Basidiomycota,Agaricomycetes,Polyporales,Polyporaceae,Fomes,,,,,,1.0,,,
Passer domesticus,199147773,Least Concern,Decreasing,Animalia,Chordata,Aves,Passeriformes,Passeridae,Passer,1.0,3.0,6.0,6.0,4.0,4.0,3.0,7.0,6.0
Spatula clypeata,166200605,Least Concern,Decreasing,Animalia,Chordata,Aves,Anseriformes,Anatidae,Spatula,1.0,,,,,,,,
Polygonia c-album,53719853,Least Concern,Stable,Animalia,Arthropoda,Insecta,Lepidoptera,Nymphalidae,Polygonia,,,1.0,,1.0,,,,1.0
Vanessa atalanta,172421220,Least Concern,Unknown,Animalia,Arthropoda,Insecta,Lepidoptera,Nymphalidae,Vanessa,,,,,,1.0,,1.0,
Xanthoria parietina,Not Found,Unknown,Unknown,Fungi,Ascomycota,Lecanoromycetes,Teloschistales,Teloschistaceae,Xanthoria,,,,,,2.0,,,
Agapetus fuscipes,Not Found,Unknown,Unknown,Animalia,Arthropoda,Insecta,Trichoptera,Glossosomatidae,Agapetus,,,4.0,,,,,,
Sturnus vulgaris,166360937,Least Concern,Stable,Animalia,Chordata,Aves,Passeriformes,Sturnidae,Sturnus,,,5.0,5.0,2.0,1.0,1.0,6.0,5.0
Drapetis exilis,Not Found,Unknown,Unknown,Animalia,Arthropoda,Insecta,Diptera,Hybotidae,Drapetis,,,,,,,,1.0,
Ranunculus ficariiformis,Not Found,Unknown,Unknown,Plantae,Tracheophyta,Magnoliopsida,Ranunculales,Ranunculaceae,Ranunculus,,,1.0,,,,,,
Galium aparine,2765924,Least Concern,Stable,Plantae,Tracheophyta,Magnoliopsida,Gentianales,Rubiaceae,Galium,,,,,,1.0,,1.0,2.0
Scolopax rusticola,166241741,Least Concern,Decreasing,Animalia,Chordata,Aves,Charadriiformes,Scolopacidae,Scolopax,1.0,1.0,,2.0,,,2.0,1.0,1.0
Mustela putorius,45214384,Least Concern,Decreasing,Animalia,Chordata,Mammalia,Carnivora,Mustelidae,Mustela,1.0,1.0,,,,,1.0,,
Phigalia pilosaria,Not Found,Unknown,Unknown,Animalia,Arthropoda,Insecta,Lepidoptera,Geometridae,Phigalia,,,,,1.0,,,,
Aglais urticae,53706994,Least Concern,Stable,Animalia,Arthropoda,Insecta,Lepidoptera,Nymphalidae,Aglais,1.0,,,,2.0,1.0,3.0,5.0,
Rhyacophila dorsalis,Not Found,Unknown,Unknown,Animalia,Arthropoda,Insecta,Trichoptera,Rhyacophilidae,Rhyacophila,,,2.0,,,,,,
Vulpes vulpes,46190249,Least Concern,Stable,Animalia,Chordata,Mammalia,Carnivora,Canidae,Vulpes,15.0,,2.0,1.0,1.0,1.0,,2.0,1.0
Theria primaria,Not Found,Unknown,Unknown,Animalia,Arthropoda,Insecta,Lepidoptera,Geometridae,Theria,,,,,2.0,,,,
Conistra ligula,Not Found,Unknown,Unknown,Animalia,Arthropoda,Insecta,Lepidoptera,Noctuidae,Conistra,,,,,,,1.0,,
Aegopodium podagraria,Not Found,Unknown,Unknown,Plantae,Tracheophyta,Magnoliopsida,Apiales,Apiaceae,Aegopodium,,,,,,,,1.0,
Eupithecia abbreviata,Not Found,Unknown,Unknown,Animalia,Arthropoda,Insecta,Lepidoptera,Geometridae,Eupithecia,,1.0,,,,,,,
Physcia tenella,Not Found,Unknown,Unknown,Fungi,Ascomycota,Lecanoromycetes,Caliciales,Physciaceae,Physcia,,,,,,1.0,,,
Epiphyas postvittana,Not Found,Unknown,Unknown,Animalia,Arthropoda,Insecta,Lepidoptera,Tortricidae,Epiphyas,,,,,,,1.0,,
Sciurus carolinensis,217344510,Not Applicable,Increasing,Animalia,Chordata,Mammalia,Rodentia,Sciuridae,Sciurus,,,,1.0,3.0,4.0,6.0,,
Myotis nattereri,211005466,Least Concern,Increasing,Animalia,Chordata,Mammalia,Chiroptera,Vespertilionidae,Myotis,2.0,3.0,4.0,5.0,1.0,1.0,,4.0,
Hedera helix,2758285,Least Concern,Stable,Plantae,Tracheophyta,Magnoliopsida,Apiales,Araliaceae,Hedera,,,,,,3.0,,,
Parus major,264577711,Least Concern,Stable,Animalia,Chordata,Aves,Passeriformes,Paridae,Parus,3.0,2.0,7.0,6.0,10.0,7.0,4.0,3.0,5.0
Triturus cristatus,200183152,Least Concern,Decreasing,Animalia,Chordata,Amphibia,Caudata,Salamandridae,Triturus,,17.0,6.0,8.0,4.0,,2.0,1.0,19.0
Cephalozia bicuspidata,87793787,Least Concern,Decreasing,Plantae,Marchantiophyta,Jungermanniopsida,Jungermanniales,Cephaloziaceae,Cephalozia,,,,,1.0,,,,
Ulex europaeus,86138815,Least Concern,Stable,Plantae,Tracheophyta,Magnoliopsida,Fabales,Fabaceae,Ulex,,,,,1.0,,,1.0,
Dacrymyces stillatus,Not Found,Unknown,Unknown,Fungi,Basidiomycota,Dacrymycetes,Dacrymycetales,Dacrymycetaceae,Dacrymyces,,,,,1.0,,,1.0,
Galanthus nivalis,5551773,Near Threatened,Decreasing,Plantae,Tracheophyta,Liliopsida,Asparagales,Amaryllidaceae,Galanthus,,,,1.0,2.0,,1.0,,
Metzgeria violacea,87781490,Least Concern,Increasing,Plantae,Marchantiophyta,Jungermanniopsida,Metzgeriales,Metzgeriaceae,Metzgeria,,2.0,2.0,,3.0,,,,
Crepidotus cesatii,Not Found,Unknown,Unknown,Fungi,Basidiomycota,Agaricomycetes,Agaricales,Crepidotaceae,Crepidotus,,,,,,2.0,,,
Plagiochila asplenioides,87738325,Least Concern,Stable,Plantae,Marchantiophyta,Jungermanniopsida,Jungermanniales,Plagiochilaceae,Plagiochila,,2.0,,,,,,,
Conocephalum conicum,87834471,Least Concern,Stable,Plantae,Marchantiophyta,Marchantiopsida,Marchantiales,Conocephalaceae,Conocephalum,,1.0,,,2.0,1.0,,,
Bjerkandera adusta,Not Found,Unknown,Unknown,Fungi,Basidiomycota,Agaricomycetes,Polyporales,Phanerochaetaceae,Bjerkandera,,,,,1.0,,1.0,1.0,
Lepidozia reptans,87714454,Least Concern,Stable,Plantae,Marchantiophyta,Jungermanniopsida,Jungermanniales,Lepidoziaceae,Lepidozia,,,,,1.0,,,,
Alliaria petiolata,Not Found,Unknown,Unknown,Plantae,Tracheophyta,Magnoliopsida,Brassicales,Brassicaceae,Alliaria,,,,,,,,,1.0
Caltha palustris,42321925,Least Concern,Stable,Plantae,Tracheophyta,Magnoliopsida,Ranunculales,Ranunculaceae,Caltha,,,,,,,1.0,,
Agriopis marginaria,Not Found,Unknown,Unknown,Animalia,Arthropoda,Insecta,Lepidoptera,Geometridae,Agriopis,,,,,1.0,,,,
Columba palumbus,166231450,Least Concern,Increasing,Animalia,Chordata,Aves,Columbiformes,Columbidae,Columba,4.0,3.0,12.0,7.0,10.0,10.0,8.0,6.0,10.0
Thuidium tamariscinum,87743497,Least Concern,Stable,Plantae,Bryophyta,Bryopsida,Hypnales,Thuidiaceae,Thuidium,,,,,,2.0,,,
Apopellia endiviifolia,87737999,Least Concern,Stable,Plantae,Marchantiophyta,Jungermanniopsida,Pelliales,Pelliaceae,Apopellia,,1.0,,,2.0,,,,
Anser anser,166194209,Least Concern,Increasing,Animalia,Chordata,Aves,Anseriformes,Anatidae,Anser,,,,,,,2.0,,
Lepus europaeus,45187424,Least Concern,Decreasing,Animalia,Chordata,Mammalia,Lagomorpha,Leporidae,Lepus,,3.0,,,2.0,,,,
Hypholoma fasciculare,Not Found,Unknown,Unknown,Fungi,Basidiomycota,Agaricomycetes,Agaricales,Strophariaceae,Hypholoma,,,,,,1.0,,,
Arum maculatum,Not Found,Unknown,Unknown,Plantae,Tracheophyta,Liliopsida,Alismatales,Araceae,Arum,,,,,,,,1.0,2.0
Strix aluco,264546097,Least Concern,Stable,Animalia,Chordata,Aves,Strigiformes,Strigidae,Strix,4.0,,,1.0,2.0,1.0,,,2.0
Orthosia cruda,Not Found,Unknown,Unknown,Animalia,Arthropoda,Insecta,Lepidoptera,Noctuidae,Orthosia,,1.0,,,,,2.0,,
Sarcomyxa serotina,Not Found,Unknown,Unknown,Fungi,Basidiomycota,Agaricomycetes,Agaricales,Sarcomyxaceae,Sarcomyxa,,,,,,,,1.0,1.0
Orthosia incerta,Not Found,Unknown,Unknown,Animalia,Arthropoda,Insecta,Lepidoptera,Noctuidae,Orthosia,,3.0,,,,,2.0,,
Dryopteris dilatata,85425018,Least Concern,Stable,Plantae,Tracheophyta,Polypodiopsida,Polypodiales,Dryopteridaceae,Dryopteris,,,,,,,,1.0,
Cygnus olor,166189862,Least Concern,Increasing,Animalia,Chordata,Aves,Anseriformes,Anatidae,Cygnus,,,,,,1.0,,,
Charadrius dubius,166264107,Least Concern,Decreasing,Animalia,Chordata,Aves,Charadriiformes,Charadriidae,Charadrius,,,,4.0,,,,,
Lemna minor,120125670,Least Concern,Stable,Plantae,Tracheophyta,Liliopsida,Alismatales,Araceae,Lemna,,,,,,1.0,,,
Auricularia auricula-judae,Not Found,Unknown,Unknown,Fungi,Basidiomycota,Agaricomycetes,Auriculariales,Auriculariaceae,Auricularia,,,,1.0,,2.0,1.0,2.0,1.0
Larus fuscus,166275319,Least Concern,Increasing,Animalia,Chordata,Aves,Charadriiformes,Laridae,Larus,,,1.0,2.0,,1.0,,,3.0
Petasites pyrenaicus,Not Found,Unknown,Unknown,Plantae,Tracheophyta,Magnoliopsida,Asterales,Asteraceae,Petasites,,,,2.0,,1.0,1.0,,
Daldinia concentrica,Not Found,Unknown,Unknown,Fungi,Ascomycota,Sordariomycetes,Xylariales,Hypoxylaceae,Daldinia,,,,1.0,,3.0,1.0,,
Fossombronia pusilla,87770095,Least Concern,Stable,Plantae,Marchantiophyta,Jungermanniopsida,Fossombroniales,Fossombroniaceae,Fossombronia,,,1.0,,,,,,
Pentaglottis sempervirens,Not Found,Unknown,Unknown,Plantae,Tracheophyta,Magnoliopsida,Boraginales,Boraginaceae,Pentaglottis,,,,,,,1.0,,
Myodes glareolus,Not Found,Unknown,Unknown,Animalia,Chordata,Mammalia,Rodentia,Cricetidae,Myodes,,,,1.0,,,,,
Chrysosplenium oppositifolium,Not Found,Unknown,Unknown,Plantae,Tracheophyta,Magnoliopsida,Saxifragales,Saxifragaceae,Chrysosplenium,,,,,,,,1.0,
Troglodytes troglodytes,199569861,Least Concern,Increasing,Animalia,Chordata,Aves,Passeriformes,Troglodytidae,Troglodytes,3.0,11.0,6.0,1.0,5.0,3.0,5.0,1.0,3.0
Tremella mesenterica,Not Found,Unknown,Unknown,Fungi,Basidiomycota,Tremellomycetes,Tremellales,Tremellaceae,Tremella,,,,,1.0,1.0,,1.0,2.0
Lissotriton vulgaris,229006372,Least Concern,Stable,Animalia,Chordata,Amphibia,Caudata,Salamandridae,Lissotriton,,7.0,,9.0,4.0,3.0,3.0,1.0,13.0
Lophocolea bidentata,87714673,Least Concern,Stable,Plantae,Marchantiophyta,Jungermanniopsida,Jungermanniales,Lophocoleaceae,Lophocolea,,2.0,2.0,,2.0,,,,
Motacilla cinerea,221313612,Least Concern,Stable,Animalia,Chordata,Aves,Passeriformes,Motacillidae,Motacilla,1.0,2.0,,1.0,,,3.0,,3.0
Vanellus vanellus,166266204,Vulnerable,Decreasing,Animalia,Chordata,Aves,Charadriiformes,Charadriidae,Vanellus,,3.0,,1.0,,,,,1.0
Puschkinia scilloides,Not Found,Unknown,Unknown,Plantae,Tracheophyta,Liliopsida,Asparagales,Asparagaceae,Puschkinia,,,,,,,,1.0,
Corvus corone,264543876,Least Concern,Stable,Animalia,Chordata,Aves,Passeriformes,Corvidae,Corvus,1.0,,6.0,7.0,7.0,11.0,2.0,8.0,7.0
Taphrina betulina,Not Found,Unknown,Unknown,Fungi,Ascomycota,Taphrinomycetes,Taphrinales,Taphrinaceae,Taphrina,,,,,,1.0,,,
Peniophora lycii,Not Found,Unknown,Unknown,Fungi,Basidiomycota,Agaricomycetes,Russulales,Peniophoraceae,Peniophora,,,,,,1.0,,1.0,
Linaria cannabina,166415057,Least Concern,Increasing,Animalia,Chordata,Aves,Passeriformes,Fringillidae,Linaria,,,1.0,2.0,2.0,,,,
Zootoca vivipara,217510164,Least Concern,Unknown,Animalia,Chordata,Squamata,Unknown,Lacertidae,Zootoca,,1.0,1.0,,,,3.0,,5.0
Conistra vaccinii,Not Found,Unknown,Unknown,Animalia,Arthropoda,Insecta,Lepidoptera,Noctuidae,Conistra,,,,,2.0,,,,
Corticaria impressa,Not Found,Unknown,Unknown,Animalia,Arthropoda,Insecta,Coleoptera,Latridiidae,Corticaria,,,,,,,,1.0,
Mustela nivalis,45200499,Least Concern,Stable,Animalia,Chordata,Mammalia,Carnivora,Mustelidae,Mustela,,2.0,,1.0,,,,,
Rhododendron ponticum,Not Found,Unknown,Unknown,Plantae,Tracheophyta,Magnoliopsida,Ericales,Ericaceae,Rhododendron,,,,1.0,,,,,
Rhytidiadelphus squarrosus,87737123,Least Concern,Stable,Plantae,Bryophyta,Bryopsida,Hypnales,Hylocomiaceae,Rhytidiadelphus,,,,,,3.0,,,
Bombus terrestris,57372577,Least Concern,Increasing,Animalia,Arthropoda,Insecta,Hymenoptera,Apidae,Bombus,,,,,,,,1.0,1.0
Perapion hydrolapathi,Not Found,Unknown,Unknown,Animalia,Arthropoda,Insecta,Coleoptera,Brentidae,Perapion,,,,,,,,1.0,
Marchantia polymorpha,87781155,Least Concern,Stable,Plantae,Marchantiophyta,Marchantiopsida,Marchantiales,Marchantiaceae,Marchantia,,5.0,5.0,,1.0,,,,
Vespula vulgaris,Not Found,Unknown,Unknown,Animalia,Arthropoda,Insecta,Hymenoptera,Vespidae,Vespula,1.0,,,,,,,,
Calycina citrina,Not Found,Unknown,Unknown,Fungi,Ascomycota,Leotiomycetes,Helotiales,Pezizellaceae,Calycina,,,,,,,,2.0,
Exidia thuretiana,Not Found,Unknown,Unknown,Fungi,Basidiomycota,Agaricomycetes,Auriculariales,Auriculariaceae,Exidia,,,,,,1.0,,,
Prunus domestica,50135957,Data Deficient,Unknown,Plantae,Tracheophyta,Magnoliopsida,Rosales,Rosaceae,Prunus,,,,,,1.0,,,
Vuilleminia coryli,Not Found,Unknown,Unknown,Fungi,Basidiomycota,Agaricomycetes,Corticiales,Vuilleminiaceae,Vuilleminia,,,,,,1.0,,,
Spirodela polyrhiza,120208445,Least Concern,Stable,Plantae,Tracheophyta,Liliopsida,Alismatales,Araceae,Spirodela,,,,,,1.0,,,
Stenus clavicornis,Not Found,Unknown,Unknown,Animalia,Arthropoda,Insecta,Coleoptera,Staphylinidae,Stenus,,,,,,,,1.0,
Flammulina velutipes,122090923,Least Concern,Stable,Fungi,Basidiomycota,Agaricomycetes,Agaricales,Physalacriaceae,Flammulina,,,,1.0,,2.0,1.0,,
Betula pendula,3115662,Least Concern,Stable,Plantae,Tracheophyta,Magnoliopsida,Fagales,Betulaceae,Betula,,,,,,1.0,,1.0,
Allium ursinum,6826231,Least Concern,Unknown,Plantae,Tracheophyta,Liliopsida,Asparagales,Amaryllidaceae,Allium,,,,,,,,1.0,
Xylaria hypoxylon,Not Found,Unknown,Unknown,Fungi,Ascomycota,Sordariomycetes,Xylariales,Xylariaceae,Xylaria,,,,,1.0,2.0,2.0,2.0,1.0
Limnephilus lunatus,Not Found,Unknown,Unknown,Animalia,Arthropoda,Insecta,Trichoptera,Limnephilidae,Limnephilus,,,2.0,,,,,,
Cinclus cinclus,166342358,Least Concern,Decreasing,Animalia,Chordata,Aves,Passeriformes,Cinclidae,Cinclus,,,,,1.0,,1.0,,2.0
Biscogniauxia nummularia,Not Found,Unknown,Unknown,Fungi,Ascomycota,Sordariomycetes,Xylariales,Graphostromataceae,Biscogniauxia,,,,1.0,,1.0,,,
Diurnea fagella,Not Found,Unknown,Unknown,Animalia,Arthropoda,Insecta,Lepidoptera,Lypusidae,Diurnea,,,,,,,,1.0,
Dendrocopos major,166214479,Least Concern,Decreasing,Animalia,Chordata,Aves,Piciformes,Picidae,Dendrocopos,2.0,5.0,1.0,1.0,6.0,1.0,4.0,2.0,4.0
Stigmella aurella,Not Found,Unknown,Unknown,Animalia,Arthropoda,Insecta,Lepidoptera,Nepticulidae,Stigmella,,,,,,1.0,,,
Podofomes mollis,Not Found,Unknown,Unknown,Fungi,Basidiomycota,Agaricomycetes,Polyporales,Polyporaceae,Podofomes,,,,,,,,1.0,
Erannis defoliaria,Not Found,Unknown,Unknown,Animalia,Arthropoda,Insecta,Lepidoptera,Geometridae,Erannis,,,,,1.0,,,,
Turdus philomelos,166346863,Least Concern,Stable,Animalia,Chordata,Aves,Passeriformes,Turdidae,Turdus,,4.0,4.0,1.0,3.0,1.0,7.0,,1.0
Aegithalos caudatus,264587236,Least Concern,Stable,Animalia,Chordata,Aves,Passeriformes,Aegithalidae,Aegithalos,5.0,6.0,11.0,5.0,6.0,4.0,5.0,3.0,7.0
Coloeus monedula,Not Found,Unknown,Unknown,Animalia,Chordata,Aves,Passeriformes,Corvidae,Coloeus,4.0,,9.0,6.0,6.0,1.0,4.0,6.0,7.0
Limacus flavus,1328190,Least Concern,Stable,Animalia,Mollusca,Gastropoda,Stylommatophora,Limacidae,Limacus,,,,,,,,,2.0
Larus argentatus,206585142,Least Concern,Decreasing,Animalia,Chordata,Aves,Charadriiformes,Laridae,Larus,2.0,,3.0,7.0,4.0,1.0,2.0,1.0,2.0
Jackrogersella multiformis,Not Found,Unknown,Unknown,Fungi,Ascomycota,Sordariomycetes,Xylariales,Hypoxylaceae,Jackrogersella,,,,,,2.0,,,
Saxicola rubicola,Not Found,Unknown,Unknown,Animalia,Chordata,Aves,Passeriformes,Muscicapidae,Saxicola,,,,,,2.0,1.0,2.0,1.0
Phoenicurus ochruros,166353782,Least Concern,Stable,Animalia,Chordata,Aves,Passeriformes,Muscicapidae,Phoenicurus,,,,3.0,,,,,
Paralepista flaccida,Not Found,Unknown,Unknown,Fungi,Basidiomycota,Agaricomycetes,Agaricales,Tricholomataceae,Paralepista,,,,,,,,1.0,
Ascocoryne sarcoides,Not Found,Unknown,Unknown,Fungi,Ascomycota,Leotiomycetes,Helotiales,Gelatinodiscaceae,Ascocoryne,,,,,,,,1.0,
Tachybaptus ruficollis,166311395,Least Concern,Stable,Animalia,Chordata,Aves,Podicipediformes,Podicipedidae,Tachybaptus,,,,,,2.0,1.0,2.0,
Tyto alba,210527163,Least Concern,Decreasing,Animalia,Chordata,Aves,Strigiformes,Tytonidae,Tyto,,1.0,,,1.0,,,,1.0
Emberiza schoeniclus,166426048,Least Concern,Decreasing,Animalia,Chordata,Aves,Passeriformes,Emberizidae,Emberiza,,,,1.0,4.0,3.0,,,
Sorex araneus,226891290,Least Concern,Stable,Animalia,Chordata,Mammalia,Soricomorpha,Soricidae,Sorex,,,,,,,1.0,,
Anas acuta,166201297,Vulnerable,Decreasing,Animalia,Chordata,Aves,Anseriformes,Anatidae,Anas,,,,,,,,,1.0
Bellis perennis,Not Found,Unknown,Unknown,Plantae,Tracheophyta,Magnoliopsida,Asterales,Asteraceae,Bellis,,,,,,1.0,,,
Gallinago gallinago,166243239,Vulnerable,Decreasing,Animalia,Chordata,Aves,Charadriiformes,Scolopacidae,Gallinago,,,4.0,8.0,10.0,5.0,5.0,9.0,5.0
Rana temporaria,200721782,Least Concern,Stable,Animalia,Chordata,Amphibia,Anura,Ranidae,Rana,,7.0,1.0,13.0,14.0,3.0,11.0,11.0,7.0
Aythya fuligula,166205462,Near Threatened,Decreasing,Animalia,Chordata,Aves,Anseriformes,Anatidae,Aythya,,,10.0,5.0,8.0,9.0,6.0,5.0,1.0
Columba livia,166230154,Least Concern,Unknown,Animalia,Chordata,Aves,Columbiformes,Columbidae,Columba,,,,,,,,1.0,
Acanthis flammea,166430280,Least Concern,Increasing,Animalia,Chordata,Aves,Passeriformes,Fringillidae,Acanthis,13.0,1.0,,,,,,,
Alcedo atthis,264589271,Least Concern,Decreasing,Animalia,Chordata,Aves,Coraciiformes,Alcedinidae,Alcedo,,,,1.0,2.0,,,,
Chloris chloris,166412593,Least Concern,Decreasing,Unknown,Unknown,Unknown,Unknown,Unknown,Unknown,13.0,2.0,,2.0,,2.0,1.0,,
Evernia prunastri,Not Found,Unknown,Unknown,Fungi,Ascomycota,Lecanoromycetes,Lecanorales,Parmeliaceae,Evernia,,,,,,1.0,,,
Ramalina fraxinea,Not Found,Unknown,Unknown,Fungi,Ascomycota,Lecanoromycetes,Lecanorales,Ramalinaceae,Ramalina,,,,,,,,,1.0
Trametes versicolor,Not Found,Unknown,Unknown,Fungi,Basidiomycota,Agaricomycetes,Polyporales,Polyporaceae,Trametes,,,,,,1.0,1.0,,
Taxus baccata,95808896,Least Concern,Increasing,Plantae,Tracheophyta,Pinopsida,Pinales,Taxaceae,Taxus,,,,,,1.0,,,
Motacilla alba,166400912,Least Concern,Stable,Animalia,Chordata,Aves,Passeriformes,Motacillidae,Motacilla,3.0,3.0,2.0,3.0,3.0,,2.0,,2.0
Larus canus,166271946,Least Concern,Unknown,Animalia,Chordata,Aves,Charadriiformes,Laridae,Larus,,1.0,,2.0,,,,,
Rumex acetosella,2764869,Least Concern,Stable,Plantae,Tracheophyta,Magnoliopsida,Caryophyllales,Polygonaceae,Rumex,,,,,,,,1.0,
Phasianus colchicus,166454046,Least Concern,Stable,Animalia,Chordata,Aves,Galliformes,Phasianidae,Phasianus,3.0,,3.0,3.0,,,2.0,,2.0
Apioperdon pyriforme,Not Found,Unknown,Unknown,Fungi,Basidiomycota,Agaricomycetes,Agaricales,Lycoperdaceae,Apioperdon,,,,,,,,1.0,
Rabelera holostea,Not Found,Unknown,Unknown,Plantae,Tracheophyta,Magnoliopsida,Caryophyllales,Caryophyllaceae,Rabelera,,,,,,,,,2.0
Metzgeria furcata,87781385,Least Concern,Stable,Plantae,Marchantiophyta,Jungermanniopsida,Metzgeriales,Metzgeriaceae,Metzgeria,,4.0,3.0,,3.0,,,,
Limax maximus,85577040,Least Concern,Stable,Animalia,Mollusca,Gastropoda,Stylommatophora,Limacidae,Limax,,,,,,2.0,,,
Anomodon viticulosus,87777099,Least Concern,Stable,Plantae,Bryophyta,Bryopsida,Hypnales,Anomodontaceae,Anomodon,,,,,,1.0,,,
Hydropsyche instabilis,Not Found,Unknown,Unknown,Animalia,Arthropoda,Insecta,Trichoptera,Hydropsychidae,Hydropsyche,,,2.0,,,,,,
Xylaria carpophila,Not Found,Unknown,Unknown,Fungi,Ascomycota,Sordariomycetes,Xylariales,Xylariaceae,Xylaria,,,,,1.0,,,,
Ramalina farinacea,Not Found,Unknown,Unknown,Fungi,Ascomycota,Lecanoromycetes,Lecanorales,Ramalinaceae,Ramalina,,,,,,1.0,,,1.0
Anas platyrhynchos,166199836,Least Concern,Decreasing,Animalia,Chordata,Aves,Anseriformes,Anatidae,Anas,,,3.0,6.0,7.0,6.0,11.0,8.0,7.0
Viburnum tinus,121076349,Least Concern,Stable,Plantae,Tracheophyta,Magnoliopsida,Dipsacales,Viburnaceae,Viburnum,,,,,,,,1.0,1.0
Sitta europaea,199569378,Least Concern,Stable,Animalia,Chordata,Aves,Passeriformes,Sittidae,Sitta,1.0,6.0,4.0,4.0,1.0,,1.0,1.0,1.0
Fraxinus excelsior,67807718,Near Threatened,Decreasing,Plantae,Tracheophyta,Magnoliopsida,Lamiales,Oleaceae,Fraxinus,,,,,,2.0,,,
Erithacus rubecula,166350059,Least Concern,Stable,Animalia,Chordata,Aves,Passeriformes,Muscicapidae,Erithacus,5.0,4.0,10.0,9.0,10.0,7.0,5.0,3.0,7.0
Phylloscopus collybita,264567918,Least Concern,Stable,Animalia,Chordata,Aves,Passeriformes,Phylloscopidae,Phylloscopus,,1.0,1.0,1.0,,,1.0,2.0,4.0
Peniophora quercina,Not Found,Unknown,Unknown,Fungi,Basidiomycota,Agaricomycetes,Russulales,Peniophoraceae,Peniophora,,,,1.0,,,1.0,,
Mergus merganser,166211915,Least Concern,Increasing,Animalia,Chordata,Aves,Anseriformes,Anatidae,Mergus,,2.0,,,1.0,,,,
Ardea cinerea,166317370,Least Concern,Decreasing,Animalia,Chordata,Aves,Pelecaniformes,Ardeidae,Ardea,,1.0,2.0,,2.0,,1.0,3.0,3.0
Peniophora limitata,Not Found,Unknown,Unknown,Fungi,Basidiomycota,Agaricomycetes,Russulales,Peniophoraceae,Peniophora,,,,,,1.0,,,
Delichon urbicum,264561964,Least Concern,Stable,Animalia,Chordata,Aves,Passeriformes,Hirundinidae,Delichon,,,,,,,,,1.0
Kretzschmaria deusta,Not Found,Unknown,Unknown,Fungi,Ascomycota,Sordariomycetes,Xylariales,Xylariaceae,Kretzschmaria,,,,,1.0,,,,
Fomitopsis betulina,Not Found,Unknown,Unknown,Fungi,Basidiomycota,Agaricomycetes,Polyporales,Fomitopsidaceae,Fomitopsis,,,,,,2.0,,,
Carduelis carduelis,199579742,Least Concern,Increasing,Animalia,Chordata,Aves,Passeriformes,Fringillidae,Carduelis,10.0,7.0,8.0,3.0,7.0,6.0,4.0,3.0,
Talpa europaea,221752008,Least Concern,Unknown,Animalia,Chordata,Mammalia,Soricomorpha,Talpidae,Talpa,,,,,,3.0,9.0,,2.0
Heracleum sphondylium,Not Found,Unknown,Unknown,Plantae,Tracheophyta,Magnoliopsida,Apiales,Apiaceae,Heracleum,,,,,,,,1.0,
Prunus laurocerasus,64116707,Least Concern,Stable,Plantae,Tracheophyta,Magnoliopsida,Rosales,Rosaceae,Prunus,,,,,,,1.0,,1.0
Branta canadensis,166195258,Least Concern,Increasing,Animalia,Chordata,Aves,Anseriformes,Anatidae,Branta,1.0,1.0,4.0,7.0,2.0,,4.0,4.0,4.0
Lissotriton helveticus,228185144,Least Concern,Decreasing,Animalia,Chordata,Amphibia,Caudata,Salamandridae,Lissotriton,,4.0,,5.0,,,1.0,,4.0
Gallinula chloropus,166459135,Least Concern,Decreasing,Animalia,Chordata,Aves,Gruiformes,Rallidae,Gallinula,,,,,,8.0,1.0,,3.0
Certhia familiaris,264570283,Least Concern,Stable,Animalia,Chordata,Aves,Passeriformes,Certhiidae,Certhia,,1.0,3.0,1.0,1.0,,2.0,1.0,2.0
Hypoxylon fuscum,Not Found,Unknown,Unknown,Fungi,Ascomycota,Sordariomycetes,Xylariales,Hypoxylaceae,Hypoxylon,,,,,,2.0,,1.0,
Phalacrocorax carbo,166315940,Least Concern,Increasing,Animalia,Chordata,Aves,Suliformes,Phalacrocoracidae,Phalacrocorax,,,,,,,1.0,,1.0
Exidia glandulosa,Not Found,Unknown,Unknown,Fungi,Basidiomycota,Agaricomycetes,Auriculariales,Auriculariaceae,Exidia,,,,1.0,,,1.0,,
Stenophylax sequax,Not Found,Unknown,Unknown,Animalia,Arthropoda,Insecta,Trichoptera,Limnephilidae,Stenophylax,,,2.0,,,,,,
Digitalis purpurea,2764797,Least Concern,Stable,Plantae,Tracheophyta,Magnoliopsida,Lamiales,Plantaginaceae,Digitalis,,,,,,,,,2.0
Nanogona polydesmoides,Not Found,Unknown,Unknown,Animalia,Arthropoda,Diplopoda,Chordeumatida,Craspedosomatidae,Nanogona,,,,,,1.0,,,
Aglais io,53706979,Least Concern,Stable,Animalia,Arthropoda,Insecta,Lepidoptera,Nymphalidae,Aglais,1.0,,,,6.0,1.0,3.0,,2.0
Biston strataria,Not Found,Unknown,Unknown,Animalia,Arthropoda,Insecta,Lepidoptera,Geometridae,Biston,,1.0,,,,,2.0,,
Radula complanata,87739791,Least Concern,Stable,Plantae,Marchantiophyta,Jungermanniopsida,Porellales,Radulaceae,Radula,,,1.0,,1.0,,,,
Regulus regulus,166445158,Least Concern,Decreasing,Animalia,Chordata,Aves,Passeriformes,Regulidae,Regulus,,5.0,4.0,1.0,1.0,,1.0,,1.0
Erinaceus europaeus,213411773,Near Threatened,Decreasing,Animalia,Chordata,Mammalia,Erinaceomorpha,Erinaceidae,Erinaceus,1.0,3.0,,,1.0,,3.0,3.0,1.0
Limacus maculatus,1322506,Least Concern,Stable,Animalia,Mollusca,Gastropoda,Stylommatophora,Limacidae,Limacus,,,,,,2.0,,,
Geranium lucidum,Not Found,Unknown,Unknown,Plantae,Tracheophyta,Magnoliopsida,Geraniales,Geraniaceae,Geranium,,,,,,,,1.0,
Cyanistes caeruleus,264532201,Least Concern,Stable,Animalia,Chordata,Aves,Passeriformes,Paridae,Cyanistes,9.0,4.0,10.0,6.0,7.0,10.0,5.0,8.0,7.0
Spinus spinus,264582322,Least Concern,Stable,Animalia,Chordata,Aves,Passeriformes,Fringillidae,Spinus,29.0,5.0,1.0,1.0,1.0,,3.0,,
Xylocampa areola,Not Found,Unknown,Unknown,Animalia,Arthropoda,Insecta,Lepidoptera,Noctuidae,Xylocampa,,1.0,,,,,1.0,,
Macrocystidia cucumis,Not Found,Unknown,Unknown,Fungi,Basidiomycota,Agaricomycetes,Agaricales,Macrocystidiaceae,Macrocystidia,,,,,,,,1.0,
Alectoris rufa,166184840,Near Threatened,Decreasing,Animalia,Chordata,Aves,Galliformes,Phasianidae,Alectoris,,,1.0,,,,1.0,,
Prunella modularis,166409165,Least Concern,Decreasing,Animalia,Chordata,Aves,Passeriformes,Prunellidae,Prunella,3.0,12.0,4.0,4.0,1.0,1.0,4.0,2.0,1.0
Corylus avellana,80567135,Least Concern,Stable,Plantae,Tracheophyta,Magnoliopsida,Fagales,Betulaceae,Corylus,,,,,,3.0,,,
Fringilla coelebs,166409759,Least Concern,Stable,Animalia,Chordata,Aves,Passeriformes,Fringillidae,Fringilla,12.0,2.0,6.0,3.0,4.0,4.0,7.0,2.0,2.0
Prunus lusitanica,64116943,Least Concern,Decreasing,Plantae,Tracheophyta,Magnoliopsida,Rosales,Rosaceae,Prunus,,,,,1.0,,1.0,,
Lithobius microps,Not Found,Unknown,Unknown,Animalia,Arthropoda,Chilopoda,Lithobiomorpha,Lithobiidae,Lithobius,,,,,,,,1.0,
Rhopographus filicinus,Not Found,Unknown,Unknown,Fungi,Ascomycota,Dothideomycetes,Pleosporales,Unknown,Rhopographus,,,,,,3.0,,1.0,
Atrichum undulatum,87843314,Least Concern,Stable,Plantae,Bryophyta,Polytrichopsida,Polytrichales,Polytrichaceae,Atrichum,,,,,,2.0,,,
Geranium robertianum,Not Found,Unknown,Unknown,Plantae,Tracheophyta,Magnoliopsida,Geraniales,Geraniaceae,Geranium,,,,,,,,1.0,
Calypogeia muelleriana,87793557,Least Concern,Stable,Plantae,Marchantiophyta,Jungermanniopsida,Jungermanniales,Calypogeiaceae,Calypogeia,,,,,1.0,,,,
Hirundo rustica,166369730,Least Concern,Decreasing,Animalia,Chordata,Aves,Passeriformes,Hirundinidae,Hirundo,,1.0,,,,,,,
Heracleum mantegazzianum,2641599,Least Concern,Stable,Plantae,Tracheophyta,Magnoliopsida,Apiales,Apiaceae,Heracleum,,1.0,,,,,,,
Stereum rugosum,Not Found,Unknown,Unknown,Fungi,Basidiomycota,Agaricomycetes,Russulales,Stereaceae,Stereum,,,,,,2.0,,,
Oryctolagus cuniculus,170619657,Endangered,Decreasing,Animalia,Chordata,Mammalia,Lagomorpha,Leporidae,Oryctolagus,,,,,,,1.0,,2.0
Hyacinthoides non-scripta,Not Found,Unknown,Unknown,Plantae,Tracheophyta,Liliopsida,Asparagales,Asparagaceae,Hyacinthoides,,,,,,,,,1.0
Pyrrhula pyrrhula,166418813,Least Concern,Increasing,Animalia,Chordata,Aves,Passeriformes,Fringillidae,Pyrrhula,26.0,4.0,7.0,7.0,3.0,2.0,5.0,3.0,2.0
Corvus corax,166340260,Least Concern,Increasing,Animalia,Chordata,Aves,Passeriformes,Corvidae,Corvus,4.0,2.0,1.0,,2.0,1.0,3.0,,2.0
Calvia quatuordecimguttata,Not Found,Unknown,Unknown,Animalia,Arthropoda,Insecta,Coleoptera,Coccinellidae,Calvia,,,,,,,,1.0,
Orthosia cerasi,Not Found,Unknown,Unknown,Animalia,Arthropoda,Insecta,Lepidoptera,Noctuidae,Orthosia,,13.0,,,,1.0,3.0,,
Equisetum telmateia,85452008,Least Concern,Stable,Plantae,Tracheophyta,Polypodiopsida,Equisetales,Equisetaceae,Equisetum,,,,,,1.0,,,
Urtica dioica,78457212,Least Concern,Unknown,Plantae,Tracheophyta,Magnoliopsida,Rosales,Urticaceae,Urtica,,,,,,1.0,,1.0,
Asplenium scolopendrium,83506952,Least Concern,Stable,Plantae,Tracheophyta,Polypodiopsida,Polypodiales,Aspleniaceae,Asplenium,,,,,,2.0,,1.0,1.0
Plantago lanceolata,2764827,Least Concern,Stable,Plantae,Tracheophyta,Magnoliopsida,Lamiales,Plantaginaceae,Plantago,,,,,,1.0,,,1.0
Daedaleopsis confragosa,Not Found,Unknown,Unknown,Fungi,Basidiomycota,Agaricomycetes,Polyporales,Polyporaceae,Daedaleopsis,,,,,,,1.0,2.0,1.0
Sarcoscypha austriaca,Not Found,Unknown,Unknown,Fungi,Ascomycota,Pezizomycetes,Pezizales,Sarcoscyphaceae,Sarcoscypha,,,,,1.0,2.0,,2.0,1.0
Turdus iliacus,166346241,Least Concern,Decreasing,Animalia,Chordata,Aves,Passeriformes,Turdidae,Turdus,1.0,5.0,2.0,,,1.0,2.0,,
Ilex aquifolium,68067360,Least Concern,Stable,Plantae,Tracheophyta,Magnoliopsida,Aquifoliales,Aquifoliaceae,Ilex,,,,,,2.0,,1.0,
Bombus hypnorum,57349456,Least Concern,Increasing,Animalia,Arthropoda,Insecta,Hymenoptera,Apidae,Bombus,,,,,,,,1.0,
Anorthoa munda,Not Found,Unknown,Unknown,Animalia,Arthropoda,Insecta,Lepidoptera,Noctuidae,Anorthoa,,,,,,,1.0,1.0,
Neriene clathrata,Not Found,Unknown,Unknown,Animalia,Arthropoda,Arachnida,Araneae,Linyphiidae,Neriene,,,,,,,,1.0,
Veronica sublobata,Not Found,Unknown,Unknown,Plantae,Tracheophyta,Magnoliopsida,Lamiales,Plantaginaceae,Veronica,,,,,,,,1.0,
Lophocolea heterophylla,88382588,Least Concern,Stable,Plantae,Marchantiophyta,Jungermanniopsida,Jungermanniales,Lophocoleaceae,Lophocolea,,1.0,,,2.0,,,,
Primula vulgaris,Not Found,Unknown,Unknown,Plantae,Tracheophyta,Magnoliopsida,Ericales,Primulaceae,Primula,,,,,,,,1.0,1.0
Poecile palustris,166451604,Least Concern,Stable,Animalia,Chordata,Aves,Passeriformes,Paridae,Poecile,,,,,,,,1.0,
Scoliopteryx libatrix,Not Found,Unknown,Unknown,Animalia,Arthropoda,Insecta,Lepidoptera,Erebidae,Scoliopteryx,1.0,,,,,,,,
Ranunculus repens,5726616,Least Concern,Stable,Plantae,Tracheophyta,Magnoliopsida,Ranunculales,Ranunculaceae,Ranunculus,,,,,,1.0,,,
Geastrum triplex,Not Found,Unknown,Unknown,Fungi,Basidiomycota,Agaricomycetes,Geastrales,Geastraceae,Geastrum,,,,,,1.0,,2.0,1.0
Turdus merula,264548442,Least Concern,Increasing,Animalia,Chordata,Aves,Passeriformes,Turdidae,Turdus,7.0,2.0,12.0,8.0,10.0,9.0,8.0,3.0,8.0
Turdus viscivorus,264544715,Least Concern,Stable,Animalia,Chordata,Aves,Passeriformes,Turdidae,Turdus,,9.0,2.0,2.0,1.0,1.0,1.0,,
Rhinolophus hipposideros,216727479,Least Concern,Increasing,Animalia,Chordata,Mammalia,Chiroptera,Rhinolophidae,Rhinolophus,2.0,2.0,8.0,7.0,1.0,2.0,,8.0,
Stereum hirsutum,Not Found,Unknown,Unknown,Fungi,Basidiomycota,Agaricomycetes,Russulales,Stereaceae,Stereum,,,,,1.0,3.0,,1.0,1.0
Crocus tommasinianus,Not Found,Unknown,Unknown,Plantae,Tracheophyta,Liliopsida,Asparagales,Iridaceae,Crocus,,,,,,,,,1.0
Lutra lutra,218069689,Near Threatened,Decreasing,Animalia,Chordata,Mammalia,Carnivora,Mustelidae,Lutra,,2.0,,,,,,,2.0
Narcissus pseudonarcissus,Not Found,Unknown,Unknown,Plantae,Tracheophyta,Liliopsida,Asparagales,Amaryllidaceae,Narcissus,,,,1.0,,,,,
Cyanosporus subcaesius,Not Found,Unknown,Unknown,Fungi,Basidiomycota,Agaricomycetes,Polyporales,Polyporaceae,Cyanosporus,,,,,1.0,,,,
Andricus kollari,Not Found,Unknown,Unknown,Animalia,Arthropoda,Insecta,Hymenoptera,Cynipidae,Andricus,,,,,,,,,1.0
Myotis daubentonii,211002396,Least Concern,Increasing,Animalia,Chordata,Mammalia,Chiroptera,Vespertilionidae,Myotis,2.0,2.0,4.0,,1.0,2.0,,4.0,
Anthus pratensis,154480081,Least Concern,Decreasing,Animalia,Chordata,Aves,Passeriformes,Motacillidae,Anthus,,2.0,2.0,3.0,2.0,3.0,,1.0,
Alnus glutinosa,80566653,Least Concern,Stable,Plantae,Tracheophyta,Magnoliopsida,Fagales,Betulaceae,Alnus,,,,,,,1.0,,
Alsophila aescularia,Not Found,Unknown,Unknown,Animalia,Arthropoda,Insecta,Lepidoptera,Geometridae,Alsophila,,,,,1.0,,,,1.0
Pteridium aquilinum,85427115,Least Concern,Increasing,Plantae,Tracheophyta,Polypodiopsida,Polypodiales,Dennstaedtiaceae,Pteridium,,,,,,,,1.0,
Mercurialis perennis,Not Found,Unknown,Unknown,Plantae,Tracheophyta,Magnoliopsida,Malpighiales,Euphorbiaceae,Mercurialis,,,,,,,1.0,1.0,1.0
Crepidotus caspari,Not Found,Unknown,Unknown,Fungi,Basidiomycota,Agaricomycetes,Agaricales,Crepidotaceae,Crepidotus,,,,,,,,1.0,
Plecotus auritus,211015413,Least Concern,Stable,Animalia,Chordata,Mammalia,Chiroptera,Vespertilionidae,Plecotus,1.0,2.0,,,1.0,2.0,,4.0,
Metzgeria consanguinea,87781338,Least Concern,Increasing,Plantae,Marchantiophyta,Jungermanniopsida,Metzgeriales,Metzgeriaceae,Metzgeria,,2.0,1.0,,1.0,,,,
Byssomerulius corium,Not Found,Unknown,Unknown,Fungi,Basidiomycota,Agaricomycetes,Polyporales,Irpicaceae,Byssomerulius,,,,,1.0,,,1.0,
Bombycilla garrulus,166341825,Least Concern,Increasing,Animalia,Chordata,Aves,Passeriformes,Bombycillidae,Bombycilla,,,1.0,,,,,,
Oxalis acetosella,Not Found,Unknown,Unknown,Plantae,Tracheophyta,Magnoliopsida,Oxalidales,Oxalidaceae,Oxalis,,,,,,,,,1.0
Bombus pratorum,57368592,Least Concern,Increasing,Animalia,Arthropoda,Insecta,Hymenoptera,Apidae,Bombus,,,,1.0,,,,,
Ficaria verna,55735247,Least Concern,Stable,Plantae,Tracheophyta,Magnoliopsida,Ranunculales,Ranunculaceae,Ficaria,,,,,,,8.0,2.0,4.0
Plectrocnemia conspersa,Not Found,Unknown,Unknown,Animalia,Arthropoda,Insecta,Trichoptera,Polycentropodidae,Plectrocnemia,,,2.0,,,,,,
Corvus frugilegus,166339000,Vulnerable,Decreasing,Animalia,Chordata,Aves,Passeriformes,Corvidae,Corvus,,,2.0,3.0,,,2.0,5.0,2.0
Brumus quadripustulatus,Not Found,Unknown,Unknown,Animalia,Arthropoda,Insecta,Coleoptera,Coccinellidae,Brumus,,,,,,,,1.0,
Anas crecca,200197945,Least Concern,Increasing,Animalia,Chordata,Aves,Anseriformes,Anatidae,Anas,,,1.0,,2.0,,,,
Achillea millefolium,78457012,Least Concern,Unknown,Plantae,Tracheophyta,Magnoliopsida,Asterales,Asteraceae,Achillea,,,,,,,,1.0,
Myxarium nucleatum,Not Found,Unknown,Unknown,Fungi,Basidiomycota,Agaricomycetes,Auriculariales,Hyaloriaceae,Myxarium,,,,,,1.0,1.0,,
Dryopteris borreri,84789468,Least Concern,Stable,Plantae,Tracheophyta,Polypodiopsida,Polypodiales,Dryopteridaceae,Dryopteris,,,,,,,,1.0,
Hypoxylon fragiforme,Not Found,Unknown,Unknown,Fungi,Ascomycota,Sordariomycetes,Xylariales,Hypoxylaceae,Hypoxylon,,,,,,1.0,,,
Rumex obtusifolius,Not Found,Unknown,Unknown,Plantae,Tracheophyta,Magnoliopsida,Caryophyllales,Polygonaceae,Rumex,,,,,,,,,2.0
Apodemus sylvaticus,221788084,Least Concern,Stable,Animalia,Chordata,Mammalia,Rodentia,Muridae,Apodemus,1.0,,,,,,,,
Endomychus coccineus,Not Found,Unknown,Unknown,Animalia,Arthropoda,Insecta,Coleoptera,Endomychidae,Endomychus,,,,,,,2.0,,
