Species Name,Assessment ID,Red List Category,Population Trend,Kingdom,Phylum,Class,Order,Family,Genus,Observations_2015,Observations_2016,Observations_2017,Observations_2018,Observations_2019,Observations_2020,Observations_2021,Observations_2022,Observations_2023
Galium aparine,2765924,Least Concern,Stable,Plantae,Tracheophyta,Magnoliopsida,Gentianales,Rubiaceae,Galium,,,1.0,,,,,,
Tadorna tadorna,166197940,Least Concern,Stable,Animalia,Chordata,Aves,Anseriformes,Anatidae,Tadorna,,1.0,2.0,1.0,,,2.0,2.0,
Erigeron canadensis,Not Found,Unknown,Unknown,Plantae,Tracheophyta,Magnoliopsida,Asterales,Asteraceae,Erigeron,,,1.0,,,,,,
Cyanistes caeruleus,264532201,Least Concern,Stable,Animalia,Chordata,Aves,Passeriformes,Paridae,Cyanistes,,,2.0,13.0,18.0,17.0,8.0,3.0,4.0
Limosa lapponica,166245372,Least Concern,Stable,Animalia,Chordata,Aves,Charadriiformes,Scolopacidae,Limosa,,2.0,,,,,1.0,,
Saxifraga tridactylites,Not Found,Unknown,Unknown,Plantae,Tracheophyta,Magnoliopsida,Saxifragales,Saxifragaceae,Saxifraga,,,1.0,,,,,,
Hypera postica,Not Found,Unknown,Unknown,Animalia,Arthropoda,Insecta,Coleoptera,Curculionidae,Hypera,,1.0,,,,,,,
Scolopax rusticola,166241741,Least Concern,Decreasing,Animalia,Chordata,Aves,Charadriiformes,Scolopacidae,Scolopax,,,,,,,,,1.0
Notodonta ziczac,Not Found,Unknown,Unknown,Animalia,Arthropoda,Insecta,Lepidoptera,Notodontidae,Notodonta,,,1.0,,,,,,
Capsella bursa-pastoris,2758177,Least Concern,Stable,Plantae,Tracheophyta,Magnoliopsida,Brassicales,Brassicaceae,Capsella,,,1.0,,,,,,
Anthus petrosus,166407009,Least Concern,Unknown,Animalia,Chordata,Aves,Passeriformes,Motacillidae,Anthus,,,,,1.0,,,1.0,1.0
Aegithalos caudatus,264587236,Least Concern,Stable,Animalia,Chordata,Aves,Passeriformes,Aegithalidae,Aegithalos,,2.0,,2.0,2.0,6.0,4.0,3.0,2.0
Turdus philomelos,166346863,Least Concern,Stable,Animalia,Chordata,Aves,Passeriformes,Turdidae,Turdus,,,,,,1.0,3.0,2.0,2.0
Otiorhynchus aurifer,Not Found,Unknown,Unknown,Animalia,Arthropoda,Insecta,Coleoptera,Curculionidae,Otiorhynchus,,,,,,,1.0,,
Orthotrichum anomalum,87727352,Least Concern,Stable,Plantae,Bryophyta,Bryopsida,Orthotrichales,Orthotrichaceae,Orthotrichum,,,1.0,,,,,,
Polyozosia albescens,Not Found,Unknown,Unknown,Fungi,Ascomycota,Lecanoromycetes,Lecanorales,Lecanoraceae,Polyozosia,,,,,,,,,1.0
Turritellinella tricarinata,Not Found,Unknown,Unknown,Animalia,Mollusca,Gastropoda,Unknown,Turritellidae,Turritellinella,2.0,,,,,,,,
Sylvia atricapilla,166384785,Least Concern,Increasing,Animalia,Chordata,Aves,Passeriformes,Sylviidae,Sylvia,,,2.0,,,1.0,,,3.0
Turdus pilaris,264547173,Least Concern,Stable,Animalia,Chordata,Aves,Passeriformes,Turdidae,Turdus,2.0,,,1.0,,5.0,,,1.0
Sitona lineatus,Not Found,Unknown,Unknown,Animalia,Arthropoda,Insecta,Coleoptera,Curculionidae,Sitona,,1.0,,,,,,,
Trichaptum abietinum,Not Found,Unknown,Unknown,Fungi,Basidiomycota,Agaricomycetes,Hymenochaetales,Unknown,Trichaptum,,,,,,,,1.0,
Brachythecium albicans,87733775,Least Concern,Stable,Plantae,Bryophyta,Bryopsida,Hypnales,Brachytheciaceae,Brachythecium,,,1.0,,,,,,
Phigalia pilosaria,Not Found,Unknown,Unknown,Animalia,Arthropoda,Insecta,Lepidoptera,Geometridae,Phigalia,,3.0,,,,,,,
Saxicola rubetra,264591332,Least Concern,Decreasing,Animalia,Chordata,Aves,Passeriformes,Muscicapidae,Saxicola,,,1.0,,,,,,
Coloeus monedula,Not Found,Unknown,Unknown,Animalia,Chordata,Aves,Passeriformes,Corvidae,Coloeus,2.0,,,,2.0,3.0,1.0,2.0,1.0
Coincya monensis,20701242,Least Concern,Unknown,Plantae,Tracheophyta,Magnoliopsida,Brassicales,Brassicaceae,Coincya,,,1.0,,,,,,
Aglais urticae,53706994,Least Concern,Stable,Animalia,Arthropoda,Insecta,Lepidoptera,Nymphalidae,Aglais,,,1.0,,1.0,,,,
Larus argentatus,206585142,Least Concern,Decreasing,Animalia,Chordata,Aves,Charadriiformes,Laridae,Larus,12.0,6.0,4.0,3.0,8.0,4.0,12.0,12.0,9.0
Cettia cetti,264547885,Least Concern,Stable,Animalia,Chordata,Aves,Passeriformes,Cettiidae,Cettia,,,,,,,,1.0,
Medicago lupulina,7248555,Least Concern,Stable,Plantae,Tracheophyta,Magnoliopsida,Fabales,Fabaceae,Medicago,,,1.0,,,,,,
Xylocampa areola,Not Found,Unknown,Unknown,Animalia,Arthropoda,Insecta,Lepidoptera,Noctuidae,Xylocampa,,6.0,12.0,,,,,,
Coccinella septempunctata,Not Found,Unknown,Unknown,Animalia,Arthropoda,Insecta,Coleoptera,Coccinellidae,Coccinella,,,,1.0,,,,,
Cardamine hirsuta,Not Found,Unknown,Unknown,Plantae,Tracheophyta,Magnoliopsida,Brassicales,Brassicaceae,Cardamine,,,1.0,,,,,,
Ensis leei,Not Found,Unknown,Unknown,Animalia,Mollusca,Bivalvia,Adapedonta,Pharidae,Ensis,,,,,,,,,1.0
Calidris alpina,255846610,Near Threatened,Decreasing,Animalia,Chordata,Aves,Charadriiformes,Scolopacidae,Calidris,6.0,4.0,3.0,2.0,3.0,5.0,4.0,7.0,4.0
Verbascum thapsus,2766139,Least Concern,Unknown,Plantae,Tracheophyta,Magnoliopsida,Lamiales,Scrophulariaceae,Verbascum,,,1.0,,,,,,
Hydrocoloeus minutus,166278859,Least Concern,Unknown,Animalia,Chordata,Aves,Charadriiformes,Laridae,Hydrocoloeus,,,,,,,,,1.0
Acasis viretata,Not Found,Unknown,Unknown,Animalia,Arthropoda,Insecta,Lepidoptera,Geometridae,Acasis,,,1.0,,,,,,
Mecinus pyraster,Not Found,Unknown,Unknown,Animalia,Arthropoda,Insecta,Coleoptera,Curculionidae,Mecinus,,1.0,,,,,,,
Raja clavata,183779744,Near Threatened,Decreasing,Animalia,Chordata,Elasmobranchii,Rajiformes,Rajidae,Raja,,,,,,,1.0,1.0,2.0
Prunella modularis,166409165,Least Concern,Decreasing,Animalia,Chordata,Aves,Passeriformes,Prunellidae,Prunella,1.0,,1.0,16.0,16.0,6.0,5.0,3.0,3.0
Saxicola rubicola,Not Found,Unknown,Unknown,Animalia,Chordata,Aves,Passeriformes,Muscicapidae,Saxicola,,1.0,2.0,1.0,,,1.0,2.0,1.0
Sylvia communis,Not Found,Unknown,Unknown,Animalia,Chordata,Aves,Passeriformes,Sylviidae,Sylvia,,,1.0,,,,,,
Pasiphila rectangulata,Not Found,Unknown,Unknown,Animalia,Arthropoda,Insecta,Lepidoptera,Geometridae,Pasiphila,,,1.0,,,,,,
Vulpes vulpes,46190249,Least Concern,Stable,Animalia,Chordata,Mammalia,Carnivora,Canidae,Vulpes,,,1.0,,2.0,1.0,2.0,1.0,
Bembidion assimile,Not Found,Unknown,Unknown,Animalia,Arthropoda,Insecta,Coleoptera,Carabidae,Bembidion,,1.0,,,,,,,
Trechus quadristriatus,Not Found,Unknown,Unknown,Animalia,Arthropoda,Insecta,Coleoptera,Carabidae,Trechus,,1.0,,,,,,,
Philorhizus melanocephalus,Not Found,Unknown,Unknown,Animalia,Arthropoda,Insecta,Coleoptera,Carabidae,Philorhizus,,1.0,,,,,,,
Taraxacum officinale,2758459,Least Concern,Stable,Plantae,Tracheophyta,Magnoliopsida,Asterales,Asteraceae,Taraxacum,,,,,,,,,1.0
Arenaria interpres,254413189,Near Threatened,Decreasing,Animalia,Chordata,Aves,Charadriiformes,Scolopacidae,Arenaria,16.0,9.0,2.0,2.0,4.0,5.0,9.0,12.0,12.0
Melarhaphe neritoides,Not Found,Unknown,Unknown,Animalia,Mollusca,Gastropoda,Littorinimorpha,Littorinidae,Melarhaphe,,4.0,,,,,,,
Charanyca trigrammica,Not Found,Unknown,Unknown,Animalia,Arthropoda,Insecta,Lepidoptera,Noctuidae,Charanyca,,,1.0,,,,,,
Conistra ligula,Not Found,Unknown,Unknown,Animalia,Arthropoda,Insecta,Lepidoptera,Noctuidae,Conistra,1.0,,,,,,,,
Anthonomus rubi,Not Found,Unknown,Unknown,Animalia,Arthropoda,Insecta,Coleoptera,Curculionidae,Anthonomus,,1.0,,,,,,,
Cynara cardunculus,2758375,Least Concern,Decreasing,Plantae,Tracheophyta,Magnoliopsida,Asterales,Asteraceae,Cynara,,,,,,,1.0,,
Fringilla coelebs,166409759,Least Concern,Stable,Animalia,Chordata,Aves,Passeriformes,Fringillidae,Fringilla,,,1.0,13.0,1.0,1.0,5.0,2.0,1.0
Fumaria bastardii,Not Found,Unknown,Unknown,Plantae,Tracheophyta,Magnoliopsida,Ranunculales,Papaveraceae,Fumaria,,,1.0,,,,,,
Reynoutria japonica,Not Found,Unknown,Unknown,Plantae,Tracheophyta,Magnoliopsida,Caryophyllales,Polygonaceae,Reynoutria,2.0,5.0,4.0,,,,,,
Eupithecia abbreviata,Not Found,Unknown,Unknown,Animalia,Arthropoda,Insecta,Lepidoptera,Geometridae,Eupithecia,,1.0,,,,,,,
Ichthyaetus melanocephalus,Not Found,Unknown,Unknown,Animalia,Chordata,Aves,Charadriiformes,Laridae,Ichthyaetus,2.0,,,,1.0,1.0,1.0,,2.0
Geranium robertianum,Not Found,Unknown,Unknown,Plantae,Tracheophyta,Magnoliopsida,Geraniales,Geraniaceae,Geranium,,,1.0,,,,,,
Bembidion mannerheimii,Not Found,Unknown,Unknown,Animalia,Arthropoda,Insecta,Coleoptera,Carabidae,Bembidion,,1.0,,,,,,,
Tachybaptus ruficollis,166311395,Least Concern,Stable,Animalia,Chordata,Aves,Podicipediformes,Podicipedidae,Tachybaptus,,,,,,,1.0,,
Phocoena phocoena,219010660,Least Concern,Stable,Animalia,Chordata,Mammalia,Cetacea,Phocoenidae,Phocoena,,,1.0,,,,,,
Tringa totanus,166248623,Vulnerable,Decreasing,Animalia,Chordata,Aves,Charadriiformes,Scolopacidae,Tringa,16.0,13.0,5.0,3.0,4.0,5.0,7.0,11.0,10.0
Hirundo rustica,166369730,Least Concern,Decreasing,Animalia,Chordata,Aves,Passeriformes,Hirundinidae,Hirundo,,,2.0,,,,,,
Apus apus,166220766,Near Threatened,Decreasing,Animalia,Chordata,Aves,Apodiformes,Apodidae,Apus,,,1.0,,,,,,
Pieris brassicae,53720039,Least Concern,Stable,Animalia,Arthropoda,Insecta,Lepidoptera,Pieridae,Pieris,,1.0,,,,,,,
Cerastium semidecandrum,Not Found,Unknown,Unknown,Plantae,Tracheophyta,Magnoliopsida,Caryophyllales,Caryophyllaceae,Cerastium,,,1.0,,,,,,
Epilobium parviflorum,1051649,Least Concern,Unknown,Plantae,Tracheophyta,Magnoliopsida,Myrtales,Onagraceae,Epilobium,,,1.0,,,,,,
Numenius arquata,166247142,Near Threatened,Decreasing,Animalia,Chordata,Aves,Charadriiformes,Scolopacidae,Numenius,4.0,5.0,,,3.0,,2.0,4.0,2.0
Lutraria lutraria,Not Found,Unknown,Unknown,Animalia,Mollusca,Bivalvia,Venerida,Mactridae,Lutraria,,,,,,,,,4.0
Sylvia borin,264550759,Least Concern,Decreasing,Animalia,Chordata,Aves,Passeriformes,Sylviidae,Sylvia,,,,,,,,,1.0
Columba oenas,264541812,Least Concern,Increasing,Animalia,Chordata,Aves,Columbiformes,Columbidae,Columba,,,,7.0,3.0,4.0,,2.0,3.0
Sciurus carolinensis,217344510,Not Applicable,Increasing,Animalia,Chordata,Mammalia,Rodentia,Sciuridae,Sciurus,,7.0,4.0,,,,,,1.0
Rumex crispus,1032245,Least Concern,Stable,Plantae,Tracheophyta,Magnoliopsida,Caryophyllales,Polygonaceae,Rumex,,,1.0,,,,,,
Mergus serrator,166211173,Near Threatened,Decreasing,Animalia,Chordata,Aves,Anseriformes,Anatidae,Mergus,2.0,,,,,,,,
Emberiza schoeniclus,166426048,Least Concern,Decreasing,Animalia,Chordata,Aves,Passeriformes,Emberizidae,Emberiza,,,2.0,,,,,,1.0
Sonchus oleraceus,Not Found,Unknown,Unknown,Plantae,Tracheophyta,Magnoliopsida,Asterales,Asteraceae,Sonchus,,,1.0,,,,,,
Hedera helix,2758285,Least Concern,Stable,Plantae,Tracheophyta,Magnoliopsida,Apiales,Araliaceae,Hedera,,2.0,1.0,,,,,,
Impatiens glandulifera,Not Found,Unknown,Unknown,Plantae,Tracheophyta,Magnoliopsida,Ericales,Balsaminaceae,Impatiens,1.0,,,,,,,,
Heracleum mantegazzianum,2641599,Least Concern,Stable,Plantae,Tracheophyta,Magnoliopsida,Apiales,Apiaceae,Heracleum,,1.0,3.0,,,,,,
Bellis perennis,Not Found,Unknown,Unknown,Plantae,Tracheophyta,Magnoliopsida,Asterales,Asteraceae,Bellis,,,1.0,,,,,,
Holotrichapion pisi,Not Found,Unknown,Unknown,Animalia,Arthropoda,Insecta,Coleoptera,Apionidae,Holotrichapion,,1.0,,,,,,,
Tringa ochropus,166250734,Least Concern,Unknown,Animalia,Chordata,Aves,Charadriiformes,Scolopacidae,Tringa,1.0,,,,,,,,
Calidris maritima,262353424,Least Concern,Decreasing,Animalia,Chordata,Aves,Charadriiformes,Scolopacidae,Calidris,13.0,4.0,1.0,2.0,3.0,6.0,3.0,9.0,5.0
Parus major,264577711,Least Concern,Stable,Animalia,Chordata,Aves,Passeriformes,Paridae,Parus,1.0,,1.0,16.0,15.0,15.0,6.0,4.0,5.0
Oenanthe oenanthe,200214214,Least Concern,Unknown,Animalia,Chordata,Aves,Passeriformes,Muscicapidae,Oenanthe,,1.0,4.0,,,,,,
Triturus cristatus,200183152,Least Concern,Decreasing,Animalia,Chordata,Amphibia,Caudata,Salamandridae,Triturus,,,1.0,,,,,,
Gallinago gallinago,166243239,Vulnerable,Decreasing,Animalia,Chordata,Aves,Charadriiformes,Scolopacidae,Gallinago,,,,,,,,,3.0
Rana temporaria,200721782,Least Concern,Stable,Animalia,Chordata,Amphibia,Anura,Ranidae,Rana,1.0,,,,,,,,
Columba livia,166230154,Least Concern,Unknown,Animalia,Chordata,Aves,Columbiformes,Columbidae,Columba,2.0,1.0,2.0,2.0,5.0,1.0,1.0,8.0,5.0
Alauda arvensis,200204640,Least Concern,Decreasing,Animalia,Chordata,Aves,Passeriformes,Alaudidae,Alauda,,,2.0,,,,,1.0,1.0
Lacanobia oleracea,Not Found,Unknown,Unknown,Animalia,Arthropoda,Insecta,Lepidoptera,Noctuidae,Lacanobia,,,1.0,,,,,,
Prunella vulgaris,78457152,Least Concern,Unknown,Plantae,Tracheophyta,Magnoliopsida,Lamiales,Lamiaceae,Prunella,,,1.0,,,,,,
Aythya fuligula,166205462,Near Threatened,Decreasing,Animalia,Chordata,Aves,Anseriformes,Anatidae,Aythya,,,,,1.0,,1.0,,1.0
Falco tinnunculus,210515355,Least Concern,Unknown,Animalia,Chordata,Aves,Falconiformes,Falconidae,Falco,,2.0,1.0,,,,2.0,1.0,4.0
Hyacinthoides non-scripta,Not Found,Unknown,Unknown,Plantae,Tracheophyta,Liliopsida,Asparagales,Asparagaceae,Hyacinthoides,,,2.0,,,,,,
Rhyzobius litura,Not Found,Unknown,Unknown,Animalia,Arthropoda,Insecta,Coleoptera,Coccinellidae,Rhyzobius,,1.0,,,,,,,
Bembidion guttula,Not Found,Unknown,Unknown,Animalia,Arthropoda,Insecta,Coleoptera,Carabidae,Bembidion,,1.0,,,,,,,
Corvus corax,166340260,Least Concern,Increasing,Animalia,Chordata,Aves,Passeriformes,Corvidae,Corvus,,3.0,1.0,,,,,2.0,1.0
Ulex europaeus,86138815,Least Concern,Stable,Plantae,Tracheophyta,Magnoliopsida,Fabales,Fabaceae,Ulex,,,1.0,,,,,1.0,
Pyrrhula pyrrhula,166418813,Least Concern,Increasing,Animalia,Chordata,Aves,Passeriformes,Fringillidae,Pyrrhula,,,,,,,2.0,2.0,1.0
Apamea unanimis,Not Found,Unknown,Unknown,Animalia,Arthropoda,Insecta,Lepidoptera,Noctuidae,Apamea,,,1.0,,,,,,
Littorina littorea,Not Found,Unknown,Unknown,Animalia,Mollusca,Gastropoda,Littorinimorpha,Littorinidae,Littorina,,14.0,,1.0,,,,,
Chilocorus renipustulatus,Not Found,Unknown,Unknown,Animalia,Arthropoda,Insecta,Coleoptera,Coccinellidae,Chilocorus,,,1.0,,,,,,
Selenia tetralunaria,Not Found,Unknown,Unknown,Animalia,Arthropoda,Insecta,Lepidoptera,Geometridae,Selenia,,,1.0,,,,,,
Pluvialis apricaria,166262122,Least Concern,Stable,Animalia,Chordata,Aves,Charadriiformes,Charadriidae,Pluvialis,,,,,,,1.0,,
Lithophane semibrunnea,Not Found,Unknown,Unknown,Animalia,Arthropoda,Insecta,Lepidoptera,Noctuidae,Lithophane,,1.0,,,,,,,
Garrulus glandarius,196469765,Least Concern,Stable,Animalia,Chordata,Aves,Passeriformes,Corvidae,Garrulus,,,,1.0,,,1.0,1.0,2.0
Larus hyperboreus,166273983,Least Concern,Stable,Animalia,Chordata,Aves,Charadriiformes,Laridae,Larus,,,1.0,,,,,,
Phalaropus fulicarius,262609165,Least Concern,Unknown,Animalia,Chordata,Aves,Charadriiformes,Scolopacidae,Phalaropus,1.0,,,,,,,,
Senecio squalidus,Not Found,Unknown,Unknown,Plantae,Tracheophyta,Magnoliopsida,Asterales,Asteraceae,Senecio,,,1.0,,,,,,2.0
Orthosia cerasi,Not Found,Unknown,Unknown,Animalia,Arthropoda,Insecta,Lepidoptera,Noctuidae,Orthosia,,10.0,8.0,,,,,,
Pterostichus strenuus,Not Found,Unknown,Unknown,Animalia,Arthropoda,Insecta,Coleoptera,Carabidae,Pterostichus,,1.0,,,,,,,
Agrotis puta,Not Found,Unknown,Unknown,Animalia,Arthropoda,Insecta,Lepidoptera,Noctuidae,Agrotis,,,2.0,,,,,,
Stenopterapion tenue,Not Found,Unknown,Unknown,Animalia,Arthropoda,Insecta,Coleoptera,Brentidae,Stenopterapion,,1.0,,,,,,,
Tripleurospermum maritimum,Not Found,Unknown,Unknown,Plantae,Tracheophyta,Magnoliopsida,Asterales,Asteraceae,Tripleurospermum,,,1.0,,,,,,1.0
Pieris rapae,53720063,Least Concern,Increasing,Animalia,Arthropoda,Insecta,Lepidoptera,Pieridae,Pieris,,1.0,1.0,,,,,,
Chloris chloris,166412593,Least Concern,Decreasing,Unknown,Unknown,Unknown,Unknown,Unknown,Unknown,,,2.0,,,1.0,6.0,2.0,2.0
Larus marinus,166273324,Least Concern,Stable,Animalia,Chordata,Aves,Charadriiformes,Laridae,Larus,5.0,4.0,2.0,2.0,,,5.0,5.0,
Daucus carota,19412090,Least Concern,Stable,Plantae,Tracheophyta,Magnoliopsida,Apiales,Apiaceae,Daucus,,,1.0,,,,,,
Cerastium diffusum,Not Found,Unknown,Unknown,Plantae,Tracheophyta,Magnoliopsida,Caryophyllales,Caryophyllaceae,Cerastium,,,1.0,,,,,,
Euphorbia helioscopia,Not Found,Unknown,Unknown,Plantae,Tracheophyta,Magnoliopsida,Malpighiales,Euphorbiaceae,Euphorbia,,,1.0,,,,,,
Cochlearia danica,Not Found,Unknown,Unknown,Plantae,Tracheophyta,Magnoliopsida,Brassicales,Brassicaceae,Cochlearia,,,1.0,,,,,,
Agrotis exclamationis,Not Found,Unknown,Unknown,Animalia,Arthropoda,Insecta,Lepidoptera,Noctuidae,Agrotis,,,4.0,,,,,,
Columba palumbus,166231450,Least Concern,Increasing,Animalia,Chordata,Aves,Columbiformes,Columbidae,Columba,1.0,1.0,3.0,14.0,17.0,13.0,12.0,9.0,9.0
Cartodere nodifer,Not Found,Unknown,Unknown,Animalia,Arthropoda,Insecta,Coleoptera,Latridiidae,Cartodere,,1.0,,,,,,,
Spilosoma lubricipeda,Not Found,Unknown,Unknown,Animalia,Arthropoda,Insecta,Lepidoptera,Erebidae,Spilosoma,,,1.0,,,,,,
Senecio vulgaris,Not Found,Unknown,Unknown,Plantae,Tracheophyta,Magnoliopsida,Asterales,Asteraceae,Senecio,,,1.0,,,,,,1.0
Anser anser,166194209,Least Concern,Increasing,Animalia,Chordata,Aves,Anseriformes,Anatidae,Anser,,,1.0,,,,,,
Paradromius linearis,Not Found,Unknown,Unknown,Animalia,Arthropoda,Insecta,Coleoptera,Carabidae,Paradromius,,1.0,,,,,,,
Charadrius hiaticula,166263388,Least Concern,Increasing,Animalia,Chordata,Aves,Charadriiformes,Charadriidae,Charadrius,3.0,1.0,,2.0,,,1.0,1.0,1.0
Plantago lanceolata,2764827,Least Concern,Stable,Plantae,Tracheophyta,Magnoliopsida,Lamiales,Plantaginaceae,Plantago,,,1.0,,,,,,
Turdus iliacus,166346241,Least Concern,Decreasing,Animalia,Chordata,Aves,Passeriformes,Turdidae,Turdus,2.0,,,,,5.0,2.0,1.0,1.0
Fulica atra,166239776,Near Threatened,Decreasing,Animalia,Chordata,Aves,Gruiformes,Rallidae,Fulica,1.0,,3.0,,2.0,,1.0,1.0,2.0
Brachythecium rutabulum,87732839,Least Concern,Stable,Plantae,Bryophyta,Bryopsida,Hypnales,Brachytheciaceae,Brachythecium,,,1.0,,,,,,
Orthosia cruda,Not Found,Unknown,Unknown,Animalia,Arthropoda,Insecta,Lepidoptera,Noctuidae,Orthosia,,1.0,,,,,,,
Bombus hypnorum,57349456,Least Concern,Increasing,Animalia,Arthropoda,Insecta,Hymenoptera,Apidae,Bombus,,1.0,,,,,,,
Limosa limosa,166244428,Near Threatened,Stable,Animalia,Chordata,Aves,Charadriiformes,Scolopacidae,Limosa,,,1.0,1.0,,,,2.0,2.0
Strix aluco,264546097,Least Concern,Stable,Animalia,Chordata,Aves,Strigiformes,Strigidae,Strix,,,,1.0,,3.0,,1.0,1.0
Orthosia incerta,Not Found,Unknown,Unknown,Animalia,Arthropoda,Insecta,Lepidoptera,Noctuidae,Orthosia,,5.0,6.0,,,,,,
Conger conger,18982581,Least Concern,Unknown,Animalia,Chordata,Unknown,Anguilliformes,Congridae,Conger,,,,,,,1.0,,
Motacilla alba,166400912,Least Concern,Stable,Animalia,Chordata,Aves,Passeriformes,Motacillidae,Motacilla,4.0,4.0,,,3.0,5.0,11.0,11.0,7.0
Potamopyrgus antipodarum,738398,Least Concern,Stable,Animalia,Mollusca,Gastropoda,Littorinimorpha,Tateidae,Potamopyrgus,,1.0,,,,,,,
Demetrias atricapillus,Not Found,Unknown,Unknown,Animalia,Arthropoda,Insecta,Coleoptera,Carabidae,Demetrias,,1.0,,,,,,,
Oenanthe crocata,63735175,Least Concern,Stable,Plantae,Tracheophyta,Magnoliopsida,Apiales,Apiaceae,Oenanthe,,,,,,,,,1.0
Larus canus,166271946,Least Concern,Unknown,Animalia,Chordata,Aves,Charadriiformes,Laridae,Larus,12.0,2.0,1.0,,3.0,9.0,7.0,8.0,9.0
Periparus ater,264545478,Least Concern,Stable,Animalia,Chordata,Aves,Passeriformes,Paridae,Periparus,,1.0,,,7.0,,,,
Tringa nebularia,166249933,Least Concern,Increasing,Animalia,Chordata,Aves,Charadriiformes,Scolopacidae,Tringa,1.0,1.0,,1.0,,1.0,,1.0,1.0
Bufo bufo,200188858,Least Concern,Decreasing,Animalia,Chordata,Amphibia,Anura,Bufonidae,Bufo,1.0,,,,,,,,
Gymnoscelis rufifasciata,Not Found,Unknown,Unknown,Animalia,Arthropoda,Insecta,Lepidoptera,Geometridae,Gymnoscelis,,2.0,6.0,,,,,,
Andrion regensteinense,Not Found,Unknown,Unknown,Animalia,Arthropoda,Insecta,Coleoptera,Curculionidae,Andrion,,1.0,,,,,,,
Geranium molle,Not Found,Unknown,Unknown,Plantae,Tracheophyta,Magnoliopsida,Geraniales,Geraniaceae,Geranium,,,1.0,,,,,,
Phasianus colchicus,166454046,Least Concern,Stable,Animalia,Chordata,Aves,Galliformes,Phasianidae,Phasianus,,,1.0,3.0,6.0,6.0,3.0,1.0,1.0
Smyrnium olusatrum,Not Found,Unknown,Unknown,Plantae,Tracheophyta,Magnoliopsida,Apiales,Apiaceae,Smyrnium,,,1.0,,,,,,
Anser brachyrhynchus,166191820,Least Concern,Increasing,Animalia,Chordata,Aves,Anseriformes,Anatidae,Anser,,,,1.0,6.0,,2.0,,
Entomobrya multifasciata,Not Found,Unknown,Unknown,Animalia,Arthropoda,Collembola,Entomobryomorpha,Entomobryidae,Entomobrya,,,,,,,,,1.0
Nucella lapillus,Not Found,Unknown,Unknown,Animalia,Mollusca,Gastropoda,Neogastropoda,Muricidae,Nucella,3.0,,,,,,,,
Cygnus olor,166189862,Least Concern,Increasing,Animalia,Chordata,Aves,Anseriformes,Anatidae,Cygnus,1.0,1.0,1.0,1.0,1.0,,,1.0,
Odontopera bidentata,Not Found,Unknown,Unknown,Animalia,Arthropoda,Insecta,Lepidoptera,Geometridae,Odontopera,,,1.0,,,,,,
Petrophora chlorosata,Not Found,Unknown,Unknown,Animalia,Arthropoda,Insecta,Lepidoptera,Pterophoridae,Pterophorus,,,1.0,,,,,,
Rallus aquaticus,166431056,Least Concern,Unknown,Animalia,Chordata,Aves,Gruiformes,Rallidae,Rallus,,,,,,,,1.0,2.0
Chrysolina americana,Not Found,Unknown,Unknown,Animalia,Arthropoda,Insecta,Coleoptera,Chrysomelidae,Chrysolina,,,3.0,1.0,,,,,
Orthosia gothica,Not Found,Unknown,Unknown,Animalia,Arthropoda,Insecta,Lepidoptera,Noctuidae,Orthosia,,7.0,14.0,,,,,,
Larus fuscus,166275319,Least Concern,Increasing,Animalia,Chordata,Aves,Charadriiformes,Laridae,Larus,6.0,4.0,1.0,1.0,2.0,,9.0,5.0,4.0
Phlogophora meticulosa,Not Found,Unknown,Unknown,Animalia,Arthropoda,Insecta,Lepidoptera,Noctuidae,Phlogophora,,1.0,,,,,,,
Primula vulgaris,Not Found,Unknown,Unknown,Plantae,Tracheophyta,Magnoliopsida,Ericales,Primulaceae,Primula,,1.0,,,,,,,
Protapion dissimile,Not Found,Unknown,Unknown,Animalia,Arthropoda,Insecta,Coleoptera,Apionidae,Protapion,,1.0,,,,,,,
Calliergonella cuspidata,87836375,Least Concern,Stable,Plantae,Bryophyta,Bryopsida,Hypnales,Pylaisiaceae,Calliergonella,,,1.0,,,,,,
Mareca penelope,166199138,Least Concern,Decreasing,Animalia,Chordata,Aves,Anseriformes,Anatidae,Mareca,,,,,,,,,2.0
Orchesella cincta,Not Found,Unknown,Unknown,Animalia,Arthropoda,Collembola,Entomobryomorpha,Orchesellidae,Orchesella,,,,,,,,,1.0
Chroicocephalus ridibundus,Not Found,Unknown,Unknown,Animalia,Chordata,Aves,Charadriiformes,Laridae,Chroicocephalus,17.0,6.0,1.0,3.0,7.0,11.0,10.0,13.0,7.0
Accipiter nisus,210499136,Least Concern,Unknown,Animalia,Chordata,Aves,Accipitriformes,Accipitridae,Accipiter,,,3.0,1.0,,,1.0,1.0,
Agonum fuliginosum,Not Found,Unknown,Unknown,Animalia,Arthropoda,Insecta,Coleoptera,Carabidae,Agonum,,1.0,,,,,,,
Lunularia cruciata,87714722,Least Concern,Stable,Plantae,Marchantiophyta,Marchantiopsida,Lunulariales,Lunulariaceae,Lunularia,,,1.0,,,,,,
Ramalina farinacea,Not Found,Unknown,Unknown,Fungi,Ascomycota,Lecanoromycetes,Lecanorales,Ramalinaceae,Ramalina,,,,,,,,1.0,
Anas platyrhynchos,166199836,Least Concern,Decreasing,Animalia,Chordata,Aves,Anseriformes,Anatidae,Anas,3.0,1.0,3.0,21.0,16.0,20.0,9.0,4.0,5.0
Aythya marila,166206177,Least Concern,Decreasing,Animalia,Chordata,Aves,Anseriformes,Anatidae,Aythya,2.0,,,,,,,,
Scoliopteryx libatrix,Not Found,Unknown,Unknown,Animalia,Arthropoda,Insecta,Lepidoptera,Erebidae,Scoliopteryx,,,,,2.0,,,,
Sitta europaea,199569378,Least Concern,Stable,Animalia,Chordata,Aves,Passeriformes,Sittidae,Sitta,,1.0,,,10.0,13.0,,1.0,1.0
Pluvialis squatarola,254375039,Vulnerable,Decreasing,Animalia,Chordata,Aves,Charadriiformes,Charadriidae,Pluvialis,1.0,,2.0,,,,3.0,1.0,
Turdus torquatus,166343915,Least Concern,Stable,Animalia,Chordata,Aves,Passeriformes,Turdidae,Turdus,,,1.0,,,,,,
Turdus merula,264548442,Least Concern,Increasing,Animalia,Chordata,Aves,Passeriformes,Turdidae,Turdus,1.0,2.0,2.0,21.0,20.0,17.0,9.0,5.0,9.0
Turdus viscivorus,264544715,Least Concern,Stable,Animalia,Chordata,Aves,Passeriformes,Turdidae,Turdus,,,,1.0,1.0,1.0,2.0,2.0,2.0
Erithacus rubecula,166350059,Least Concern,Stable,Animalia,Chordata,Aves,Passeriformes,Muscicapidae,Erithacus,1.0,1.0,2.0,20.0,16.0,19.0,8.0,5.0,7.0
Phylloscopus collybita,264567918,Least Concern,Stable,Animalia,Chordata,Aves,Passeriformes,Phylloscopidae,Phylloscopus,1.0,1.0,3.0,,1.0,,,1.0,
Streptopelia decaocto,166435449,Least Concern,Stable,Animalia,Chordata,Aves,Columbiformes,Columbidae,Streptopelia,,,1.0,3.0,2.0,,4.0,2.0,4.0
Exapion ulicis,Not Found,Unknown,Unknown,Animalia,Arthropoda,Insecta,Coleoptera,Brentidae,Exapion,,1.0,,,,,,,
Leucophaeus atricilla,Not Found,Unknown,Unknown,Animalia,Chordata,Aves,Charadriiformes,Laridae,Leucophaeus,18.0,,,,,,,,
Riparia riparia,199568748,Least Concern,Decreasing,Animalia,Chordata,Aves,Passeriformes,Hirundinidae,Riparia,,,1.0,,,,,,
Buteo buteo,210507000,Least Concern,Stable,Animalia,Chordata,Aves,Accipitriformes,Accipitridae,Buteo,,1.0,2.0,1.0,3.0,6.0,6.0,2.0,2.0
Mergus merganser,166211915,Least Concern,Increasing,Animalia,Chordata,Aves,Anseriformes,Anatidae,Mergus,,,,,1.0,,1.0,1.0,1.0
Buddleja davidii,Not Found,Unknown,Unknown,Plantae,Tracheophyta,Magnoliopsida,Lamiales,Scrophulariaceae,Buddleja,,,1.0,,,,,,2.0
Pica pica,264575751,Least Concern,Stable,Animalia,Chordata,Aves,Passeriformes,Corvidae,Pica,4.0,2.0,2.0,11.0,12.0,7.0,10.0,8.0,8.0
Calidris alba,154671400,Least Concern,Decreasing,Animalia,Chordata,Aves,Charadriiformes,Scolopacidae,Calidris,9.0,4.0,,,1.0,,8.0,7.0,1.0
Lilioceris lilii,Not Found,Unknown,Unknown,Animalia,Arthropoda,Insecta,Coleoptera,Chrysomelidae,Lilioceris,,1.0,3.0,,,,,,
Lamium purpureum,Not Found,Unknown,Unknown,Plantae,Tracheophyta,Magnoliopsida,Lamiales,Lamiaceae,Lamium,,,3.0,,,,,,
Malva sylvestris,2764355,Least Concern,Stable,Plantae,Tracheophyta,Magnoliopsida,Malvales,Malvaceae,Malva,,,1.0,,,,,,1.0
Passer montanus,166399056,Least Concern,Decreasing,Animalia,Chordata,Aves,Passeriformes,Passeridae,Passer,,1.0,,,,,,,
Autographa gamma,Not Found,Unknown,Unknown,Animalia,Arthropoda,Insecta,Lepidoptera,Noctuidae,Autographa,,,2.0,,,,,,
Troglodytes troglodytes,199569861,Least Concern,Increasing,Animalia,Chordata,Aves,Passeriformes,Troglodytidae,Troglodytes,,,1.0,2.0,2.0,1.0,4.0,2.0,2.0
Selenia dentaria,Not Found,Unknown,Unknown,Animalia,Arthropoda,Insecta,Lepidoptera,Geometridae,Selenia,,,1.0,,,,,,
Mustela erminea,45203335,Least Concern,Stable,Animalia,Chordata,Mammalia,Carnivora,Mustelidae,Mustela,,,1.0,,,,,,
Delichon urbicum,264561964,Least Concern,Stable,Animalia,Chordata,Aves,Passeriformes,Hirundinidae,Delichon,,,1.0,,,,,,
Ardea cinerea,166317370,Least Concern,Decreasing,Animalia,Chordata,Aves,Pelecaniformes,Ardeidae,Ardea,,,,,1.0,,,1.0,3.0
Aythya ferina,205288455,Vulnerable,Decreasing,Animalia,Chordata,Aves,Anseriformes,Anatidae,Aythya,,,,,1.0,,,,
Biston betularia,Not Found,Unknown,Unknown,Animalia,Arthropoda,Insecta,Lepidoptera,Geometridae,Biston,,,2.0,,,,,,
Cirsium vulgare,Not Found,Unknown,Unknown,Plantae,Tracheophyta,Magnoliopsida,Asterales,Asteraceae,Cirsium,,,1.0,,,,,,
Carduelis carduelis,199579742,Least Concern,Increasing,Animalia,Chordata,Aves,Passeriformes,Fringillidae,Carduelis,,,2.0,3.0,5.0,2.0,7.0,3.0,6.0
Anthus pratensis,154480081,Least Concern,Decreasing,Animalia,Chordata,Aves,Passeriformes,Motacillidae,Anthus,,4.0,1.0,1.0,1.0,1.0,2.0,2.0,2.0
Numenius phaeopus,138413707,Least Concern,Decreasing,Animalia,Chordata,Aves,Charadriiformes,Scolopacidae,Numenius,,,1.0,,,,,,
Alsophila aescularia,Not Found,Unknown,Unknown,Animalia,Arthropoda,Insecta,Lepidoptera,Geometridae,Alsophila,,2.0,,,,,,,
Sonchus asper,Not Found,Unknown,Unknown,Plantae,Tracheophyta,Magnoliopsida,Asterales,Asteraceae,Sonchus,,,1.0,,,,,,
Motacilla cinerea,221313612,Least Concern,Stable,Animalia,Chordata,Aves,Passeriformes,Motacillidae,Motacilla,,,,,1.0,,,2.0,1.0
Vanellus vanellus,166266204,Vulnerable,Decreasing,Animalia,Chordata,Aves,Charadriiformes,Charadriidae,Vanellus,1.0,1.0,,,,,1.0,2.0,3.0
Corvus corone,264543876,Least Concern,Stable,Animalia,Chordata,Aves,Passeriformes,Corvidae,Corvus,8.0,4.0,2.0,11.0,8.0,12.0,13.0,12.0,7.0
Talpa europaea,221752008,Least Concern,Unknown,Animalia,Chordata,Mammalia,Soricomorpha,Talpidae,Talpa,6.0,19.0,,,,,,,
Plectrophenax nivalis,166427658,Least Concern,Unknown,Animalia,Chordata,Aves,Passeriformes,Calcariidae,Plectrophenax,7.0,,,,,,2.0,7.0,4.0
Buccinum undatum,Not Found,Unknown,Unknown,Animalia,Mollusca,Gastropoda,Neogastropoda,Buccinidae,Buccinum,20.0,,,,,,,1.0,4.0
Heracleum sphondylium,Not Found,Unknown,Unknown,Plantae,Tracheophyta,Magnoliopsida,Apiales,Apiaceae,Heracleum,,,1.0,,,,,,
Prunus laurocerasus,64116707,Least Concern,Stable,Plantae,Tracheophyta,Magnoliopsida,Rosales,Rosaceae,Prunus,,2.0,,,,,,,
Branta canadensis,166195258,Least Concern,Increasing,Animalia,Chordata,Aves,Anseriformes,Anatidae,Branta,,1.0,2.0,,2.0,,,2.0,2.0
Papaver somniferum,2764773,Least Concern,Stable,Plantae,Tracheophyta,Magnoliopsida,Ranunculales,Papaveraceae,Papaver,,,1.0,,,,,,
Reseda luteola,Not Found,Unknown,Unknown,Plantae,Tracheophyta,Magnoliopsida,Brassicales,Resedaceae,Reseda,,,1.0,,,,,,
Gallinula chloropus,166459135,Least Concern,Decreasing,Animalia,Chordata,Aves,Gruiformes,Rallidae,Gallinula,1.0,1.0,1.0,9.0,2.0,1.0,4.0,5.0,3.0
Egretta garzetta,166459851,Least Concern,Decreasing,Animalia,Chordata,Aves,Pelecaniformes,Ardeidae,Egretta,,2.0,2.0,1.0,,,2.0,3.0,3.0
Thera obeliscata,Not Found,Unknown,Unknown,Animalia,Arthropoda,Insecta,Lepidoptera,Geometridae,Thera,,,1.0,,,,,,
Phylloscopus trochilus,264584438,Least Concern,Decreasing,Animalia,Chordata,Aves,Passeriformes,Phylloscopidae,Phylloscopus,,,1.0,,,,,,
Pterostoma palpina,Not Found,Unknown,Unknown,Animalia,Arthropoda,Insecta,Lepidoptera,Notodontidae,Pterostoma,,,1.0,,,,,,
Dioscorea communis,2758501,Least Concern,Stable,Plantae,Tracheophyta,Liliopsida,Dioscoreales,Dioscoreaceae,Dioscorea,,,,,,,1.0,,
Gavia stellata,166326588,Least Concern,Unknown,Animalia,Chordata,Aves,Gaviiformes,Gaviidae,Gavia,,,,,,,,1.0,
Stellaria apetala,Not Found,Unknown,Unknown,Plantae,Tracheophyta,Magnoliopsida,Caryophyllales,Caryophyllaceae,Stellaria,,,1.0,,,,,,
Linaria cannabina,166415057,Least Concern,Increasing,Animalia,Chordata,Aves,Passeriformes,Fringillidae,Linaria,2.0,1.0,2.0,,,,3.0,2.0,2.0
Falco peregrinus,210513652,Least Concern,Unknown,Animalia,Chordata,Aves,Falconiformes,Falconidae,Falco,2.0,1.0,1.0,,2.0,,,,1.0
Philorhizus notatus,Not Found,Unknown,Unknown,Animalia,Arthropoda,Insecta,Coleoptera,Carabidae,Philorhizus,,1.0,,,,,,,
Corticaria impressa,Not Found,Unknown,Unknown,Animalia,Arthropoda,Insecta,Coleoptera,Latridiidae,Corticaria,,1.0,,,,,,,
Mytilus edulis,Not Found,Unknown,Unknown,Animalia,Mollusca,Bivalvia,Mytilida,Mytilidae,Mytilus,4.0,,,,,,,,1.0
Umbilicus rupestris,Not Found,Unknown,Unknown,Plantae,Tracheophyta,Magnoliopsida,Saxifragales,Crassulaceae,Umbilicus,,,,,,,,,1.0
Echinocardium cordatum,Not Found,Unknown,Unknown,Animalia,Echinodermata,Echinoidea,Spatangoida,Loveniidae,Echinocardium,16.0,,,,,,,,
Cerastoderma edule,Not Found,Unknown,Unknown,Animalia,Mollusca,Bivalvia,Cardiida,Cardiidae,Cerastoderma,6.0,,,,,,,,2.0
Rissa tridactyla,166280839,Vulnerable,Decreasing,Animalia,Chordata,Aves,Charadriiformes,Laridae,Rissa,,1.0,,,,,,,2.0
Vinca major,Not Found,Unknown,Unknown,Plantae,Tracheophyta,Magnoliopsida,Gentianales,Apocynaceae,Vinca,,,,,,,,1.0,
Veronica persica,Not Found,Unknown,Unknown,Plantae,Tracheophyta,Magnoliopsida,Lamiales,Plantaginaceae,Veronica,,,1.0,,,,,,
Sagina procumbens,Not Found,Unknown,Unknown,Plantae,Tracheophyta,Magnoliopsida,Caryophyllales,Caryophyllaceae,Sagina,,,1.0,,,,,,
Syntrichia ruralis,87772829,Least Concern,Stable,Plantae,Bryophyta,Bryopsida,Pottiales,Pottiaceae,Syntrichia,,,1.0,,,,,,
Mactra stultorum,Not Found,Unknown,Unknown,Animalia,Mollusca,Bivalvia,Venerida,Mactridae,Mactra,,,,,,,,,3.0
Haematopus ostralegus,200211681,Vulnerable,Decreasing,Animalia,Chordata,Aves,Charadriiformes,Haematopodidae,Haematopus,8.0,6.0,1.0,4.0,4.0,4.0,10.0,10.0,5.0
Noctua pronuba,Not Found,Unknown,Unknown,Animalia,Arthropoda,Insecta,Lepidoptera,Noctuidae,Noctua,,,,,,,1.0,,
Stellaria media,2758351,Least Concern,Stable,Plantae,Tracheophyta,Magnoliopsida,Caryophyllales,Caryophyllaceae,Stellaria,,,1.0,,,,,,5.0
Cerastium glomeratum,Not Found,Unknown,Unknown,Plantae,Tracheophyta,Magnoliopsida,Caryophyllales,Caryophyllaceae,Cerastium,,,1.0,,,,,,
Phalacrocorax carbo,166315940,Least Concern,Increasing,Animalia,Chordata,Aves,Suliformes,Phalacrocoracidae,Phalacrocorax,12.0,4.0,2.0,1.0,4.0,4.0,6.0,7.0,3.0
Ensis siliqua,Not Found,Unknown,Unknown,Animalia,Mollusca,Bivalvia,Adapedonta,Pharidae,Ensis,,,,,,,,,2.0
Bombus terrestris,57372577,Least Concern,Increasing,Animalia,Arthropoda,Insecta,Hymenoptera,Apidae,Bombus,,1.0,1.0,,,,,,
Helminthotheca echioides,Not Found,Unknown,Unknown,Plantae,Tracheophyta,Magnoliopsida,Asterales,Asteraceae,Helminthotheca,,,1.0,,,,,,
Marchantia polymorpha,87781155,Least Concern,Stable,Plantae,Marchantiophyta,Marchantiopsida,Marchantiales,Marchantiaceae,Marchantia,,,1.0,,,,,,
Plectrocnemia conspersa,Not Found,Unknown,Unknown,Animalia,Arthropoda,Insecta,Trichoptera,Polycentropodidae,Plectrocnemia,,,,1.0,,,,,
Notodonta dromedarius,Not Found,Unknown,Unknown,Animalia,Arthropoda,Insecta,Lepidoptera,Notodontidae,Notodonta,,,1.0,,,,,,
Locustella naevia,264538523,Least Concern,Decreasing,Animalia,Chordata,Aves,Passeriformes,Locustellidae,Locustella,,,1.0,,,,,,
Anthocharis cardamines,53707517,Least Concern,Stable,Animalia,Arthropoda,Insecta,Lepidoptera,Pieridae,Anthocharis,,,1.0,,,,,,
Apamea crenata,Not Found,Unknown,Unknown,Animalia,Arthropoda,Insecta,Lepidoptera,Noctuidae,Apamea,,,1.0,,,,,,
Passer domesticus,199147773,Least Concern,Decreasing,Animalia,Chordata,Aves,Passeriformes,Passeridae,Passer,2.0,,3.0,16.0,12.0,18.0,3.0,4.0,5.0
Spatula clypeata,166200605,Least Concern,Decreasing,Animalia,Chordata,Aves,Anseriformes,Anatidae,Spatula,,,,,1.0,1.0,1.0,1.0,2.0
Ochropleura plecta,Not Found,Unknown,Unknown,Animalia,Arthropoda,Insecta,Lepidoptera,Noctuidae,Ochropleura,,,2.0,,,,,,
Draba verna,Not Found,Unknown,Unknown,Plantae,Tracheophyta,Magnoliopsida,Brassicales,Brassicaceae,Draba,,,1.0,,,,,,
Xanthorhoe fluctuata,Not Found,Unknown,Unknown,Animalia,Arthropoda,Insecta,Lepidoptera,Geometridae,Xanthorhoe,,,3.0,,,,,,
Polygonia c-album,53719853,Least Concern,Stable,Animalia,Arthropoda,Insecta,Lepidoptera,Nymphalidae,Polygonia,,1.0,1.0,,,,,,
Poa annua,1217340,Least Concern,Increasing,Plantae,Tracheophyta,Liliopsida,Poales,Poaceae,Poa,,,1.0,,,,,,
Chloroclysta siterata,Not Found,Unknown,Unknown,Animalia,Arthropoda,Insecta,Lepidoptera,Geometridae,Chloroclysta,,,1.0,,,,,,
Festuca rubra,7266236,Least Concern,Stable,Plantae,Tracheophyta,Liliopsida,Poales,Poaceae,Festuca,,,1.0,,,,,,
Corvus frugilegus,166339000,Vulnerable,Decreasing,Animalia,Chordata,Aves,Passeriformes,Corvidae,Corvus,,,,,1.0,1.0,,,
Pharus legumen,Not Found,Unknown,Unknown,Animalia,Mollusca,Bivalvia,Adapedonta,Pharidae,Pharus,4.0,,,,,,,,
Vanessa atalanta,172421220,Least Concern,Unknown,Animalia,Arthropoda,Insecta,Lepidoptera,Nymphalidae,Vanessa,,,2.0,,,,,,
Melanitta nigra,166428834,Least Concern,Unknown,Animalia,Chordata,Aves,Anseriformes,Anatidae,Melanitta,1.0,,,,1.0,,2.0,3.0,
Xanthoria parietina,Not Found,Unknown,Unknown,Fungi,Ascomycota,Lecanoromycetes,Teloschistales,Teloschistaceae,Xanthoria,,,,,,,,1.0,
Phalacrocorax aristotelis,Not Found,Unknown,Unknown,Animalia,Chordata,Aves,Suliformes,Phalacrocoracidae,Phalacrocorax,,1.0,,,,,,,
Anticlea derivata,Not Found,Unknown,Unknown,Animalia,Arthropoda,Insecta,Lepidoptera,Geometridae,Anticlea,,,1.0,,,,,,
Acrocephalus schoenobaenus,166375661,Least Concern,Unknown,Animalia,Chordata,Aves,Passeriformes,Acrocephalidae,Acrocephalus,,,1.0,,,,,,
Acrocephalus scirpaceus,264583071,Least Concern,Stable,Animalia,Chordata,Aves,Passeriformes,Acrocephalidae,Acrocephalus,,,2.0,,,,,,
Vinealobryum insulanum,Not Found,Unknown,Unknown,Plantae,Bryophyta,Bryopsida,Pottiales,Pottiaceae,Vinealobryum,,,1.0,,,,,,
Anas crecca,200197945,Least Concern,Increasing,Animalia,Chordata,Aves,Anseriformes,Anatidae,Anas,,,,,,,,1.0,3.0
Limnephilus lunatus,Not Found,Unknown,Unknown,Animalia,Arthropoda,Insecta,Trichoptera,Limnephilidae,Limnephilus,,1.0,,,,,,,
Harmonia axyridis,Not Found,Unknown,Unknown,Animalia,Arthropoda,Insecta,Coleoptera,Coccinellidae,Harmonia,,,4.0,,,,,,
Aix galericulata,131911544,Least Concern,Decreasing,Animalia,Chordata,Aves,Anseriformes,Anatidae,Aix,,2.0,,,3.0,16.0,1.0,3.0,
Euphorbia peplus,Not Found,Unknown,Unknown,Plantae,Tracheophyta,Magnoliopsida,Malpighiales,Euphorbiaceae,Euphorbia,,,1.0,,,,,,
Biston strataria,Not Found,Unknown,Unknown,Animalia,Arthropoda,Insecta,Lepidoptera,Geometridae,Biston,,1.0,2.0,,,,,,
Podiceps cristatus,166312625,Least Concern,Stable,Animalia,Chordata,Aves,Podicipediformes,Podicipedidae,Podiceps,3.0,,2.0,,1.0,,2.0,,
Sturnus vulgaris,166360937,Least Concern,Stable,Animalia,Chordata,Aves,Passeriformes,Sturnidae,Sturnus,8.0,1.0,2.0,2.0,5.0,8.0,9.0,11.0,4.0
Dicheirotrichus placidus,Not Found,Unknown,Unknown,Animalia,Arthropoda,Insecta,Coleoptera,Carabidae,Dicheirotrichus,,1.0,,,,,,,
Pterostichus minor,Not Found,Unknown,Unknown,Animalia,Arthropoda,Insecta,Coleoptera,Carabidae,Pterostichus,,1.0,,,,,,,
Dendrocopos major,166214479,Least Concern,Decreasing,Animalia,Chordata,Aves,Piciformes,Picidae,Dendrocopos,,,,9.0,8.0,3.0,2.0,3.0,2.0
Cirsium arvense,Not Found,Unknown,Unknown,Plantae,Tracheophyta,Magnoliopsida,Asterales,Asteraceae,Cirsium,,,1.0,,,,,,
Calidris canutus,154080160,Near Threatened,Decreasing,Animalia,Chordata,Aves,Charadriiformes,Scolopacidae,Calidris,4.0,3.0,5.0,2.0,,2.0,4.0,3.0,
Regulus regulus,166445158,Least Concern,Decreasing,Animalia,Chordata,Aves,Passeriformes,Regulidae,Regulus,,,,1.0,1.0,1.0,,1.0,3.0
Plantago coronopus,Not Found,Unknown,Unknown,Plantae,Tracheophyta,Magnoliopsida,Lamiales,Plantaginaceae,Plantago,,,,,,,,,1.0
Rumex obtusifolius,Not Found,Unknown,Unknown,Plantae,Tracheophyta,Magnoliopsida,Caryophyllales,Polygonaceae,Rumex,,,1.0,,,,,,
Erinaceus europaeus,213411773,Near Threatened,Decreasing,Animalia,Chordata,Mammalia,Erinaceomorpha,Erinaceidae,Erinaceus,,2.0,,1.0,,1.0,,,1.0
Tortula muralis,87757663,Least Concern,Stable,Plantae,Bryophyta,Bryopsida,Pottiales,Pottiaceae,Tortula,,,,,,,,,2.0
Branta bernicla,166196200,Least Concern,Stable,Animalia,Chordata,Aves,Anseriformes,Anatidae,Branta,,,,,,,1.0,1.0,3.0
Actitis hypoleucos,166252539,Least Concern,Decreasing,Animalia,Chordata,Aves,Charadriiformes,Scolopacidae,Actitis,,,2.0,,1.0,,,,
Endomychus coccineus,Not Found,Unknown,Unknown,Animalia,Arthropoda,Insecta,Coleoptera,Endomychidae,Endomychus,,,,1.0,,,,,
Beta vulgaris,6690027,Least Concern,Unknown,Plantae,Tracheophyta,Magnoliopsida,Caryophyllales,Amaranthaceae,Beta,,,,,,,,,2.0
